Id,SMILES,source,TA98,TA100,TA102,TA1535,TA1537,Overall,Partition
1,c1ccc2c(c1)cc1ccc3cccc4ccc2c1c34,isssty,1,1,-1,-1,1,1,Train
2,CC1(C)COC1=O,isssty,0,1,-1,0,0,1,External
3,CN(C)c1ccc(Cc2ccc(N(C)C)cc2)cc1,isssty,0,0,-1,0,0,-1,Train
4,CCN(N=O)c1ccccc1,isssty,0,0,-1,0,0,-1,External
5,CN(C)c1ccc(C(=O)c2ccc(N(C)C)cc2)cc1,isssty,0,0,-1,0,0,-1,External
6,CN(C)N=O,isssty,0,1,-1,1,-1,1,External
7,C1O[C@@H]1[C@H]1CO1,isssty,0,-1,-1,1,0,1,Train
8,Nc1ccc(-c2ccc(N)cc2)cc1,isssty,1,0,1,-1,-1,1,External
9,CCCCC(CC)COC(=O)c1ccccc1C(=O)OCC(CC)CCCC,isssty,0,0,0,0,0,0,Train
10,Nc1ccc(-c2ccccc2)cc1,isssty,1,1,1,0,1,1,Train
11,COc1ccc([NH3+])c(OC)c1,isssty,0,0,-1,0,0,-1,Train
12,Nc1ccc2cc3ccc([NH3+])cc3nc2c1,isssty,1,1,-1,0,1,1,External
13,Nc1ccc2cc3ccccc3cc2c1,isssty,1,1,-1,1,1,1,Train
14,COC(=O)Nc1nc2ccccc2[nH]1,isssty,-1,0,0,0,-1,-1,Train
15,CCN(CC)N=O,isssty,1,1,0,1,-1,1,Train
16,CCOP(=S)(OCC)Oc1ccc2c(C)c(Cl)c(=O)oc2c1,isssty,0,0,-1,0,0,-1,Internal
17,O=[N+]([O-])c1ccc2ccc3cccc4ccc1c2c34,isssty,1,1,0,0,1,1,External
18,CC(=O)Nc1ccc2c(c1)Cc1ccccc1-2,isssty,1,-1,-1,0,-1,1,Train
19,O=C([O-])c1ccccn1.O=C([O-])c1ccccn1.O=C([O-])c1ccccn1.[Cr+3],isssty,0,0,0,0,0,0,Train
20,Nc1ccc(Cl)c(N)c1,isssty,1,1,-1,0,1,1,Train
21,C[C@H]1Cc2c(Cl)cc(C(=O)N[C@@H](Cc3ccccc3)C(=O)O)c(O)c2C(=O)O1,isssty,0,0,0,0,0,0,Train
22,O=[N+]([O-])c1ccc2nc[nH]c2c1,isssty,0,1,-1,-1,0,1,External
23,c1ccccc1,isssty,0,0,0,0,0,0,Train
24,Nc1ccc2c(c1)Cc1ccccc1-2,isssty,1,1,-1,0,1,1,Train
25,c1ccc2cc3ccccc3cc2c1,isssty,0,0,-1,0,0,-1,Internal
26,O=C1c2ccccc2C(=O)c2ccccc21,isssty,0,0,0,0,0,0,Train
27,Nc1ccc([N+](=O)[O-])cc1,isssty,1,0,-1,0,0,1,Train
28,Cc1ccccc1N,isssty,0,0,0,0,0,0,External
29,Nc1ncc([N+](=O)[O-])s1,isssty,0,0,-1,0,0,-1,Train
30,C=CC#N,isssty,0,-1,0,1,0,1,Train
31,COc1cc(CNC(=O)CCCC/C=C/C(C)C)ccc1O,isssty,0,0,-1,0,0,-1,Train
32,CCNc1nc(Cl)nc(NC(C)C)n1,isssty,0,0,0,0,0,0,Train
33,CC(=O)c1ccc(S(=O)(=O)NC(=O)NC2CCCCC2)cc1,isssty,0,0,-1,0,0,-1,Train
34,COc1c(Cl)c(Cl)c([N+](=O)[O-])c(Cl)c1Cl,isssty,0,0,-1,0,0,-1,Train
35,O=NN1CCCCC1,isssty,-1,1,-1,1,0,1,External
36,Nc1cccc(N)c1,isssty,1,1,-1,-1,1,1,Train
37,C=C(C)C(=O)OC,isssty,0,0,0,0,0,0,Train
38,Nc1ccccc1,isssty,0,0,0,0,0,0,Train
39,C=O,isssty,1,1,1,0,-1,1,External
40,ClCc1ccccc1,isssty,0,-1,-1,0,0,-1,Train
41,N#CC(C#N)=Cc1ccccc1Cl,isssty,0,0,0,0,0,0,Train
42,O=[N+]([O-])c1ccc2c(c1)Cc1ccccc1-2,isssty,1,1,1,0,1,1,Train
43,CC(=O)Nc1ccc(O)cc1,isssty,0,0,0,0,0,0,Train
44,O=N[O-],isssty,0,1,0,1,-1,1,Train
45,CCCCNC(=O)n1c(NC(=O)OC)nc2ccccc21,isssty,0,0,-1,0,0,-1,Train
46,COc1cc2c(c3oc(=O)c4c(c13)CCC4=O)C1C=COC1O2,isssty,1,1,-1,-1,-1,1,Train
47,Nc1ccccc1N,isssty,1,1,-1,0,1,1,Train
48,O=c1c(O)c(-c2ccc(O)c(O)c2)oc2cc(O)cc(O)c12,isssty,1,1,1,0,1,1,Train
49,C=Cc1ccccc1C=C,isssty,0,0,-1,0,0,-1,Train
50,O=[N+]([O-])C([N+](=O)[O-])([N+](=O)[O-])[N+](=O)[O-],isssty,1,1,1,1,0,1,Internal
51,O=CCCCC=O,isssty,0,1,1,0,0,1,Train
52,CC/C(=C(/CC)c1ccc(O)cc1)c1ccc(O)cc1,isssty,0,0,0,0,0,0,Train
53,BrC(Br)Br,isssty,0,0,-1,0,0,-1,Train
54,O=C(O)c1ccc(C(=O)O)cc1,isssty,0,0,0,0,0,0,External
55,CS(C)=O,isssty,0,0,0,0,0,0,Train
56,C=CCc1ccc2c(c1)OCO2,isssty,0,0,0,0,0,0,External
57,OO,isssty,0,-1,1,0,1,1,Train
58,Cc1ccc(N)cc1N,isssty,1,1,-1,0,-1,1,Train
59,O=Cc1ccccc1,isssty,0,0,0,0,0,0,Train
60,Nc1cc2c3ccccc3ccc2c2ccccc12,isssty,1,1,-1,0,-1,1,Train
61,O=NN1CCCC1,isssty,0,-1,1,1,-1,1,External
62,CC(=O)Oc1ccccc1C(=O)O,isssty,0,0,-1,0,0,-1,Train
63,COC(=O)c1ccc(C(=O)OC)cc1,isssty,0,0,0,0,0,0,Train
64,Nc1ccc(N)c([N+](=O)[O-])c1,isssty,1,1,-1,1,1,1,Train
65,[N-]=[N+]=[N-],isssty,0,1,-1,1,0,1,External
66,O=P1(N(CCCl)CCCl)NCCCO1,isssty,0,1,-1,1,0,1,Train
67,O=[N+]([O-])c1cc[n+]([O-])c2ccccc12,isssty,1,1,1,1,1,1,Train
68,O=Cc1ccco1,isssty,0,0,0,0,0,0,Train
69,ClC(Cl)(Cl)Cl,isssty,1,0,-1,0,0,1,Train
70,ClCCl,isssty,1,1,0,1,0,1,Train
71,CC(C)CON=O,isssty,0,1,-1,1,0,1,Internal
72,CC(=O)Nc1ccc(C(=O)CCl)cc1,isssty,1,0,-1,0,-1,1,Train
73,Cn1c(N)nc2c3cccnc3ccc21,isssty,1,1,-1,-1,-1,1,Train
74,O=C(O)COc1ccc(Cl)cc1Cl,isssty,0,0,0,0,0,0,Train
75,CN(C)P(=O)(N(C)C)N(C)C,isssty,0,0,0,0,0,0,External
76,O=C1C2CC=CCC2C(=O)N1SC(Cl)(Cl)Cl,isssty,1,1,1,1,1,1,Train
77,N#CC(Br)Br,isssty,0,0,-1,-1,0,-1,Train
78,Nc1ccc(N)cc1,isssty,1,0,0,0,0,1,Train
79,c1ccc2ccccc2c1,isssty,0,0,-1,0,0,-1,Train
80,CCC(C)=O,isssty,0,0,0,0,0,0,Train
81,O=[N+]([O-])c1ccc(O)c([N+](=O)[O-])c1,isssty,0,0,0,0,0,0,Internal
82,C1N2CN3CN1CN(C2)C3,isssty,0,0,-1,0,0,-1,Train
83,Oc1ccccc1O,isssty,0,0,0,0,0,0,Internal
84,CCCCOC(C)=O,isssty,0,0,0,0,0,0,Train
85,Cc1cc(O)c2c(c1)C(=O)c1cc(O)cc(O)c1C2=O,isssty,0,-1,1,0,1,1,Train
86,CN(CCCC(=O)c1cccnc1)N=O,isssty,-1,-1,-1,1,-1,1,Train
87,COc1cccc2c1cc([N+](=O)[O-])c1c(C(=O)O)cc3c(c12)OCO3,isssty,1,1,1,-1,1,1,Train
88,C1COCCO1,isssty,0,0,-1,0,0,-1,Train
89,Cc1cc(-c2ccc(/N=N/c3cc(S(=O)(=O)[O-])c4ccccc4c3N)c(C)c2)ccc1/N=N/c1cc(S(=O)(=O)[O-])c2ccccc2c1N,isssty,0,0,-1,0,0,-1,Train
90,O=C1CCC(=O)O1,isssty,0,0,-1,0,0,-1,Train
91,ClC(Cl)Br,isssty,0,0,-1,0,-1,-1,Train
92,CC=O,isssty,0,0,0,0,0,0,Train
93,O=C1NC(=O)C(c2ccccc2)(c2ccccc2)N1,isssty,0,0,-1,0,0,-1,Train
94,[NH2][Pt]([NH2])([Cl])[Cl],isssty,1,1,1,-1,-1,1,Internal
95,O=C(Cl)c1ccc([N+](=O)[O-])cc1,isssty,1,1,-1,1,0,1,External
96,ClCC1CO1,isssty,0,1,-1,1,0,1,Train
97,Oc1ccccc1,isssty,0,0,0,0,0,0,Train
98,CC(C)C=O,isssty,0,0,0,0,0,0,Train
99,BrCCBr,isssty,1,1,0,1,-1,1,External
100,O=C1NCCN1c1ncc([N+](=O)[O-])s1,isssty,1,1,1,0,0,1,Train
101,O=C(O)CCCCC(=O)O,isssty,0,0,-1,0,0,-1,Train
102,C=Cc1ccccc1,isssty,0,0,-1,0,0,-1,Train
103,CC1(C)C(C=C(Cl)Cl)C1C(=O)OC(C#N)c1cccc(Oc2ccccc2)c1,isssty,0,0,-1,0,0,-1,Train
104,C=CCc1ccc(O)c(OC)c1,isssty,0,0,-1,0,0,-1,Train
105,COc1ccccc1[N+](=O)[O-],isssty,0,1,-1,0,0,1,Train
106,CN(C)CCN(Cc1cccs1)c1ccccn1,isssty,0,0,-1,1,0,1,Train
107,CN(C)c1ccccc1,isssty,0,0,0,0,0,0,Train
108,Nc1ccc([N+](=O)[O-])cc1N,isssty,1,1,-1,-1,-1,1,Train
109,Oc1c(Cl)cc(Cl)cc1Sc1cc(Cl)cc(Cl)c1O,isssty,0,0,0,0,0,0,Train
110,C=CC(=O)OCCOC(=O)C=C,isssty,0,0,-1,0,0,-1,Train
111,COC(C)(C)C,isssty,0,0,0,0,-1,-1,Train
112,Oc1cccc2cccnc12,isssty,1,1,-1,0,1,1,Train
113,Cc1c2ccccc2c(C)c2c1ccc1ccccc12,isssty,1,1,-1,0,1,1,Train
114,CCOc1ccc(NC(C)=O)cc1N,isssty,1,0,-1,0,1,1,Train
115,ClCCCl,isssty,0,0,-1,1,0,1,External
116,Nc1cc([N+](=O)[O-])ccc1O,isssty,1,0,-1,0,0,1,Train
117,CC(C)CO,isssty,0,0,-1,0,0,-1,Train
118,O=c1oc2cc([N+](=O)[O-])ccc2c2ccccc12,isssty,1,1,-1,1,1,1,External
119,O=CC=O,isssty,1,1,1,1,1,1,Internal
120,O=C(O)CN(CC(=O)O)CC(=O)O,isssty,0,0,0,0,0,0,Train
121,ClC=C(Cl)Cl,isssty,0,0,0,0,0,0,Train
122,Nc1ccc2c(c1)C(=O)c1ccccc1C2=O,isssty,1,1,-1,0,1,1,Train
123,CC1=CC(=O)c2ccccc2C1=O,isssty,0,0,0,0,0,0,Train
124,COP(=O)(OC)C(O)C(Cl)(Cl)Cl,isssty,0,0,-1,0,0,-1,Train
125,C=C[C@@H]1CN2CC[C@H]1C[C@@H]2[C@@H](O)c1ccnc2ccc(OC)cc12,isssty,0,0,-1,0,0,-1,Train
126,Cc1ncc([N+](=O)[O-])n1CCO,isssty,-1,1,1,1,0,1,External
127,CN=C=O,isssty,0,0,0,0,0,0,External
128,O=C(O)c1ccccc1C(=O)O,isssty,0,0,0,0,0,0,Train
129,Nc1ccccc1[N+](=O)[O-],isssty,0,0,0,0,0,0,External
130,Cc1ccc(OP(=O)(Oc2ccc(C)cc2)Oc2ccc(C)cc2)cc1,isssty,0,0,-1,0,0,-1,Train
131,C=CC=C,isssty,0,0,-1,1,0,1,Train
132,CN(C)[C@@H]1C(O)=C(C(N)=O)C(=O)[C@@]2(O)C(O)=C3C(=O)c4c(O)cccc4[C@@](C)(O)[C@H]3C[C@@H]12,isssty,0,0,-1,0,0,-1,Train
133,CCC1CO1,isssty,0,1,-1,1,0,1,Train
134,CN(N=O)/C(N)=N/[N+](=O)[O-],isssty,1,1,-1,1,1,1,External
135,Nc1c(Br)cc([N+](=O)[O-])cc1[N+](=O)[O-],isssty,1,1,-1,0,1,1,Train
136,CC(O)CCl,isssty,0,0,-1,1,0,1,Train
137,ClCC(Br)CBr,isssty,1,1,-1,1,0,1,Train
138,O=C(O)c1ccc(Cl)cc1,isssty,0,0,-1,0,0,-1,External
139,CC(C)(OOC(C)(C)c1ccccc1)c1ccccc1,isssty,0,0,0,0,0,0,Train
140,C=C(C)C(=O)OCCOC(=O)C(=C)C,isssty,0,0,-1,0,0,-1,Internal
141,C#C[C@]1(O)CC[C@H]2[C@@H]3CCc4cc(O)ccc4[C@H]3CC[C@@]21C,isssty,0,0,-1,0,0,-1,External
142,COc1cc(-c2ccc(N=C=O)c(OC)c2)ccc1N=C=O,isssty,1,0,-1,0,0,1,Train
143,O=[N+]([O-])c1ccc2ccc3ccc([N+](=O)[O-])c4ccc1c2c34,isssty,1,1,-1,-1,-1,1,Internal
144,C=CC(=O)O,isssty,0,0,-1,0,0,-1,External
145,Cc1cc(O)ccc1Cl,isssty,0,0,-1,0,0,-1,Internal
146,Cc1ccccc1[N+](=O)[O-],isssty,0,0,0,0,0,0,External
147,O=[N+]([O-])c1ccc(Oc2c(Cl)cc(Cl)cc2Cl)cc1,isssty,0,0,-1,-1,-1,-1,Train
148,C=CC(=O)OCCCCCCOC(=O)C=C,isssty,0,0,-1,0,0,-1,External
149,Nc1ccc(Oc2ccc(N)cc2)cc1,isssty,1,1,-1,0,0,1,External
150,Cc1ccc(N)cc1,isssty,0,0,0,0,0,0,Train
151,CC(O)CN,isssty,0,0,-1,0,0,-1,Train
152,CCCCCCCCCc1ccc(O)cc1,isssty,0,0,0,0,0,0,Train
153,C=CC(=O)OC,isssty,0,0,-1,0,0,-1,Train
154,O=c1oc2ccc([N+](=O)[O-])cc2c2ccccc12,isssty,1,1,-1,1,1,1,Train
155,CC(C)(C)c1cc(O)ccc1O,isssty,0,0,0,-1,-1,-1,External
156,O=C(O)c1ccc([N+](=O)[O-])cc1,isssty,-1,1,-1,0,0,1,Train
157,C=CC(=O)NCO,isssty,0,0,0,0,0,0,Internal
158,C=C(Cl)CCl,isssty,1,1,0,1,0,1,Internal
159,CC(C)O,isssty,0,0,0,0,0,0,External
160,O=C1OC2(c3ccccc31)c1cc(I)c([O-])c(I)c1Oc1c2cc(I)c([O-])c1I,isssty,0,0,0,0,0,0,Train
161,Nc1ccc2ccccc2c1,isssty,1,1,-1,1,-1,1,Train
162,Cl/C=C\Cl,isssty,0,0,-1,0,0,-1,External
163,Cc1ccccc1Cl,isssty,0,0,0,0,0,0,Train
164,O=C1CN(/N=C/c2ccc([N+](=O)[O-])o2)C(=O)N1,isssty,1,1,1,0,0,1,External
165,ClC(Br)Br,isssty,0,0,-1,0,0,-1,Train
166,ClC(Cl)Cl,isssty,0,0,-1,0,0,-1,Train
167,O=C(O)CCl,isssty,0,0,0,0,0,0,Train
168,Clc1ccc(Cl)cc1,isssty,0,0,-1,0,0,-1,Train
169,Cc1cc(/C=C/c2ccc3cc(N(C)C)ccc3[n+]2C)c(C)n1-c1ccccc1.Cc1cc(/C=C/c2ccc3cc(N(C)C)ccc3[n+]2C)c(C)n1-c1ccccc1.O=C(O)c1cc2ccccc2c(Cc2c(O)c(C(=O)O)cc3ccccc23)c1O,isssty,1,1,-1,0,0,1,Train
170,CCOC(N)=O,isssty,0,0,0,0,0,0,Train
171,Cc1cnc[nH]1,isssty,0,0,0,0,0,0,Train
172,O=[N+]([O-])c1cc(N(CCO)CCO)ccc1NCCO,isssty,1,0,-1,0,1,1,Internal
173,N#Cc1ccccc1,isssty,0,0,-1,0,0,-1,Train
174,COc1cc([N+](=O)[O-])ccc1/N=N/C(C(C)=O)C(=O)Nc1ccccc1OC,isssty,0,0,-1,0,0,-1,Train
175,O=C(O)c1ccccc1,isssty,0,0,0,0,0,0,Train
176,CC(=O)CC(=O)Nc1ccccc1,isssty,0,0,-1,0,0,-1,Train
177,CCCCCCCCCCCCCC(=O)O,isssty,0,0,-1,0,0,-1,Train
178,S=c1[nH]c2ccccc2s1,isssty,0,0,-1,0,0,-1,Internal
179,Cc1c([N+](=O)[O-])cc([N+](=O)[O-])cc1[N+](=O)[O-],isssty,1,1,1,0,1,1,Train
180,S=C([S-])NCCNC1=[SH][Zn+2]<-[SH-]1,isssty,0,0,0,0,0,0,Train
181,O=[N+]([O-])c1ccccc1Cl,isssty,0,1,-1,0,0,1,Internal
182,CCCN(CCC)N=O,isssty,-1,1,1,1,-1,1,Train
183,OCCCl,isssty,0,1,-1,1,0,1,Train
184,Cc1ccccc1Br,isssty,0,0,0,0,0,0,Train
185,OCC1CO1,isssty,1,1,-1,1,1,1,Train
186,C=C(C)C(=O)OCCCC,isssty,0,0,-1,0,0,-1,Train
187,[OH][Sn]([c]1ccccc1)([c]1ccccc1)[c]1ccccc1,isssty,0,0,-1,0,0,-1,Train
188,C1CCC2CCCCC2C1,isssty,0,0,-1,0,0,-1,Train
189,Nc1ccc(O)cc1,isssty,0,0,-1,0,0,-1,Internal
190,COc1cc(-c2ccc(N)c(OC)c2)ccc1N,isssty,1,1,1,1,0,1,External
191,[O]=[V](=[O])[O][V](=[O])=[O],isssty,0,0,0,0,0,0,External
192,O=C1OC(O)C(C(Cl)Cl)=C1Cl,isssty,1,1,1,1,-1,1,Train
193,CCOS(C)(=O)=O,isssty,1,1,-1,1,-1,1,Train
194,CO[C@@]12[C@@H](COC(N)=O)C3=C(C(=O)C(C)=C(N)C3=O)N1C[C@H]1N[C@@H]12,isssty,0,0,1,0,0,1,Train
195,Cc1ccc(Cl)cc1,isssty,0,0,0,0,0,0,Train
196,CCOc1ccc(NC(C)=O)cc1,isssty,0,0,-1,0,0,-1,Train
197,O=C1c2cccc(O)c2C(=O)c2c(O)cc(CO)cc21,isssty,1,0,1,0,1,1,Train
198,C/C=C1\CC2C=CC1C2,isssty,0,0,-1,0,0,-1,Train
199,S=C1NCCN1,isssty,0,0,0,1,0,1,Train
200,CC1=CC(=O)c2c(O)cccc2C1=O,isssty,0,0,0,0,0,0,Train
201,O=[N+]([O-])c1ccc(O)cc1,isssty,0,0,-1,0,0,-1,External
202,C=CC(=C)Cl,isssty,0,0,-1,0,0,-1,External
203,O=C(CCCN1CCC(O)(c2ccc(Cl)cc2)CC1)c1ccc(F)cc1,isssty,0,0,-1,0,0,-1,External
204,NCCNCCN,isssty,0,0,-1,0,0,-1,Train
205,O=S1OCC2C(CO1)C1(Cl)C(Cl)=C(Cl)C2(Cl)C1(Cl)Cl,isssty,0,0,0,0,0,0,Train
206,CC(C)(C#N)C(C)(C)C#N,isssty,0,0,0,0,0,0,Train
207,C1CCOC1,isssty,0,0,-1,0,0,-1,Train
208,CCCCC(CC)COC(=O)c1ccc(N(C)N=O)cc1,isssty,0,0,-1,0,0,-1,External
209,O=[N+]([O-])c1cc2ccc3cccc4ccc(c1)c2c34,isssty,1,1,0,0,-1,1,Train
210,O=[N+]([O-])c1ccc(Cl)c([N+](=O)[O-])c1,isssty,1,1,-1,1,1,1,Train
211,CC/C(C)=N/O,isssty,0,0,-1,0,0,-1,Train
212,FC(F)(F)c1cccc(Cl)c1,isssty,0,0,-1,0,0,-1,Internal
213,C=CCCl,isssty,0,-1,0,1,0,1,Train
214,CC(=O)OC(C)=O,isssty,0,0,0,0,0,0,Train
215,NCc1cccc(CN)c1,isssty,0,0,0,0,0,0,Train
216,CN(C)CCO,isssty,0,0,-1,0,0,-1,External
217,CC(C)=CCC1=C(O)c2ccccc2C(=O)C1=O,isssty,0,0,0,0,0,0,Train
218,Cc1ccco1,isssty,0,0,0,0,-1,-1,Train
219,C=C(C)C,isssty,0,0,0,0,0,0,Train
220,[Na][S][Na],isssty,0,0,-1,0,0,-1,Train
221,FC(F)(F)c1ccccc1Cl,isssty,0,0,-1,0,0,-1,Train
222,c1ccc(Nc2cccc3ccccc23)cc1,isssty,0,0,-1,0,0,-1,Train
223,ClCC(Cl)Cl,isssty,0,-1,-1,0,0,-1,Train
224,N/N=c1/[nH]ncc2ccccc12,isssty,1,1,1,1,1,1,External
225,CC(=O)CN(CC(C)=O)N=O,isssty,-1,1,-1,1,-1,1,Train
226,Cc1ccc(S(=O)(=O)NN)cc1,isssty,0,1,0,1,0,1,External
227,O=C1CCCCCN1,isssty,0,0,0,0,0,0,External
228,Nc1ccc(N)c2c1C(=O)c1c(N)ccc(N)c1C2=O,isssty,1,0,-1,1,1,1,Train
229,c1ccc2ncccc2c1,isssty,1,1,-1,0,-1,1,Train
230,OCCO,isssty,0,0,-1,0,0,-1,Train
231,Cn1c(=O)c2[nH]cnc2n(C)c1=O,isssty,0,0,0,0,-1,-1,Internal
232,CNc1ccc(N(CCO)CCO)cc1[N+](=O)[O-],isssty,1,1,-1,0,0,1,Train
233,COc1ccc(O)cc1,isssty,0,0,0,0,0,0,External
234,CC(=O)c1cc2c(cc1C)C(C)(C)C(C)CC2(C)C,isssty,0,0,0,0,0,0,Train
235,O=C1C=CC(=O)c2ccccc21,isssty,0,0,-1,0,0,-1,Internal
236,Oc1cccc(O)c1,isssty,0,0,0,0,0,0,Train
237,O=[N+]([O-])c1ccc2ccc3c([N+](=O)[O-])ccc4ccc1c2c43,isssty,1,1,-1,-1,1,1,External
238,Cc1c(C(=O)O)c(O)cc2c1C(=O)c1c(O)c([C@H]3O[C@@H](CO)[C@@H](O)[C@H](O)[C@@H]3O)c(O)c(O)c1C2=O,isssty,0,0,-1,0,0,-1,External
239,O=C(OOC(=O)c1ccccc1)c1ccccc1,isssty,0,0,0,0,0,0,Train
240,c1ccc(Nc2ccc3ccccc3c2)cc1,isssty,0,0,-1,0,-1,-1,Train
241,Cc1cccc(C)c1N,isssty,0,0,-1,0,0,-1,Train
242,COC(N)=O,isssty,0,0,0,0,-1,-1,External
243,CC(O)CN(CC(C)O)N=O,isssty,-1,-1,-1,1,-1,1,Train
244,Nc1ccc([N+](=O)[O-])cc1O,isssty,1,0,-1,0,1,1,External
245,Oc1c(Cl)ccc(Cl)c1Cl,isssty,0,0,-1,0,0,-1,Train
246,O=Cc1c(Cl)cccc1Cl,isssty,0,0,-1,0,-1,-1,Train
247,Cc1ccc([N+](=O)[O-])cc1,isssty,0,0,0,0,0,0,Train
248,O=C(O)c1cccc([N+](=O)[O-])c1,isssty,0,1,-1,-1,-1,1,Train
249,O=C/C=C/c1ccccc1,isssty,0,0,0,0,0,0,Train
250,NC(=O)N/N=C/c1ccc([N+](=O)[O-])o1,isssty,1,1,1,1,0,1,Train
251,ON=C1CCCCC1,isssty,0,0,-1,0,0,-1,Train
252,CC(=O)OC(C)C,isssty,0,0,-1,0,0,-1,Internal
253,C=C(C)CCl,isssty,0,0,0,0,0,0,Train
254,COc1cccc2c1C(=O)c1c(O)c3c(c(O)c1C2=O)C[C@@](O)(C(C)=O)C[C@H]3O[C@H]1C[C@@H](N)[C@@H](O)[C@@H](C)O1,isssty,1,1,1,0,-1,1,Train
255,Nc1cccc([N+](=O)[O-])c1,isssty,1,1,-1,1,0,1,Train
256,O=Cc1ccc(Cl)cc1Cl,isssty,0,0,-1,0,-1,-1,External
257,ClCCOCCCl,isssty,0,0,-1,1,0,1,Internal
258,O=C(O)c1ccccc1Cl,isssty,0,0,-1,0,0,-1,Train
259,CCCl,isssty,0,-1,-1,1,0,1,Train
260,CC[n+]1c(-c2ccccc2)c2cc(N)ccc2c2ccc(N)cc21,isssty,1,0,1,0,1,1,Train
261,CN(N=O)C(N)=O,isssty,-1,1,1,1,-1,1,Train
262,O=C([O-])Cc1ccccc1Nc1c(Cl)cccc1Cl,isssty,0,0,-1,0,0,-1,External
263,Nc1cc(Cl)ccc1O,isssty,0,0,-1,1,-1,1,Train
264,COC(=O)c1ccccc1C(=O)OC,isssty,0,0,-1,0,0,-1,Train
265,CCN(CC)c1ccccc1,isssty,0,0,0,0,0,0,Train
266,O=C1CCCO1,isssty,0,0,0,0,0,0,Train
267,O=[N+]([O-])c1ccc(-c2ccccc2)cc1,isssty,1,1,-1,-1,-1,1,Internal
268,C=CC(N)=O,isssty,0,0,0,0,0,0,Train
269,CCn1cc(C(=O)O)c(=O)c2ccc(C)nc21,isssty,0,0,1,0,-1,1,Train
270,CCCCC(CC)CO,isssty,0,0,-1,0,0,-1,Train
271,Cc1c([N+](=O)[O-])cc(O)c(N)c1O,isssty,0,1,-1,-1,-1,1,Train
272,CCCCC(CC)COC(=O)c1ccc(N(C)C)c([N+](=O)[O-])c1,isssty,1,0,-1,0,1,1,External
273,O=[N+]([O-])c1ccc2c3c(cccc13)-c1ccccc1-2,isssty,1,1,-1,0,1,1,Train
274,Cc1ccc(C)cc1,isssty,0,0,-1,0,0,-1,External
275,CNc1ccccc1,isssty,0,0,0,0,0,0,Train
276,Fc1c(F)c(F)c(Cl)c(F)c1F,isssty,0,0,-1,0,0,-1,External
277,O=C1Nc2ccc(Cl)cc2C(c2ccccc2)=NC1O,isssty,0,0,0,0,0,0,Train
278,O=C(CCl)c1ccccc1,isssty,0,0,-1,0,0,-1,External
279,Nc1ccc(Oc2c(Cl)cc(Cl)cc2Cl)cc1,isssty,1,1,-1,-1,-1,1,Train
280,CCOCCO,isssty,0,0,0,0,0,0,Internal
281,O=NN1CCCC1c1cccnc1,isssty,0,1,-1,-1,0,1,Train
282,COC(=O)c1ccccc1O,isssty,0,0,-1,0,0,-1,External
283,O=C(O)C(Cl)Cl,isssty,0,1,0,1,-1,1,External
284,Cc1cn([C@@H]2C[C@@H](N=[N+]=[N-])[C@H](CO)O2)c(=O)[nH]c1=O,isssty,0,0,1,0,0,1,Train
285,O=C1c2ccccc2C(=O)C1c1ccc2ccccc2n1,isssty,0,0,-1,0,-1,-1,External
286,O=Cc1cccc([N+](=O)[O-])c1,isssty,0,1,-1,0,0,1,External
287,O=Cc1ccccc1Cl,isssty,0,0,-1,0,0,-1,Train
288,C=CC(=O)OCCCC,isssty,0,0,-1,0,0,-1,Train
289,O=C(O)c1cccc(Cl)c1,isssty,0,0,-1,0,0,-1,Train
290,CC(C)Nc1ccc(Nc2ccccc2)cc1,isssty,0,0,-1,0,0,-1,Train
291,C[C@H]1CCCC(=O)CCC/C=C/c2cc(O)cc(O)c2C(=O)O1,isssty,0,0,-1,0,0,-1,Train
292,CCC1(c2ccccc2)C(=O)NC(=O)NC1=O,isssty,0,0,0,1,0,1,Train
293,Cc1cc(/N=N/c2ccccc2C)ccc1N,isssty,1,1,-1,-1,-1,1,Train
294,O=[N+]([O-])CCO,isssty,-1,0,-1,0,0,-1,Train
295,CC1(C)[C@H](C=C(Cl)Cl)[C@@H]1C(=O)OCc1cccc(Oc2ccccc2)c1,isssty,0,0,-1,0,0,-1,External
296,c1ccsc1,isssty,0,0,0,0,0,0,Train
297,O=Cc1ccccc1[N+](=O)[O-],isssty,0,0,-1,0,0,-1,Internal
298,FC(F)(F)c1ccccc1,isssty,0,0,-1,0,0,-1,Train
299,COc1cc(NS(C)(=O)=O)ccc1Nc1c2ccccc2nc2ccccc12,isssty,0,0,1,0,1,1,Train
300,CC(O)CN(C)N=O,isssty,-1,1,-1,-1,-1,1,Train
301,CCC(CO)[N+](=O)[O-],isssty,0,0,0,0,0,0,Train
302,C=CCC1=C(C)C(OC(=O)C2C(C=C(C)C)C2(C)C)CC1=O,isssty,0,1,-1,0,0,1,Internal
303,BB,isssty,1,-1,-1,0,0,1,External
304,Cc1ccc(C(=O)c2cc(O)c(O)c([N+](=O)[O-])c2)cc1,isssty,0,0,0,0,0,0,Internal
305,CC(=O)CN(CC(C)O)N=O,isssty,-1,1,-1,-1,-1,1,Train
306,C#C[C@]1(O)CC[C@H]2[C@@H]3CCC4=CC(=O)CC[C@@H]4[C@H]3CC[C@@]21C,isssty,0,0,-1,0,0,-1,Internal
307,O=C1C(Cl)=C(Cl)C(=O)c2ccccc21,isssty,0,-1,1,0,0,1,Train
308,CCCCC(CC)C(=O)O,isssty,0,0,-1,0,0,-1,Train
309,COc1c2occc2cc2ccc(=O)oc12,isssty,0,0,1,0,-1,1,Train
310,COP(=S)(OC)Oc1ccc([N+](=O)[O-])c(C)c1,isssty,0,0,0,0,0,0,Train
311,COC=O,isssty,0,0,-1,0,0,-1,External
312,O=S(=O)([O-])c1ccc(/N=N/c2c(O)ccc3cc(S(=O)(=O)[O-])ccc23)cc1,isssty,0,0,-1,0,-1,-1,External
313,Nc1ccc(Cl)c(Cl)c1,isssty,0,0,-1,0,-1,-1,Train
314,CN(C)N,isssty,0,0,0,0,-1,-1,Internal
315,O=C(O)CNCP(=O)(O)O,isssty,0,0,-1,0,0,-1,Train
316,Cc1cc(=O)n(-c2ccccc2)n1C,isssty,0,0,0,-1,-1,-1,Train
317,CC(=O)OC(C)CN(CC(C)OC(C)=O)N=O,isssty,-1,1,-1,-1,-1,1,External
318,S=c1[nH]cnc2nc[nH]c12,isssty,0,0,-1,1,0,1,External
319,Cc1cc(O)c(C(C)(C)C)cc1Sc1cc(C(C)(C)C)c(O)cc1C,isssty,0,0,-1,0,0,-1,Internal
320,N/C(=N\c1ccccc1)Nc1ccccc1,isssty,0,0,-1,0,0,-1,Train
321,O=[N+]([O-])c1ccc2[nH]c3ccccc3c2c1,isssty,1,1,-1,0,1,1,Internal
322,C=COC(C)=O,isssty,0,0,0,0,0,0,Train
323,OC(O)C(Cl)(Cl)Cl,isssty,0,1,-1,0,0,1,Train
324,COc1c(Cl)c(Cl)c(Cl)c(Cl)c1Cl,isssty,1,0,-1,0,1,1,Train
325,CC(=O)CC(C)C,isssty,0,0,-1,0,0,-1,Train
326,CC1=NN(c2ccccc2)C(=O)C1,isssty,0,0,-1,0,0,-1,Internal
327,CCOC(=O)c1ccccc1C(=O)OCC,isssty,0,0,-1,0,0,-1,Train
328,C=CC(=O)OCC,isssty,0,0,-1,0,0,-1,External
329,CC(=O)CN(C)N=O,isssty,-1,1,-1,-1,-1,1,Internal
330,Nc1c2ccccc2nc2ccccc12,isssty,0,0,-1,0,1,1,External
331,O=C1C=C(O)c2ccccc2C1=O,isssty,0,0,0,0,0,0,Train
332,CC1CN(N=O)CC(C)O1,isssty,-1,1,-1,-1,-1,1,Train
333,CC(C)(C)S(=O)(=O)C[C@@H](Cc1ccccc1)C(=O)N[C@H](Cc1cnc[nH]1)C(=O)N[C@H](CC1CCCCC1)[C@@H](O)[C@H](O)C1CC1,isssty,0,0,0,0,0,0,Train
334,NCCNC(=O)c1ccc(Cl)cn1,isssty,0,0,0,0,0,0,Train
335,CCCCC(CC)COC(=O)c1ccccc1C(=O)O,isssty,0,0,0,0,0,0,Train
336,CC(C)(C)O,isssty,0,0,0,0,0,0,Train
337,CC(C)(c1ccc(O)cc1)c1ccc(O)cc1,isssty,0,0,0,0,0,0,Train
338,O=C(O)c1cc2ccccc2cc1O,isssty,0,0,-1,0,0,-1,Train
339,Cc1cccc(O)c1,isssty,0,0,0,0,0,0,Train
340,Cc1ccccc1-c1ccccc1,isssty,0,0,0,0,-1,-1,Train
341,O=c1c(O)c(-c2ccc(O)cc2)oc2cc(O)cc(O)c12,isssty,1,1,1,0,1,1,Internal
342,CC(=O)/C=C/C1=C(C)CCCC1(C)C,isssty,0,0,-1,0,0,-1,External
343,Cc1ccc(N)cc1O,isssty,-1,-1,0,0,0,-1,Train
344,CCCCC/C=C\C/C=C\CCCCCCCC(=O)O,isssty,0,0,-1,0,0,-1,Train
345,Cc1ccc(N=C=O)cc1N=C=O,isssty,1,1,-1,0,0,1,Train
346,Clc1nc2ccccc2nc1Cl,isssty,0,0,-1,0,0,-1,External
347,Cc1ccc(N)c(S(=O)(=O)O)c1,isssty,0,0,0,0,0,0,Train
348,CBr,isssty,0,1,-1,1,0,1,Train
349,O=Cc1ccc2c(c1)OCO2,isssty,0,0,0,0,0,0,Train
350,C#C[C@]1(OC(C)=O)CC[C@H]2[C@@H]3CCC4=CC(=O)CC[C@@H]4[C@H]3CC[C@@]21C,isssty,0,0,-1,0,0,-1,Train
351,c1ccc(C2CO2)cc1,isssty,0,1,-1,1,1,1,Train
352,CCN(CC)c1ccc(N=O)c(O)c1,isssty,0,0,-1,0,0,-1,Train
353,O=C1NC(=O)C(c2ccccc2)(c2ccc(O)cc2)N1,isssty,0,0,-1,-1,0,-1,External
354,CC(C)N=C=NC(C)C,isssty,0,0,-1,0,0,-1,Train
355,CCOC(C)=O,isssty,0,0,0,0,0,0,Train
356,CCCCCCCCCCCCS,isssty,0,0,-1,0,0,-1,Internal
357,C=C(C)C(=O)OCC,isssty,0,0,-1,0,0,-1,Train
358,Cc1cccn2c1nc1ccc(N)nc12,isssty,1,1,-1,-1,-1,1,Train
359,Cc1ccc(O)c(N)c1,isssty,0,-1,-1,0,0,-1,Train
360,Oc1c(Br)cc(Br)cc1Br,isssty,0,0,-1,0,0,-1,External
361,CN(C)c1cc[nH+]cc1,isssty,0,0,0,0,0,0,Train
362,O=c1ccc2ccccc2o1,isssty,0,1,-1,0,0,1,Train
363,CCNc1cc2[o+]c3cc(NCC)c(C)cc3c(-c3ccccc3C(=O)OCC)c2cc1C,isssty,0,0,-1,0,0,-1,External
364,CCCCOCCO,isssty,0,0,0,0,0,0,External
365,C=C(C)C(=O)OCCCCCC,isssty,0,0,-1,0,0,-1,Train
366,O=c1cc(-c2ccc(O)c(O)c2)oc2cc(O)cc(O)c12,isssty,0,0,0,0,0,0,External
367,c1ccc(N(c2ccccc2)c2ccccc2)cc1,isssty,0,0,-1,0,0,-1,Train
368,Cc1ncc[nH]1,isssty,0,0,-1,0,0,-1,Train
369,Cc1cc(-c2cc(C)c(N)c(C)c2)cc(C)c1N,isssty,0,0,0,0,-1,-1,Internal
370,Nc1cccc2ccccc12,isssty,1,1,-1,-1,0,1,Train
371,C=C(C)[C@@H]1CC=C(C)CC1,isssty,0,0,0,0,0,0,Train
372,Nc1nc(-c2ccc([N+](=O)[O-])cc2)nc2c1ncn2[C@H]1O[C@@H](CO)[C@H](O)[C@@H]1O,isssty,1,1,-1,-1,-1,1,Train
373,COc1cc(NC(C)CCCN)c2ncccc2c1,isssty,-1,0,0,0,0,-1,External
374,Nc1ccc(-c2ccc(N)c(Cl)c2)cc1Cl,isssty,1,1,1,1,1,1,Train
375,Cc1ccccn1,isssty,0,0,0,0,0,0,External
376,CC(=O)c1ccc([N+](=O)[O-])cc1,isssty,1,0,-1,0,0,1,External
377,CCC[N+](=O)[O-],isssty,0,0,0,0,0,0,Train
378,O=[N+]([O-])c1cccc(O)c1,isssty,1,0,-1,0,0,1,External
379,O=C(O)c1ccccc1[N+](=O)[O-],isssty,1,0,-1,0,0,1,Train
380,O=NN(c1ccccc1)c1ccccc1,isssty,0,0,-1,0,0,-1,External
381,O=c1[nH]c(=O)n([C@@H]2C[C@@H](O)[C@H](CO)O2)cc1/C=C/Br,isssty,0,0,0,0,0,0,Train
382,O=C(O)CCCc1ccc(N(CCCl)CCCl)cc1,isssty,0,-1,1,-1,1,1,Train
383,COc1c(C(C)(C)C)cc([N+](=O)[O-])c(C)c1[N+](=O)[O-],isssty,0,1,-1,0,0,1,Train
384,NC(N)=S,isssty,0,0,-1,0,0,-1,Train
385,Cc1ccc(O)cc1,isssty,0,0,-1,0,-1,-1,Train
386,Cc1cccc([N+](=O)[O-])c1,isssty,0,0,0,0,0,0,Train
387,NCCNCCO,isssty,0,0,-1,1,0,1,Train
388,c1ccncc1,isssty,0,0,0,0,0,0,Train
389,Cn1c(N)nc2ncc(-c3ccccc3)cc21,isssty,1,0,-1,-1,-1,1,Train
390,OC(CCl)CCl,isssty,-1,1,-1,1,-1,1,Train
391,NCCNCCNCCNCCN,isssty,1,1,-1,0,0,1,External
392,CC(C)(C)C(=O)C(Oc1ccc(Cl)cc1)n1ccnc1,isssty,0,0,-1,0,0,-1,Train
393,Cc1cc(C(C)(C)C)c(O)c(C(C)(C)C)c1,isssty,0,0,0,-1,-1,-1,Train
394,CC(C)Cc1ccc(C(C)C(=O)O)cc1,isssty,0,0,0,0,0,0,Train
395,OCCOc1cc(Cl)c(Cl)cc1Cl,isssty,0,0,-1,0,0,-1,Train
396,[Cl][Hg][Cl],isssty,0,0,0,0,0,0,Train
397,C[Si](C)(C)Cl,isssty,0,0,-1,0,0,-1,Train
398,C[Si](C)(Cl)Cl,isssty,0,0,-1,0,0,-1,Train
399,CC(C)(C#N)/N=N/C(C)(C)C#N,isssty,0,0,-1,0,0,-1,External
400,CCSCCC(N)C(=O)O,isssty,0,0,-1,0,-1,-1,Train
401,COP(=S)(Cl)OC,isssty,0,0,0,0,0,0,External
402,FC(F)(F)c1ccc(Cl)cc1,isssty,0,0,-1,0,0,-1,Train
403,COc1cccc2c1C(=O)c1c(O)c3c(c(O)c1C2=O)C[C@@](O)(C(=O)CO)C[C@@H]3O[C@H]1C[C@H](N)[C@H](O)[C@H](C)O1,isssty,1,1,1,0,0,1,Internal
404,c1ccc(-c2ccccc2)cc1,isssty,0,0,-1,0,0,-1,External
405,O=C1c2ccccc2-c2ccc([N+](=O)[O-])cc21,isssty,1,1,-1,-1,-1,1,External
406,C=C(C)C(=O)OCC(CC)(COC(=O)C(=C)C)COC(=O)C(=C)C,isssty,0,0,-1,0,0,-1,External
407,CCN(CC)c1ccc2c(-c3ccccc3C(=O)O)c3ccc(=[N+](CC)CC)cc-3oc2c1,isssty,0,0,-1,0,0,-1,External
408,CCCCCCCC(=O)O,isssty,0,0,-1,0,0,-1,Train
409,N#CCc1ccccc1,isssty,0,0,-1,0,0,-1,Train
410,O=NN(CCO)CCO,isssty,1,-1,-1,1,-1,1,External
411,CC(C)[N+](=O)[O-],isssty,1,1,1,-1,-1,1,Train
412,C=C(Cl)Cl,isssty,-1,1,-1,1,0,1,Train
413,CN(C)C(=S)SSC(=S)N(C)C,isssty,1,1,0,1,-1,1,External
414,O=C1c2ccccc2C(=O)C1(O)O,isssty,0,0,-1,0,0,-1,Train
415,O=Cc1ccc(Cl)c(Cl)c1,isssty,0,0,-1,0,-1,-1,Train
416,Nc1ccc2nc3ccccc3nc2c1N,isssty,1,1,-1,-1,1,1,Train
417,c1cnccn1,isssty,0,0,0,0,0,0,Train
418,CCOP(C)(=O)SCCN(C(C)C)C(C)C,isssty,0,0,-1,0,0,-1,External
419,CCCCCCCCCCCCCCCCC1CO1,isssty,0,0,-1,0,0,-1,Internal
420,[Cl][Fe]([Cl])[Cl],isssty,0,0,-1,0,0,-1,External
421,CCOC(=O)CBr,isssty,0,0,0,0,0,0,Train
422,N=C(N)c1ccc(OCCCCCOc2ccc(C(=N)N)cc2)cc1,isssty,0,0,-1,0,0,-1,Train
423,O=C1OC(=O)c2c(Cl)c(Cl)c(Cl)c(Cl)c21,isssty,0,0,-1,0,0,-1,Train
424,COc1cccc2c1C(=O)c1c(O)c3c(c(O)c1C2=O)C[C@@](O)(C(=O)CO)C[C@H]3O[C@H]1C[C@@H](N)[C@@H](O)[C@@H](C)O1,isssty,1,0,1,0,0,1,Train
425,C1=CCCCC1,isssty,0,0,-1,0,0,-1,Train
426,COP(=O)(OC)N1CCOCC1,isssty,0,0,-1,0,0,-1,Train
427,C[C@]12C=CC3=C4CCC(=O)C=C4CC[C@H]3[C@@H]1CC[C@H]2O,isssty,0,0,0,0,0,0,Train
428,Cl/C=C\CCl,isssty,1,1,-1,1,0,1,External
429,O=[N+]([O-])c1ccc(CNc2ncnc3c2ncn3C2OC(CO)C(O)C2O)cc1,isssty,0,0,-1,-1,-1,-1,Internal
430,CC(C)=CC1C(C(=O)OCc2coc(Cc3ccccc3)c2)C1(C)C,isssty,0,0,-1,0,0,-1,Train
431,[O]=[Ti]=[O],isssty,0,0,0,0,0,0,Train
432,Nc1nc(-c2ccc([N+](=O)[O-])cc2)nc2c1ncn2-c1ccc([N+](=O)[O-])cc1,isssty,1,1,-1,-1,-1,1,Train
433,CN1C[C@H](C(=O)N[C@]2(C)O[C@@]3(O)[C@@H]4CCCN4C(=O)[C@H](Cc4ccccc4)N3C2=O)C=C2c3cccc4[nH]cc(c34)C[C@H]21,isssty,0,0,-1,0,0,-1,Internal
434,CCCCCCOC(=O)c1ccccc1C(=O)OCCCCCC,isssty,0,0,-1,0,0,-1,Train
435,COc1cccc2c1ccc1c(C(=O)O)cc3c(c12)OCO3,isssty,1,0,1,0,-1,1,Train
436,CC(=O)CC(C)=O,isssty,0,0,-1,0,0,-1,Train
437,CN(C)CCOC(c1ccccc1)c1ccccc1,isssty,0,0,-1,0,0,-1,Internal
438,Cc1ccc(CO)cc1,isssty,0,0,-1,0,0,-1,Train
439,CC(=O)OCc1ccccc1,isssty,0,0,-1,0,0,-1,Train
440,N[C@@H](CCC(=O)O)C(=O)[O-],isssty,0,0,0,0,-1,-1,Train
441,CCCCOB(OCCCC)OCCCC,isssty,0,0,-1,0,0,-1,Train
442,O=C(c1ccccc1)c1ccccc1,isssty,0,0,-1,0,0,-1,Train
443,COc1cc(/C=C/C(=O)CC(=O)/C=C/c2ccc(O)c(OC)c2)ccc1O,isssty,0,0,-1,0,0,-1,Train
444,O=C1CCc2ccccc2O1,isssty,0,0,-1,0,0,-1,Train
445,Cc1c([N+](=O)[O-])cccc1[N+](=O)[O-],isssty,0,1,-1,-1,-1,1,Train
446,Clc1ccccc1,isssty,0,0,-1,0,0,-1,Train
447,O=C(O)c1ccc2c(c1)C(=O)OC2=O,isssty,0,0,0,0,0,0,Train
448,O=c1[nH]cc(F)c(=O)[nH]1,isssty,0,0,0,0,0,0,Train
449,Cc1ccc(C)o1,isssty,0,0,-1,0,-1,-1,Internal
450,O=S([O-])S(=O)[O-],isssty,0,0,0,0,0,0,Train
451,O=[N+]([O-])c1ccc2c(c1)oc1ccccc12,isssty,1,1,-1,-1,-1,1,Train
452,Cc1cc(-c2ccc([NH3+])c(C)c2)ccc1[NH3+],isssty,1,0,-1,0,-1,1,Train
453,Nc1nc(N)c2nc(-c3ccccc3)c(N)nc2n1,isssty,0,0,-1,0,0,-1,Train
454,CC(=O)N[C@@H]1[C@@H](O[C@@H]2O[C@H](C(=O)O)[C@@H](O[C@@H]3O[C@H](CO)[C@@H](O)[C@H](O[C@@H]4O[C@H](C(=O)O)[C@@H](O)[C@H](O)[C@H]4O)[C@H]3NC(C)=O)[C@H](O)[C@H]2O)[C@H](O)[C@@H](CO)O[C@H]1O,isssty,0,0,-1,0,0,-1,Train
455,CN(C)CCN(Cc1ccc(Cl)s1)c1ccccn1,isssty,0,0,-1,0,0,-1,External
456,C[N+]1(C)CCOCC1,isssty,0,0,0,0,0,0,Train
457,ClC(Cl)(Cl)C(Cl)(Cl)Cl,isssty,0,0,-1,0,0,-1,External
458,CCOCCCl,isssty,0,0,0,0,0,0,Internal
459,FC(F)(Br)C(F)(F)I,isssty,0,0,-1,1,0,1,Train
460,[Ga]#[As],isssty,0,0,0,0,-1,-1,Train
461,O=C=NCCCCCCN=C=O,isssty,0,0,0,0,0,0,External
462,CCCCC(CC)COC(=O)CCCCC(=O)O,isssty,0,0,0,0,0,0,Train
463,CNC(=O)Oc1cccc2ccccc12,isssty,0,0,0,0,-1,-1,Train
464,CCCCCl,isssty,0,0,-1,0,0,-1,Train
465,C=CC(=O)OCC(CC)(COC(=O)C=C)COC(=O)C=C,isssty,0,0,-1,1,0,1,External
466,CN[C@@H](C)[C@H](O)c1ccccc1,isssty,0,0,-1,0,-1,-1,Train
467,ClC1=C(Cl)C(Cl)(Cl)C(Cl)=C1Cl,isssty,0,0,-1,0,0,-1,Train
468,O=C1C=Cc2ccccc2C1=O,isssty,0,1,-1,0,0,1,External
469,O=C1OC(c2ccc(O)cc2)(c2ccc(O)cc2)c2ccccc21,isssty,0,0,-1,0,0,-1,Train
470,Nc1ncnc2c1nc(-c1ccc([N+](=O)[O-])cc1)n2-c1ccc([N+](=O)[O-])cc1,isssty,1,1,-1,-1,-1,1,Train
471,Cc1ccccc1,isssty,0,0,-1,0,0,-1,External
472,CCC(Cl)C(Cl)C(Cl)CC(Cl)C(Cl)C(C)Cl,isssty,0,0,-1,0,0,-1,Train
473,Nc1ncnc2c1ncn2-c1ccc([N+](=O)[O-])cc1,isssty,1,1,-1,-1,-1,1,Train
474,CNC[C@H](O)c1cccc(O)c1,isssty,0,0,-1,0,0,-1,Train
475,Nc1nc2ccccc2[nH]1,isssty,0,0,-1,0,0,-1,External
476,CCCCC(CC)COC(=O)CCCCC(=O)OCC(CC)CCCC,isssty,0,0,-1,0,0,-1,Train
477,Oc1ccc(Cl)cc1Cc1ccccc1,isssty,0,0,-1,0,0,-1,Train
478,OC[P+](CO)(CO)CO,isssty,0,0,-1,0,0,-1,External
479,OCCN(CCO)CCO,isssty,0,0,-1,0,0,-1,Train
480,Nc1nc(-c2ccc([N+](=O)[O-])cc2)nc2nc[nH]c12,isssty,1,1,-1,-1,-1,1,Train
481,CCC1(c2ccccc2)C(=O)NCNC1=O,isssty,0,0,-1,1,0,1,Train
482,Cc1c(N(C)C)c(=O)n(-c2ccccc2)n1C,isssty,0,0,0,-1,-1,-1,External
483,O=C1C(O)=C(O)OC1C(O)CO,isssty,0,0,0,0,0,0,Train
484,O=[N+]([O-])c1ccc2c(c1)[nH]c1ccccc12,isssty,1,1,-1,0,1,1,Train
485,Cc1c(N=C=O)cccc1N=C=O,isssty,1,-1,-1,0,0,1,Internal
486,CCCCCCc1ccc(O)cc1O,isssty,0,0,-1,0,0,-1,Internal
487,C=Cc1ccccn1,isssty,0,0,-1,0,0,-1,Train
488,C=CCc1ccc(OC)cc1,isssty,0,0,-1,0,0,-1,Train
489,O=[N+]([O-])c1ccc(Nc2ncnc3nc[nH]c23)cc1,isssty,0,0,-1,-1,-1,-1,Train
490,N#C/C=C/C#N,isssty,0,0,-1,0,-1,-1,Train
491,O=C1c2c(O)cccc2Cc2cccc(O)c21,isssty,0,0,-1,0,1,1,Internal
492,NCCNCCNCCN,isssty,1,1,-1,1,1,1,Train
493,C=C(C)[C@@H]1Cc2c(ccc3c2O[C@@H]2COc4cc(OC)c(OC)cc4[C@@H]2C3=O)O1,isssty,0,0,-1,0,0,-1,Train
494,C[N+](C)(C)CCO,isssty,0,0,0,0,0,0,Train
495,C=CC1CC=CCC1,isssty,0,0,-1,0,0,-1,Train
496,NC=O,isssty,0,0,-1,0,0,-1,Train
497,NS(=O)(=O)c1cc(C(=O)O)c(NCc2ccco2)cc1Cl,isssty,0,0,-1,0,0,-1,Train
498,O=C(O)C1=C/C(=N\Nc2ccc(S(=O)(=O)Nc3ccccn3)cc2)C=CC1=O,isssty,0,0,-1,0,-1,-1,Train
499,CC1=CC[C@H](C(C)(C)O)CC1,isssty,0,0,-1,0,0,-1,Train
500,COc1ccc2c3c1O[C@H]1[C@@H](O)C=C[C@H]4[C@@H](C2)N(C)CC[C@@]341,isssty,0,0,-1,0,-1,-1,Train
501,CC(O)c1ccccc1,isssty,0,0,-1,0,0,-1,Train
502,O=[N+]([O-])c1ccc(CNc2ncnc3nc[nH]c23)cc1,isssty,0,0,-1,-1,-1,-1,Train
503,NCCCCCCN,isssty,0,0,-1,0,0,-1,External
504,O=[N+]([O-])c1cc([As](=O)(O)O)ccc1O,isssty,0,0,-1,0,0,-1,Train
505,CCc1ccccc1,isssty,0,0,-1,0,0,-1,External
506,Cc1ccc(S(=O)(=O)[O-])cc1C,isssty,0,0,-1,0,0,-1,Train
507,Nc1ccc(NCCO)c([N+](=O)[O-])c1,isssty,1,1,-1,0,-1,1,Train
508,Oc1ccc(Nc2ccc3ccccc3c2)cc1,isssty,0,0,-1,0,0,-1,Train
509,O=S([O-])O,isssty,0,0,-1,0,0,-1,Train
510,COC(=O)c1ccc(C)cc1,isssty,0,0,-1,0,0,-1,Train
511,Nc1ncnc2c1ncn2[C@H]1O[C@@H](CO)C(O)C1c1ccc([N+](=O)[O-])cc1,isssty,1,1,-1,-1,-1,1,External
512,CC(=O)Nc1ccc(N/N=C2\C=C(C)C=CC2=O)cc1,isssty,1,1,-1,0,1,1,Train
513,Nc1ncnc2c1ncn2Cc1ccc([N+](=O)[O-])cc1,isssty,0,0,-1,-1,-1,-1,Train
514,CNc1ccc(O)cc1,isssty,0,0,-1,0,1,1,External
515,Oc1c(I)cc(Cl)c2cccnc12,isssty,0,0,-1,0,0,-1,Train
516,CC(Cl)Cl,isssty,0,0,-1,0,0,-1,Train
517,CCCCCCCCCCCCCCCCCC[N+](C)(C)Cc1ccccc1,isssty,0,0,-1,0,0,-1,Train
518,ClC1=C(Cl)C2(Cl)C3C4C=CC(C4)C3C1(Cl)C2(Cl)Cl,isssty,0,0,0,0,0,0,Train
519,O=C1C2CC=CCC2C(=O)N1SC(Cl)(Cl)C(Cl)Cl,isssty,0,0,1,0,0,1,Train
520,Nc1ncnc2nc(-c3ccc([N+](=O)[O-])cc3)[nH]c12,isssty,1,1,-1,-1,-1,1,External
521,O=C1c2ccccc2C(=O)c2c(O)ccc(O)c21,isssty,0,0,1,0,1,1,Train
522,Cc1cnc2ccc3c(nc(N)n3C)c2n1,isssty,1,1,-1,-1,-1,1,External
523,CC(=O)Cl,isssty,0,0,-1,0,0,-1,External
524,CC12CCC(C(=O)C1=O)C2(C)C,isssty,0,0,0,0,0,0,External
525,C=CC(C)C#N,isssty,0,0,-1,0,0,-1,Train
526,O=[N+]([O-])c1c(O)c(Cl)cc(Cl)c1Cl,isssty,0,0,-1,0,0,-1,External
527,CCCCCCCCC=O,isssty,0,0,-1,0,0,-1,External
528,COc1ccc(C(=O)c2ccccc2)c(O)c1,isssty,0,0,-1,0,0,-1,Train
529,O=S(=O)(c1ccc(O)cc1)c1ccc(O)cc1,isssty,0,0,-1,0,0,-1,Train
530,COc1ccc(N)cc1,isssty,0,0,0,0,0,0,Internal
531,CN(C)c1ccc(/N=N/c2ccccc2)cc1,isssty,1,-1,-1,0,-1,1,Train
532,CCOc1ccc(N=O)cc1,isssty,1,1,-1,-1,-1,1,Train
533,O=C(Br)CBr,isssty,0,0,0,0,0,0,Train
534,CCC(=O)O,isssty,0,0,-1,0,0,-1,Train
535,C=Cc1cccc(C)c1,isssty,0,0,-1,0,0,-1,Train
536,O=C1C(Cl)=C(Cl)C(=O)C(Cl)=C1Cl,isssty,0,1,0,0,0,1,Train
537,Cc1ccc(N)cc1C,isssty,0,0,-1,0,0,-1,Train
538,O=c1n(CCO)c(=O)n(CCO)c(=O)n1CCO,isssty,0,0,-1,0,0,-1,Train
539,CC(N)Cc1ccccc1,isssty,0,0,-1,0,0,-1,Train
540,c1ccc2c(c1)ccc1ccccc12,isssty,0,0,-1,0,-1,-1,Train
541,Cc1cccc(Br)c1,isssty,0,0,-1,0,0,-1,Train
542,O=[N+]([O-])c1ccc(Cl)c(Cl)c1,isssty,0,1,-1,0,0,1,Train
543,c1cc2c3c(cccc3c1)CC2,isssty,0,0,-1,0,0,-1,Train
544,Cc1ccc(Br)cc1,isssty,0,0,-1,0,0,-1,Train
545,O=[N+]([O-])c1cc(O)c2ccc3cccc4ccc1c2c34,isssty,1,1,-1,-1,-1,1,Train
546,[CH3][Hg+],isssty,0,0,-1,0,0,-1,External
547,CC(=O)N(O)c1ccc2c(c1)Cc1ccccc1-2,isssty,1,-1,-1,-1,-1,1,External
548,CC(CCl)OP(=O)(OC(C)CCl)OC(C)CCl,isssty,0,0,-1,0,0,-1,Train
549,O=C1c2c(O)ccc([N+](=O)[O-])c2C(=O)c2c([N+](=O)[O-])ccc(O)c21,isssty,1,1,-1,1,1,1,Train
550,CCCCOCCOCCSC#N,isssty,0,0,-1,0,0,-1,Train
551,CN1C(=O)CN=C(c2ccccc2)c2cc(Cl)ccc21,isssty,0,0,-1,0,0,-1,Train
552,CCCCCCC=O,isssty,0,0,-1,0,0,-1,Train
553,CCCCCCC(=O)O,isssty,0,0,-1,0,0,-1,Train
554,O=[N+]([O-])c1ccc2c(c1)Oc1ccccc1O2,isssty,1,0,-1,-1,-1,1,Train
555,Oc1cc(Cl)c(Cl)c(Cl)c1,isssty,0,0,-1,0,0,-1,Train
556,CC(O)C#N,isssty,0,0,-1,0,0,-1,Train
557,N#Cc1cccc(C#N)c1,isssty,0,0,-1,0,0,-1,Train
558,O=C(O)C1=NN(c2ccc(S(=O)(=O)O)cc2)C(=O)C1/N=N/c1ccc(S(=O)(=O)O)cc1.[Al],isssty,0,0,-1,0,0,-1,Train
559,Nc1cc2nc3ccccc3[nH]c-2cc1=O,isssty,-1,-1,-1,-1,1,1,Train
560,O=[N+]([O-])c1cc2c3ccccc3ccc2c2ccccc12,isssty,1,1,1,-1,-1,1,Train
561,CC(CC(=O)O)C(=O)O,isssty,0,0,-1,0,0,-1,Train
562,CCN(N=O)C(N)=O,isssty,1,1,1,1,-1,1,Train
563,CC(=O)c1ccccc1[N+](=O)[O-],isssty,0,0,-1,0,0,-1,External
564,CN(C)N/N=C1/N=CN=C1C(N)=O,isssty,1,1,-1,1,-1,1,Train
565,O=C(O)C(Br)Br,isssty,0,1,-1,-1,-1,1,Train
566,C[C@H](CCC(=O)O)[C@H]1CC[C@H]2[C@@H]3CC[C@@H]4C[C@@H](O)CC[C@]4(C)[C@H]3CC[C@]12C,isssty,0,0,-1,0,-1,-1,Train
567,CCCCCCCCCCCC(=O)O,isssty,0,0,-1,0,0,-1,Train
568,O=[N+]([O-])c1ccc(Nc2ncnc3c2ncn3-c2ccc([N+](=O)[O-])cc2)cc1,isssty,0,0,-1,-1,-1,-1,Train
569,c1cc2ccc3cccc4ccc(c1)c2c34,isssty,0,0,-1,-1,1,1,Train
570,COc1ccccc1/C=C/C=O,isssty,0,0,0,0,0,0,External
571,CN(C)/N=N/c1ccc(Cl)cc1,isssty,1,-1,-1,-1,1,1,Train
572,CCc1cn([C@@H]2C[C@@H](O)[C@H](CO)O2)c(=O)[nH]c1=O,isssty,0,0,0,0,0,0,External
573,O=C([O-])c1cc(=O)c2c(OCC(O)COc3cccc4oc(C(=O)[O-])cc(=O)c34)cccc2o1,isssty,0,0,-1,0,0,-1,External
574,Cc1cc(-c2ccc(N)c(C)c2)ccc1N,isssty,1,0,0,-1,0,1,Train
575,CCCCOP(=O)(OCCCC)OCCCC,isssty,0,0,0,0,-1,-1,External
576,O=C1c2ccccc2C(=O)c2c1cc(O)c(CO)c2O,isssty,1,1,1,0,1,1,External
577,Nc1ccc2ccc3cccc4ccc1c2c34,isssty,1,1,-1,0,-1,1,Train
578,CCC(C)(C)C,isssty,0,0,-1,0,-1,-1,Train
579,COc1ccc(C)cc1N,isssty,1,1,-1,0,1,1,External
580,CCCCC(CC)COCC1CO1,isssty,0,0,-1,0,-1,-1,Train
581,CC(=O)Nc1ccccc1,isssty,0,0,-1,0,-1,-1,Train
582,CCOC(=O)C1OC1c1ccccc1,isssty,0,0,-1,0,0,-1,External
583,O=[N+]([O-])c1ccc2ccc3cc4ccccc4c4ccc1c2c34,isssty,1,1,-1,-1,-1,1,Train
584,CC/C=C/C=C/C=C/C=C/C=C/OC[C@@H](O)CO,isssty,1,1,1,-1,-1,1,External
585,Nc1c(Cl)cc(Cl)cc1Cl,isssty,0,0,-1,0,-1,-1,Train
586,O=C(O)/C=C/c1ccccc1,isssty,0,0,0,0,0,0,Train
587,CN(CCO)CCO,isssty,0,0,-1,0,0,-1,Train
588,O=[N+]([O-])c1ccccc1,isssty,0,0,0,0,0,0,Train
589,CC(=O)O[C@@]1(C(C)=O)CC[C@H]2[C@@H]3C[C@@H](C)C4=CC(=O)CC[C@]4(C)[C@H]3CC[C@@]21C,isssty,0,0,-1,0,0,-1,Internal
590,CCC(C)Nc1ccc(NC(C)CC)cc1,isssty,0,0,-1,0,-1,-1,Train
591,COc1ccccc1N,isssty,0,0,0,-1,-1,-1,Train
592,Cc1c(N)cc([N+](=O)[O-])cc1[N+](=O)[O-],isssty,1,1,0,-1,-1,1,Train
593,COP(=S)(OC)SCN1C(=O)c2ccccc2C1=O,isssty,0,1,-1,0,-1,1,Train
594,CCCCOCCOCCO,isssty,0,0,-1,0,0,-1,External
595,CN(C)C=O,isssty,0,0,-1,0,0,-1,Train
596,Nc1ccc(Cc2ccc(N)cc2)cc1,isssty,1,1,-1,-1,-1,1,Train
597,O=C(Cl)c1ccc(Cl)cc1Cl,isssty,0,0,-1,0,0,-1,Train
598,OCc1ccco1,isssty,0,0,0,0,0,0,External
599,Nc1n[nH]c(N)n1,isssty,0,0,1,0,0,1,Train
600,[Cl][Ba][Cl],isssty,0,0,-1,0,0,-1,Train
601,C1OCOCO1,isssty,0,0,-1,0,0,-1,Train
602,O=C1c2cccc(O)c2C(=O)c2c(O)cccc21,isssty,0,0,1,0,1,1,Train
603,Cc1c([N+](=O)[O-])cc(N)cc1[N+](=O)[O-],isssty,1,1,0,-1,-1,1,Train
604,c1ccc2c(c1)ccc1[nH]c3ccc4ccccc4c3c12,isssty,0,0,-1,-1,-1,-1,Train
605,CC(=O)OCCC(C)C,isssty,0,0,-1,0,0,-1,Internal
606,NCCO,isssty,0,0,-1,0,0,-1,Train
607,CCN(Cc1ccccc1)c1ccccc1,isssty,0,0,-1,0,0,-1,Train
608,CC(C)[N+](C)(CCOC(=O)C1c2ccccc2Oc2ccccc21)C(C)C,isssty,0,0,-1,0,0,-1,Train
609,O=[N+]([O-])c1ccc(Oc2ccc(N=C=S)cc2)cc1,isssty,1,1,-1,-1,-1,1,Train
610,[O-][n+]1ccccc1[SH-]->[Zn+2]<-[SH-]c1cccc[n+]1[O-],isssty,0,0,-1,0,0,-1,Train
611,OCC(CO)(CO)CO,isssty,0,0,0,0,0,0,Train
612,NC(=O)c1ccccc1O,isssty,0,0,-1,0,-1,-1,Internal
613,CN(C)/N=N/c1ccc([N+](=O)[O-])cc1,isssty,1,1,-1,1,1,1,Train
614,OC/C=C\c1ccccc1,isssty,0,0,0,0,0,0,Train
615,CCSC(=O)Cl,isssty,0,0,-1,0,0,-1,Train
616,O=[N+]([O-])c1ccc2c3cccc4cccc(c5cccc1c52)c43,isssty,1,1,-1,0,1,1,Internal
617,O=C(O)/C=C/c1ccc([N+](=O)[O-])cc1,isssty,1,1,-1,1,1,1,Train
618,OCc1ccccc1,isssty,0,0,0,0,0,0,Train
619,COC(=O)[C@@H]1[C@H]2C[C@@H]3c4[nH]c5cc(OC)ccc5c4CCN3C[C@H]2C[C@H](OC(=O)c2cc(OC)c(OC)c(OC)c2)[C@@H]1OC,isssty,0,0,-1,0,0,-1,Train
620,Nc1ccc(Cc2ccc(N)c(Cl)c2)cc1Cl,isssty,1,1,-1,-1,-1,1,External
621,CC(=O)NNc1ccccc1,isssty,0,0,-1,1,-1,1,Train
622,COS(C)(=O)=O,isssty,0,1,-1,1,-1,1,Train
623,CN(C)/N=N/c1ccc(Br)cc1,isssty,-1,0,-1,-1,1,1,Train
624,O[C@H]1C=Cc2c(cc3ccc4cccc5ccc2c3c45)[C@@H]1O,isssty,1,1,-1,-1,0,1,Internal
625,Nc1ccc(/N=N/c2ccc3cc(S(=O)(=O)[O-])c(/N=N\c4ccc(Nc5ccc(/N=N/c6c(S(=O)(=O)[O-])cc7ccc(/N=N/c8ccc(N)cc8N)cc7c6O)cc5)c(S(=O)(=O)[O-])c4)c(O)c3c2)c(N)c1,isssty,1,0,-1,-1,1,1,Train
626,COC(=O)C(c1ccccc1)C1CCCCN1,isssty,0,0,-1,0,0,-1,Train
627,NC(CCC(=O)NNc1ccc(CO)cc1)C(=O)O,isssty,0,0,0,0,-1,-1,Internal
628,Nc1cc([N+](=O)[O-])ccc1-c1ccc([N+](=O)[O-])cc1,isssty,1,1,1,-1,-1,1,Train
629,CCSCCSP(=O)(OC)OC,isssty,0,0,0,0,-1,-1,Internal
630,CN1CCC(CN2c3ccccc3Sc3ccccc32)C1,isssty,0,0,-1,0,0,-1,External
631,C=C(C)CC(C)(C)C,isssty,0,0,0,0,0,0,Train
632,COc1ccc([N+](=O)[O-])cc1,isssty,1,1,-1,0,0,1,External
633,COC(=O)c1ccccc1,isssty,0,0,-1,0,0,-1,External
634,O=[N+]([O-])c1cccc(CCl)c1,isssty,0,1,-1,0,0,1,Train
635,Cc1ccc(N)c(C)c1,isssty,1,1,-1,0,0,1,External
636,COC[CH2][Hg][Cl],isssty,0,0,-1,0,0,-1,Train
637,O=Cc1ccc(CO)o1,isssty,0,0,0,0,-1,-1,Train
638,N#CN=C(N)N,isssty,0,0,0,0,0,0,Train
639,c1ccc2nccnc2c1,isssty,0,0,0,0,0,0,Train
640,O=C/C=C/c1ccco1,isssty,0,0,-1,0,-1,-1,Train
641,O=[N+]([O-])c1ccccc1CCl,isssty,0,1,-1,1,0,1,Train
642,CC(C)(OO)c1ccccc1,isssty,1,-1,-1,-1,1,1,Train
643,COc1cc(-c2ccc(/N=N/c3c(S(=O)(=O)[O-])cc4cc(S(=O)(=O)[O-])cc(N)c4c3O)c(OC)c2)ccc1/N=N/c1c(S(=O)(=O)[O-])cc2cc(S(=O)(=O)[O-])cc(N)c2c1O,isssty,1,0,-1,0,0,1,Train
644,C=CCOC(=O)C=C,isssty,0,0,-1,0,0,-1,Train
645,CCS(=O)(=O)CCn1c([N+](=O)[O-])cnc1C,isssty,-1,1,-1,-1,-1,1,Train
646,Cc1ccc(/N=N/N(C)C)cc1,isssty,1,0,-1,0,1,1,Train
647,O=C1OC(=O)c2ccccc21,isssty,0,0,-1,0,0,-1,External
648,CCCCC(CC)CNCC(CC)CCCC,isssty,0,0,-1,0,-1,-1,Train
649,CCCCC(CC)CN,isssty,0,0,-1,0,-1,-1,Train
650,Cc1cc(Cl)ccc1OCC(=O)O,isssty,0,0,0,0,0,0,Train
651,O=C(/C=C/c1ccc([N+](=O)[O-])cc1)c1ccccc1,isssty,1,1,-1,-1,-1,1,Train
652,C/C=C/CC#N,isssty,0,0,-1,0,0,-1,Train
653,[O]=[Zn],isssty,0,0,0,0,0,0,Internal
654,O=S(=O)(O)OC1C(O)COC(OC2COC(O)C(OS(=O)(=O)O)C2OS(=O)(=O)O)C1OS(=O)(=O)O,isssty,0,0,-1,0,-1,-1,Internal
655,C=C(C)C(=O)OCCO,isssty,0,0,0,0,0,0,Internal
656,CCC[C@]1(O)CC[C@H]2[C@@H]3CC[C@H]4CC(=O)C[C@@H](C)[C@]4(C)[C@H]3CC[C@@]21C,isssty,0,0,-1,0,0,-1,Train
657,CCCCC1C(=O)N(c2ccccc2)N(c2ccccc2)C1=O,isssty,0,0,0,0,0,0,Train
658,OCCOCCO,isssty,0,0,0,0,0,0,Train
659,CC(C)Nc1nc(Cl)nc(NC(C)C)n1,isssty,0,0,0,0,0,0,Train
660,COC(=O)CCC(=O)OC,isssty,0,0,-1,0,0,-1,Train
661,O=C(O)c1cc(O)c2c(c1)C(=O)c1cccc(O)c1C2=O,isssty,0,0,-1,0,0,-1,Train
662,Nc1ccccc1C(=O)OC/C=C/c1ccccc1,isssty,0,0,-1,0,-1,-1,Train
663,CCCCOP(=O)(OCCCC)Oc1ccccc1,isssty,0,0,-1,0,-1,-1,Train
664,CC1CCCC1,isssty,0,0,-1,0,-1,-1,External
665,Nc1ccc(Br)cc1,isssty,0,0,-1,0,-1,-1,Train
666,O=[N+]([O-])c1cccc2oc3ccccc3c12,isssty,0,0,-1,-1,-1,-1,Train
667,O=C([O-])CN(CCN(CC(=O)[O-])CC(=O)O)CC(=O)[O-],isssty,0,0,-1,0,-1,-1,Train
668,O=[N+]([O-])c1cccc2c1oc1ccccc12,isssty,1,1,-1,-1,-1,1,External
669,CCCCBr,isssty,0,1,-1,1,0,1,Internal
670,C=C(C)C#N,isssty,0,0,-1,0,0,-1,Train
671,CC(=O)O[C@@]1(C(C)=O)CC[C@H]2[C@@H]3C=C(Cl)C4=CC(=O)[C@H]5C[C@H]5[C@]4(C)[C@H]3CC[C@@]21C,isssty,0,0,-1,0,0,-1,Internal
672,NC(=O)N(c1ccccc1)c1ccccc1,isssty,0,0,-1,0,-1,-1,External
673,N#CC(O)c1ccccc1,isssty,0,0,-1,0,-1,-1,Train
674,CC(C)(C)N,isssty,0,0,-1,0,0,-1,Train
675,CC1CCC(C(C)C)CC1,isssty,0,0,-1,0,-1,-1,Train
676,CCN(C(=O)N(CC)c1ccccc1)c1ccccc1,isssty,0,0,-1,0,-1,-1,Train
677,Nc1cc(Cl)ccc1Cl,isssty,0,0,-1,0,-1,-1,Train
678,N[C@H](CS/C(Cl)=C/Cl)C(=O)O,isssty,-1,0,1,0,-1,1,Train
679,Cc1ccccc1C,isssty,0,0,-1,0,0,-1,Train
680,CC(C)[C@H]1CC[C@H](C)C[C@H]1O,isssty,0,0,0,0,0,0,Train
681,Nc1ccc2ccccc2c1/N=N/c1ccccc1,isssty,0,0,0,0,0,0,Train
682,CCCCCCCCCCCCC1CO1,isssty,0,0,-1,0,-1,-1,Train
683,ClC1=C(Cl)C2(Cl)C3C4CC(C5OC45)C3C1(Cl)C2(Cl)Cl,isssty,0,0,0,0,0,0,Train
684,CC(=O)NBr,isssty,0,0,-1,0,-1,-1,Train
685,SCc1ccccc1,isssty,0,0,0,0,0,0,Train
686,C[Si]1(C)O[Si](C)(C)O[Si](C)(C)O[Si](C)(C)O1,isssty,0,0,-1,0,0,-1,External
687,FC(C(F)(F)F)C(F)(F)F,isssty,0,0,-1,0,0,-1,Train
688,COc1ccc(C=O)cc1OC,isssty,0,0,0,0,0,0,Train
689,CCCCOCCCC,isssty,0,0,-1,0,-1,-1,Train
690,Cc1cccc(C)c1,isssty,0,0,-1,0,0,-1,External
691,Nc1ncnc2c1ncn2-c1ccc([N+](=O)[O-])cc1[N+](=O)[O-],isssty,0,1,-1,-1,-1,1,Internal
692,C=C1CC[C@H]2C[C@@H]1C2(C)C,isssty,0,0,0,0,0,0,Train
693,ClC1=C(Cl)C2(Cl)C3C(Cl)C=CC3C1(Cl)C2(Cl)Cl,isssty,0,0,0,0,0,0,Train
694,Oc1c(Cl)c(Cl)c(Cl)c(Cl)c1Cl,isssty,0,0,-1,0,0,-1,Internal
695,CCCCCCCCn1sccc1=O,isssty,0,0,-1,0,0,-1,Train
696,CC/C=C/C#N,isssty,0,0,-1,0,0,-1,Train
697,Brc1c(Br)c(Br)c(Oc2c(Br)c(Br)c(Br)c(Br)c2Br)c(Br)c1Br,isssty,0,0,-1,0,0,-1,Internal
698,CC(C)=CCC/C(C)=C/C=O,isssty,0,0,0,0,0,0,External
699,CC[NH+](CC)CCNc1ccc(CO)c2sc3ccccc3c(=O)c12,isssty,1,1,-1,0,1,1,Internal
700,Nc1ccccc1Cl,isssty,0,0,-1,0,-1,-1,Train
701,C1CCC2OC2C1,isssty,1,1,-1,1,0,1,Train
702,Clc1cccc(Cl)c1,isssty,0,0,-1,0,0,-1,Train
703,Nc1ccccc1C(=O)OC1CCCCC1,isssty,0,0,-1,0,-1,-1,Train
704,O=C([O-])c1ccccn1.[Cr+3],isssty,0,0,-1,0,0,-1,Train
705,COCCO,isssty,0,0,0,0,-1,-1,External
706,CC[C@H]1OC(=O)[C@H](C)[C@@H](O[C@H]2C[C@@](C)(OC)[C@H](O)[C@H](C)O2)C(C)[C@@H](O[C@@H]2O[C@@H](C)C[C@@H](N(C)C)[C@H]2O)[C@](C)(O)C[C@@H](C)CN(C)[C@H](C)[C@@H](O)[C@]1(C)O,isssty,0,0,-1,0,0,-1,Train
707,CCC(C)c1ccccc1O,isssty,0,0,-1,0,0,-1,Train
708,CCCCC(CC)COCCC#N,isssty,0,0,-1,0,-1,-1,Train
709,Nc1ccc(Cl)cc1Cl,isssty,0,0,-1,0,0,-1,Train
710,CCCCCCCCCCCCCO,isssty,0,0,-1,0,0,-1,External
711,CN1CCCC1=O,isssty,0,0,0,-1,-1,-1,Train
712,Cc1cccc(C#N)c1,isssty,0,0,-1,0,-1,-1,Train
713,CCc1cc(C(N)=S)ccn1,isssty,0,0,-1,0,-1,-1,Train
714,[Sb+3].[Sb+3],isssty,0,0,-1,0,0,-1,Train
715,C[C@]12C/C(=C/O)C(=O)C[C@@H]1CC[C@@H]1[C@@H]2CC[C@@]2(C)[C@H]1CC[C@]2(C)O,isssty,0,0,-1,0,0,-1,Train
716,C[S-],isssty,0,0,0,0,0,0,Train
717,CCOP(=S)(OCC)Oc1cc(C)nc(C(C)C)n1,isssty,0,0,0,0,0,0,External
718,CC1CO1,isssty,-1,1,-1,1,-1,1,External
719,CCN(CC)c1cc(NC(C)=O)c(/N=N/c2c(Br)cc([N+](=O)[O-])cc2[N+](=O)[O-])cc1OC,isssty,1,1,-1,0,1,1,Train
720,CC1=CC(=O)C=C2CC[C@@H]3[C@H](CC[C@]4(C)C(=O)CC[C@@H]34)[C@@]12C,isssty,0,0,-1,0,0,-1,Train
721,O=c1n(Cl)c(=O)n(Cl)c(=O)n1Cl,isssty,0,0,-1,0,0,-1,Train
722,CCC(C)(C)c1ccc(O)cc1,isssty,0,0,-1,0,-1,-1,Train
723,O=NN1CCOCC1,isssty,0,1,-1,1,-1,1,Internal
724,CCCCCCCCCCCCCCCCCCN,isssty,0,0,-1,0,0,-1,Train
725,C=CCOC(=O)c1ccccc1C(=O)OCC=C,isssty,0,0,-1,0,0,-1,Train
726,CN(C)c1ccc([C@@H]2CC3(C)C(CCC3(O)CCCO)C3CCC4=CC(=O)CCC4=C32)cc1,isssty,0,0,-1,0,0,-1,Train
727,O=CO,isssty,0,0,-1,0,-1,-1,Train
728,CCCCCCCCCCCC(=O)N(CCO)CCO,isssty,0,0,-1,0,-1,-1,Train
729,CCCCCCCCCCCC[S][Sn]([CH2]CCC)([CH2]CCC)[S]CCCCCCCCCCCC,isssty,0,0,-1,0,-1,-1,External
730,C/C=C(\C)C#N,isssty,0,0,-1,0,0,-1,Train
731,O=P(OC(CCl)CCl)(OC(CCl)CCl)OC(CCl)CCl,isssty,0,1,-1,1,0,1,Train
732,CCCCCCCCCCCC(=O)[O][Sn]([CH2]CCC)([CH2]CCC)[O]C(=O)CCCCCCCCCCC,isssty,0,0,-1,0,-1,-1,Internal
733,FC(Cl)(Cl)Cl,isssty,0,0,-1,0,0,-1,External
734,Cl/C=C/Cl,isssty,0,-1,-1,0,0,-1,Train
735,c1ccc(CSCc2ccccc2)cc1,isssty,0,0,-1,0,-1,-1,Internal
736,C1=C\CC/C=C\CC/1.C1=C\CC/C=C\CC/1.[Ni],isssty,0,0,0,0,-1,-1,External
737,c1ccc(Nc2ccccc2)cc1,isssty,0,0,-1,0,-1,-1,Train
738,C[C@]12CCC(=O)C=C1[C@H]1C[C@H]1[C@H]1[C@@H]3[C@H]4C[C@H]4[C@@]4(CCC(=O)O4)[C@@]3(C)CC[C@@H]12,isssty,0,0,-1,0,0,-1,Internal
739,CC(C)n1c(/C=C/[C@H](O)C[C@H](O)CC(=O)[O-])c(-c2ccc(F)cc2)c2ccccc21,isssty,0,0,-1,0,0,-1,Train
740,CC(=O)OC1(C(C)=O)CCC2C3C4OC4(Cl)C4=CC(=O)C5CC5C4(C)C3CCC21C,isssty,0,0,-1,0,0,-1,Train
741,C#C[C@]1(OC(=O)CCCCCC)CC[C@H]2[C@@H]3CCC4=CC(=O)CC[C@@H]4[C@H]3CC[C@@]21C,isssty,0,0,-1,0,0,-1,External
742,Clc1ccccc1Cl,isssty,0,0,-1,0,0,-1,Train
743,CCCCC(CC)COCCCN,isssty,0,0,-1,0,-1,-1,Train
744,N#[C][Na],isssty,0,0,-1,0,-1,-1,Internal
745,CCCCCCCCOc1ccc(C(=O)O)cc1,isssty,0,0,-1,0,-1,-1,Train
746,Oc1cccc(Nc2ccccc2)c1,isssty,0,0,-1,0,-1,-1,Train
747,CC(C)CCCCCCOC(=O)c1ccccc1C(=O)OCCCCCCC(C)C,isssty,0,0,-1,0,0,-1,Internal
748,Oc1c(Cl)c(Cl)cc(Cl)c1Cl,isssty,0,0,-1,0,-1,-1,Train
749,Cc1ccc(C#N)cc1,isssty,0,0,-1,0,-1,-1,Train
750,CC(C)c1ccccc1,isssty,0,0,-1,0,-1,-1,External
751,C/C(C=O)=C/c1ccccc1,isssty,0,0,0,0,0,0,Internal
752,C1=CC2C3C=CC(C3)C2C1,isssty,0,0,-1,0,0,-1,Train
753,Nc1ccc(/C=C/c2ccc(N)cc2S(=O)(=O)O)c(S(=O)(=O)O)c1,isssty,0,0,-1,0,0,-1,Internal
754,O=C(O)CCCOc1ccc(Cl)cc1Cl,isssty,0,0,0,0,0,0,Train
755,COc1ccc2cc(C(C)C(=O)O)ccc2c1,isssty,0,0,0,-1,0,-1,Train
756,C[C@]12CC[C@@H]3c4ccc(O)cc4CC[C@H]3C13CC[C@@]2(O)[C@H](O)C3,isssty,0,0,-1,0,0,-1,Train
757,CCCOC(=O)c1cc(O)c(O)c(O)c1,isssty,0,0,-1,0,0,-1,Train
758,N#C/C(N)=C(/N)C#N,isssty,0,0,-1,0,-1,-1,Train
759,CC1CCC(C(C)C)C(O)C1,isssty,0,0,-1,0,-1,-1,Internal
760,CCCCC(C=O)CC,isssty,0,0,-1,0,-1,-1,Train
761,C/C=C/c1ccc(O)c(OC)c1,isssty,0,0,0,0,0,0,Internal
762,c1ccc2cnncc2c1,isssty,0,0,-1,0,0,-1,Train
763,[O]=[Mo](=[O])=[O],isssty,0,0,-1,0,0,-1,External
764,OCC(Cl)CCl,isssty,1,1,-1,1,-1,1,Train
765,O=[N+]([O-])c1ccc2oc3ccccc3c2c1,isssty,1,0,-1,-1,-1,1,Train
766,O=Cc1ccc([N+](=O)[O-])cc1,isssty,1,1,-1,0,0,1,Train
767,Nc1cccc([N+](=O)[O-])c1N,isssty,1,1,-1,-1,-1,1,Train
768,N#CC(Cl)Cl,isssty,1,1,-1,1,-1,1,External
769,Oc1cc(Cl)ccc1Oc1ccc(Cl)cc1Cl,isssty,0,0,-1,0,0,-1,External
770,NCCN,isssty,0,0,-1,0,0,-1,External
771,CCCCCCCCCCCCCC(=O)N[N+](C)(C)CC(C)[O-],isssty,0,0,-1,0,0,-1,External
772,O=[N+]([O-])c1cc2ccccc2c2ccccc12,isssty,1,1,-1,-1,-1,1,Train
773,CCN(CC)C(=O)/C(Cl)=C(\C)OP(=O)(OC)OC,isssty,0,1,0,0,-1,1,External
774,NNC(=O)c1ccncc1,isssty,-1,1,0,1,-1,1,Internal
775,Nc1ccc(F)cc1F,isssty,0,0,-1,0,-1,-1,Train
776,C[C@H]1C[C@@H]([C@H](O)CC2CC(=O)NC(=O)C2)C(=O)[C@@H](C)C1,isssty,0,0,-1,0,0,-1,External
777,O=[N+]([O-])c1cc([N+](=O)[O-])c2ccc3cccc4ccc1c2c43,isssty,1,1,-1,-1,-1,1,Train
778,Oc1cccc(O)c1O,isssty,-1,1,1,0,-1,1,Train
779,[O-][Br+2]([O-])[O-],isssty,0,0,0,1,0,1,External
780,c1ccoc1,isssty,0,0,-1,0,0,-1,Train
781,O=[N+]([O-])c1ccccc1Nc1ccccc1,isssty,0,0,-1,0,-1,-1,Train
782,O=c1cn[nH]c(=O)[nH]1,isssty,-1,0,-1,0,0,-1,External
783,CNNCc1ccc(C(=O)NC(C)C)cc1.[H+],isssty,0,0,-1,0,0,-1,Train
784,CC(C)=O,isssty,0,0,0,0,0,0,Train
785,CCCN(CCC)C(=O)SCC,isssty,0,0,-1,0,0,-1,External
786,Nc1c(Br)cc(Br)c2c1C(=O)c1ccccc1C2=O,isssty,1,0,-1,0,1,1,Train
787,Cc1cc2ncccc2c2nc(N)n(C)c12,isssty,1,1,-1,-1,-1,1,Train
788,C=CC=O,isssty,1,1,0,0,0,1,Train
789,Oc1cc(Cl)cc(Cl)c1Cl,isssty,0,0,-1,0,0,-1,External
790,CC(C)CCCCCOC(=O)C[S][Sn]([CH3])([S]CC(=O)OCCCCCC(C)C)[S]CC(=O)OCCCCCC(C)C,isssty,0,0,-1,0,0,-1,Train
791,C/C=C/C=C/C=O,isssty,0,1,-1,0,0,1,Train
792,C[N+](=O)[O-],isssty,0,0,-1,0,0,-1,External
793,O=C(CBr)c1ccccc1,isssty,0,0,-1,0,0,-1,Train
794,N#CCO,isssty,0,0,-1,0,-1,-1,External
795,CCC(C)(OO)OOC(C)(CC)OO,isssty,0,0,0,0,0,0,Train
796,COc1ccccc1N/N=C1\C(=O)C=Cc2ccccc21,isssty,0,-1,0,0,0,-1,External
797,ClCCCBr,isssty,0,0,-1,1,0,1,Train
798,CCN(CCCl)c1ccc(CCCNc2c3ccccc3nc3ccccc23)cc1,isssty,1,1,0,0,1,1,External
799,CC(C)CC(C)O,isssty,0,0,-1,0,0,-1,Train
800,CCNc1cc2oc3c/c(=[NH+]\CC)c(C)cc-3c(-c3ccccc3C(=O)OCC)c2cc1C,isssty,0,0,-1,0,0,-1,Train
801,CC(C)(C)c1ccc(O)c(O)c1,isssty,0,0,0,0,-1,-1,Train
802,Cc1c(N)cc(N)cc1[N+](=O)[O-],isssty,1,1,1,-1,-1,1,Train
803,CCCCCCCCCCCCCCCCCC(=O)NCCNC(=O)CCCCCCCCCCCCCCCCC,isssty,0,0,-1,0,0,-1,Train
804,C=CC(=C)C,isssty,0,0,-1,0,0,-1,Train
805,COC(=O)NC(=S)Nc1ccccc1NC(=S)NC(=O)OC,isssty,0,0,-1,0,0,-1,Train
806,C=C1CC23CCC4C(C)(C(=O)O)CCCC4(C)C2CCC1(O)C3,isssty,0,0,0,-1,-1,-1,Internal
807,O=c1ccc(=O)c2c(=O)c(Cl)c(Cl)c(=O)c1=2,isssty,0,0,1,0,0,1,External
808,O=C1C=CC(=O)c2c(O)ccc(O)c21,isssty,0,1,1,0,1,1,Train
809,O=C(O)c1ccccc1O,isssty,0,0,-1,0,0,-1,Train
810,Clc1cccc(C(Cl)(Cl)Cl)n1,isssty,1,0,-1,0,-1,1,Train
811,COc1cc(OC)c(OC)cc1C=O,isssty,0,0,0,0,0,0,Train
812,O=[N+]([O-])c1ccc2c(c1)oc1ccc([N+](=O)[O-])cc12,isssty,1,-1,-1,-1,-1,1,Train
813,O=[N+]([O-])c1ccc2oc3ccc([N+](=O)[O-])cc3c2c1,isssty,1,0,-1,-1,-1,1,Train
814,CCCCCCCCCCCCOCC1CO1,isssty,0,0,-1,0,-1,-1,Train
815,CC(C)(C)C1=CC(=O)C=CC1=O,isssty,0,0,0,-1,-1,-1,External
816,O=[N+]([O-])c1ccc2c(c1)Oc1ccc([N+](=O)[O-])cc1O2,isssty,1,0,-1,-1,-1,1,External
817,CCCC[C@@H](C)[C@H](OC(=O)C[C@H](CC(=O)O)C(=O)O)[C@H](C[C@@H](C)C[C@H](O)CCCC[C@@H](O)C[C@H](O)[C@@H](C)N)OC(=O)C[C@H](CC(=O)O)C(=O)O,isssty,0,0,0,-1,-1,-1,Train
818,Cn1cnc2c1c(=O)[nH]c(=O)n2C,isssty,0,0,0,0,0,0,Train
819,O=C1C=CC(=O)c2c(O)c(Cl)c(Cl)c(O)c21,isssty,0,0,1,0,1,1,Train
820,O=C/C(Br)=C\c1ccccc1,isssty,1,1,-1,1,-1,1,Train
821,O=C1C=C(Nc2ccccc2)C(=O)c2ccccc21,isssty,1,0,0,0,1,1,Train
822,Clc1cccc2ccccc12,isssty,0,0,-1,0,-1,-1,External
823,COc1ccc(C=O)cc1,isssty,0,0,0,0,0,0,Train
824,N#CCCC(Br)(C#N)CBr,isssty,0,0,-1,0,-1,-1,External
825,NCc1ccc(CN)cc1,isssty,0,0,0,0,0,0,Train
826,O=C(OCC1CO1)c1cccc(C(=O)OCC2CO2)c1,isssty,0,1,-1,1,-1,1,Train
827,S=c1[nH]c2ccccc2[nH]1,isssty,0,0,-1,0,-1,-1,External
828,Clc1cc2c(cc1Cl)Oc1cc(Cl)c(Cl)cc1O2,isssty,0,0,-1,0,0,-1,Train
829,CCCCCCCCO,isssty,0,0,0,0,0,0,Train
830,c1ccc2c(c1)ccc1c3ccccc3ccc21,isssty,1,1,-1,-1,-1,1,Train
831,COc1c2ccccc2nc2occc12,isssty,1,-1,-1,0,-1,1,External
832,CCCCC1C(=O)N(c2ccccc2)N(c2ccc(O)cc2)C1=O,isssty,0,0,0,-1,-1,-1,Train
833,[Si],isssty,1,0,-1,0,1,1,External
834,O=[N+]([O-])c1ccc(CCl)cc1,isssty,1,1,-1,-1,0,1,Train
835,CCN(CCCl)c1ccc(OCCCCCNc2c3ccccc3nc3ccccc23)cc1,isssty,1,1,0,0,1,1,Internal
836,NC1=CC(=O)C(=O)c2ccccc21,isssty,1,1,0,0,1,1,Train
837,O=[N+]([O-])c1ccc2ccc3c(O)ccc4ccc1c2c43,isssty,1,-1,-1,-1,-1,1,Train
838,O=C(O)CCCCCCCCC(=O)O,isssty,0,0,-1,0,0,-1,Train
839,NNc1ccccc1,isssty,1,-1,1,0,1,1,Internal
840,O=[N+]([O-])c1ccc2c(c1)Oc1cc([N+](=O)[O-])ccc1O2,isssty,1,-1,-1,-1,-1,1,Train
841,CC1COCc2cc3c(cc21)C(C)(C)C(C)C3(C)C,isssty,0,0,0,0,0,0,External
842,[O-][Cl+2]([O-])[O-],isssty,0,0,0,0,-1,-1,Internal
843,Nc1ccc(Sc2ccc(N)cc2)cc1,isssty,1,1,-1,0,0,1,Train
844,Nc1ccc(/N=N/c2ccccc2)cc1,isssty,1,1,-1,-1,-1,1,Internal
845,C=C1C/C(=C/C)C(=O)O[C@@H]2CCN3CC=C(COC(=O)[C@]1(C)O)[C@H]23,isssty,0,0,-1,0,-1,-1,Train
846,CCc1cccc(CC)c1N(COC)C(=O)CCl,isssty,0,0,-1,0,0,-1,External
847,C[C@](N)(Cc1ccc(O)c(O)c1)C(=O)O,isssty,0,0,-1,0,-1,-1,Train
848,O=C1c2ccccc2-c2cc([N+](=O)[O-])ccc21,isssty,1,0,-1,-1,-1,1,Train
849,COC(F)(F)C(Cl)Cl,isssty,0,0,-1,0,-1,-1,Train
850,C=CC(=O)OCCO,isssty,0,0,0,0,0,0,External
851,CNCCCC(=O)O,isssty,0,0,0,-1,-1,-1,External
852,O=C1C=C(S(=O)(=O)[O-])c2ccccc2C1=O,isssty,0,1,0,0,0,1,Train
853,OCC(CO)(CBr)CBr,isssty,0,0,-1,0,0,-1,Train
854,CC#N,isssty,0,0,-1,0,0,-1,Train
855,COC(=O)CC(C)=O,isssty,0,0,-1,0,0,-1,External
856,c1ccc2cc3c(ccc4ccccc43)cc2c1,isssty,1,1,-1,-1,1,1,Train
857,N#CCC#N,isssty,0,0,-1,0,-1,-1,Train
858,CCC(=O)Oc1ccc(/C(CC)=C(\CC)c2ccc(OC(=O)CC)cc2)cc1,isssty,0,0,-1,0,0,-1,Train
859,Cc1ccccc1S(N)(=O)=O,isssty,0,0,-1,0,0,-1,Train
860,N=C1C=CC(=C(c2ccc(N)cc2)c2ccc(N)cc2)C=C1,isssty,1,1,-1,0,0,1,Train
861,CCCCOc1ccc(/C=N/c2ccc(CC)cc2)cc1,isssty,0,0,-1,0,0,-1,External
862,O=[N+]([O-])c1ccc2ccc3c4ccccc4cc4ccc1c2c43,isssty,1,1,-1,-1,-1,1,Train
863,O=c1oc2cc(O)ccc2c2oc3cc(O)ccc3c12,isssty,0,0,0,0,0,0,Train
864,Nc1ncn([C@H]2O[C@@H](CO)[C@H](O)[C@@H]2O)c(=O)n1,isssty,1,1,1,1,0,1,External
865,O=[N+]([O-])c1ccccc1CCO,isssty,0,0,-1,0,0,-1,Train
866,O=C(O)Cc1c[nH]c2ccccc12,isssty,0,0,-1,0,0,-1,Train
867,C=C[Si](OCC)(OCC)OCC,isssty,0,0,-1,0,0,-1,Train
868,CC(Cl)(Cl)Cl,isssty,1,1,-1,1,-1,1,External
869,CC(C)Br,isssty,0,1,-1,1,0,1,Train
870,Nc1c(/N=N/c2ccc(-c3ccc(NN=C4C=CC(=O)C=C4)cc3)cc2)c(S(=O)(=O)[O-])cc2c1C(=O)/C(=N/Nc1ccccc1)C(S(=O)(=O)[O-])=C2,isssty,0,0,-1,1,0,1,Train
871,C/C=N/O,isssty,0,0,0,0,0,0,External
872,CCOC(=O)CC(SP(=S)(OC)OC)C(=O)OCC,isssty,0,0,0,0,0,0,Train
873,O=NN(Cc1ccccc1)Cc1ccccc1,isssty,1,1,-1,1,-1,1,External
874,COc1ccc(C(=O)N2CCN(c3ccc4c(c3)CCC(=O)N4)CC2)cc1OC,isssty,0,0,0,0,0,0,Train
875,O=[N+]([O-])/C=C/c1ccccc1,isssty,0,0,-1,0,-1,-1,Train
876,CCCCCCCCCC,isssty,0,0,-1,0,0,-1,Internal
877,CCCCN(CCCC)N=O,isssty,-1,1,-1,1,-1,1,Train
878,Oc1ccc(Cl)cc1Cl,isssty,0,0,-1,0,0,-1,Train
879,C=C(C)C(=O)OCCCCCCCC,isssty,0,0,-1,0,0,-1,External
880,Nc1ccc(N)c2c1C(=O)c1ccccc1C2=O,isssty,1,0,-1,0,1,1,Train
881,NO.[H+],isssty,0,0,0,0,-1,-1,Train
882,Nc1ccc2nc3ccccn3c2n1,isssty,-1,1,-1,-1,-1,1,Train
883,O=S(=O)([O-])c1cc(Nc2nc(Nc3ccccc3)nc(N3CCOCC3)n2)ccc1/C=C/c1ccc(Nc2nc(Nc3ccccc3)nc(N3CCOCC3)n2)cc1S(=O)(=O)[O-],isssty,0,0,-1,0,0,-1,Train
884,CC(=O)Nc1ccc(N)cc1,isssty,1,0,0,0,0,1,Train
885,O=C/C=C/C=C\c1ccc([N+](=O)[O-])cc1,isssty,1,1,-1,1,1,1,External
886,O=C([O-])c1ccccc1-c1c2cc(Br)c(=O)c(Br)c-2oc2c(Br)c([O-])c(Br)cc12,isssty,0,0,-1,1,0,1,External
887,S=[S]=[Ni][Ni][NiH],isssty,0,0,0,0,0,0,Train
888,O=[N+]([O-])c1ccc2ccc3ccc(O)c4ccc1c2c34,isssty,1,-1,-1,-1,-1,1,Train
889,C=CC(=O)OCCCCCC,isssty,0,0,-1,0,0,-1,Train
890,CC(=O)N(O)c1ccc(-c2ccccc2)cc1,isssty,1,-1,-1,-1,-1,1,Train
891,CCO,isssty,0,0,-1,0,-1,-1,Train
892,CN(CCCl)CCCl.[H+],isssty,0,0,-1,1,-1,1,External
893,c1ccc2cc3cc4ccccc4cc3cc2c1,isssty,1,1,-1,0,1,1,Train
894,FC(F)Cl,isssty,0,1,-1,1,0,1,Train
895,O=C(O)c1cn(C2CC2)c2cc(N3CCNCC3)c(F)cc2c1=O,isssty,-1,-1,1,-1,-1,1,External
896,COc1cc(OC)c2c(c1Cl)O[C@]1(C2=O)C(OC)CC(=O)C[C@H]1C,isssty,0,0,-1,0,0,-1,Train
897,O=C(Cl)c1cccc([N+](=O)[O-])c1,isssty,1,1,-1,-1,-1,1,Train
898,O=C(O)CCCl,isssty,0,1,-1,1,0,1,Train
899,Nc1cc(-c2ccncc2)c[nH]c1=O,isssty,0,0,0,0,0,0,Internal
900,CN(C)c1ccc(N(C)C)cc1,isssty,0,1,-1,0,-1,1,External
901,[O-]c1ccccc1-c1ccccc1,isssty,0,0,-1,0,0,-1,External
902,COc1cccc2c1cc1c3c(cc4c(c32)OCO4)C(=O)N1,isssty,0,-1,-1,0,1,1,External
903,COc1ccc2[nH]cc(CCNC(C)=O)c2c1,isssty,0,0,-1,0,-1,-1,Train
904,CCOC(=O)CC(=O)OCC,isssty,0,0,-1,0,0,-1,Train
905,O=C([O-])COc1ccc(Cl)cc1Cl,isssty,0,-1,0,0,-1,-1,Train
906,Cc1cc(S(=O)(=O)O)c(N)cc1Cl,isssty,0,0,-1,0,0,-1,Train
907,O=C(O)COc1cc(Cl)c(Cl)cc1Cl,isssty,0,0,0,-1,-1,-1,Train
908,CCN(CC)c1ccc(C(=C2C=CC(=[N+](CC)CC)C=C2)c2ccc(N(CC)CC)cc2)cc1,isssty,0,0,-1,0,0,-1,Train
909,O=[N+]([O-])c1c(Cl)c(Cl)c(Cl)c(Cl)c1Cl,isssty,0,0,-1,0,0,-1,Internal
910,C=C1C[C@@]23C[C@@]1(O)CC[C@@H]2[C@]12C=C[C@@H](O)C(C)(C(=O)O1)[C@@H]2[C@@H]3C(=O)O,isssty,0,0,-1,0,0,-1,Train
911,O=C(CCl)NCO,isssty,0,0,-1,0,0,-1,Train
912,[Pt+2],isssty,1,1,1,-1,-1,1,Train
913,OB(O)O,isssty,0,0,-1,0,0,-1,Train
914,CC(C)(C)OO,isssty,0,0,1,0,1,1,External
915,C1CNCCN1,isssty,0,0,-1,0,0,-1,Internal
916,Nc1ccc(-c2ccc(N)c(O)c2)cc1O,isssty,0,1,-1,0,0,1,Train
917,S=C([S-])NCCNC1=[SH][Mn+2]<-[SH-]1,isssty,0,0,-1,0,0,-1,Train
918,NCCCNCCCN,isssty,0,0,-1,0,0,-1,External
919,O=C(NO)c1ccccc1,isssty,1,1,-1,1,1,1,External
920,C=C(C)c1ccccc1,isssty,0,0,-1,0,-1,-1,External
921,CC(C)(C)c1ccc(C(=O)O)cc1,isssty,0,0,-1,0,0,-1,External
922,Cc1c(N)cccc1N,isssty,1,1,-1,-1,-1,1,Train
923,CC(O)CC(C)(C)O,isssty,0,0,-1,0,0,-1,Train
924,Nc1cccc(S(=O)(=O)O)c1,isssty,0,0,-1,0,-1,-1,Train
925,c1ccc2cc(Nc3ccc(Nc4ccc5ccccc5c4)cc3)ccc2c1,isssty,0,0,-1,0,0,-1,Train
926,C#CC,isssty,0,0,-1,0,0,-1,Train
927,NC(Cc1ccc(O)c([N+](=O)[O-])c1)C(=O)O,isssty,0,0,0,-1,-1,-1,Train
928,Nc1cc([N+](=O)[O-])cc([N+](=O)[O-])c1O,isssty,1,1,-1,1,-1,1,Train
929,Oc1cc(Cl)c(Cl)cc1Cl,isssty,-1,-1,0,-1,-1,-1,Internal
930,CC1=CC2CC1C1C(=O)OC(=O)C21,isssty,0,0,-1,0,0,-1,Train
931,Nc1ccc(Cl)cc1N,isssty,1,1,-1,0,-1,1,Train
932,CC(C)C#N,isssty,-1,1,-1,-1,1,1,Train
933,OCC(Br)CBr,isssty,1,1,1,1,0,1,Train
934,COP(=S)(OC)Oc1ccc(Sc2ccc(OP(=S)(OC)OC)cc2)cc1,isssty,1,0,0,1,-1,1,Train
935,CCN(CC)C(=O)c1cccc(C)c1,isssty,0,0,-1,0,-1,-1,Train
936,Nc1ccc(S(=O)(=O)O)cc1,isssty,0,0,0,0,-1,-1,External
937,O=C(Cl)c1ccccc1[N+](=O)[O-],isssty,1,1,-1,0,-1,1,External
938,NC(CNCCCC[C@@H](N)C(=O)O)C(=O)O,isssty,0,0,0,-1,-1,-1,Train
939,C=Cc1ccc(S(=O)(=O)[O-])cc1,isssty,0,0,-1,0,0,-1,Train
940,C=CCc1ccc(O)c(O)c1,isssty,0,0,1,0,-1,1,External
941,NC(CC(=O)O)C(=O)O,isssty,0,0,-1,0,0,-1,Train
942,CCCCCC,isssty,0,0,0,0,0,0,Train
943,c1ccc2c(c1)-c1cccc3cccc-2c13,isssty,1,1,0,0,1,1,Train
944,[Cl][Pt-2]([Cl])([Cl])([Cl])([Cl])[Cl],isssty,1,1,1,-1,-1,1,Internal
945,O[C@H]1C=Cc2c(ccc3c2ccc2ccccc23)[C@@H]1O,isssty,-1,1,-1,-1,-1,1,Train
946,CCC1NC(=O)c2cc(S(N)(=O)=O)c(Cl)cc2N1,isssty,0,0,-1,0,-1,-1,Train
947,Cl/C=C/[As](Cl)Cl,isssty,0,0,0,-1,-1,-1,External
948,Nc1ccc(-c2ccc(N)c(N)c2)cc1N,isssty,1,0,-1,-1,-1,1,Internal
949,O=[N+]([O-])c1ccc([N+](=O)[O-])cc1,isssty,1,1,-1,-1,-1,1,Train
950,O=C(/C=C/C=C/c1ccc2c(c1)OCO2)N1CCCCC1,isssty,0,0,0,-1,-1,-1,Train
951,Nc1nc(=O)n([C@@H]2C[C@@H](O)[C@H](CO)O2)cc1I,isssty,0,0,0,0,0,0,External
952,O=c1[nH]c(=O)n([C@@H]2C[C@@H](O)[C@H](CO)O2)cc1CCCCl,isssty,0,0,0,0,0,0,External
953,Nc1nc(=O)n([C@@H]2C[C@@H](O)[C@H](CO)O2)cc1CCCl,isssty,0,0,0,0,0,0,Train
954,c1cc2cccc3c4cccc5cccc(c(c1)c23)c54,isssty,1,1,-1,1,1,1,Train
955,O=C1c2cc([N+](=O)[O-])ccc2-c2ccc([N+](=O)[O-])cc21,isssty,1,1,-1,-1,-1,1,External
956,O=C(O)CBr,isssty,-1,1,-1,0,0,1,External
957,CC(CCN(C)C)N(C)C,isssty,0,0,-1,0,0,-1,Train
958,O=C1C[C@H](O)[C@@H]2c3c(ccc(O)c31)-c1ccc(O)c3c1[C@@]2(O)CCC3=O,isssty,1,-1,1,-1,1,1,Train
959,CC(=O)C=O,isssty,1,1,1,-1,-1,1,Train
960,[Cl][Pd-2]([Cl])([Cl])[Cl],isssty,0,0,0,-1,-1,-1,External
961,O=C1c2cc([N+](=O)[O-])ccc2-c2c1cc([N+](=O)[O-])cc2[N+](=O)[O-],isssty,1,1,-1,-1,1,1,Train
962,[Cl][Rh-2]([Cl])([Cl])([Cl])[Cl],isssty,1,1,1,-1,-1,1,Train
963,Cc1cc(O)c2c(c1)C(=O)c1cccc(O)c1C2=O,isssty,0,0,1,0,1,1,Train
964,CCOCc1c(O)cc2c(c1O)C(=O)c1ccccc1C2=O,isssty,1,1,1,-1,1,1,Train
965,CCCCCc1cc(O)cc(O)c1,isssty,0,0,-1,0,-1,-1,Train
966,O=C(O)CCSCCC(=O)O,isssty,0,0,-1,0,0,-1,Train
967,CC1(C)CC[C@]2(C(=O)O)CC[C@]3(C)C(=CC[C@@H]4[C@@]5(C)C[C@@H](O)[C@@H](O)[C@@](C)(C(=O)O)[C@@H]5CC[C@]43C)[C@@H]2C1,isssty,0,0,0,-1,-1,-1,External
968,CC(=O)c1c(C)c([N+](=O)[O-])c(C(C)(C)C)c([N+](=O)[O-])c1C,isssty,0,0,-1,0,-1,-1,Train
969,NCC(=O)O,isssty,0,0,0,0,0,0,Internal
970,O=C1NC(=O)c2ccccc21,isssty,0,0,-1,0,0,-1,Internal
971,CC1(C)CC[C@]2(C(=O)O)CC[C@]3(C)C(=CC[C@@H]4[C@@]5(C)C[C@H](O)[C@H](O[C@H]6O[C@@H](CO)[C@H](O)[C@@H](O)[C@H]6O)C(C)(C(=O)O)C5CC[C@]43C)[C@H]2C1,isssty,0,0,0,-1,-1,-1,Train
972,O=C([O-])c1cccnc1Nc1cccc(C(F)(F)F)c1.O=C([O-])c1cccnc1Nc1cccc(C(F)(F)F)c1.[Cu+2],isssty,0,0,0,-1,-1,-1,External
973,Cc1ccc(S(=O)(=O)NC2CCCCC2)cc1,isssty,0,0,-1,0,0,-1,Train
974,CCC(C)C(C)CO,isssty,0,0,-1,0,-1,-1,Train
975,CCCC(=O)O,isssty,0,0,0,0,0,0,Train
976,CN1CCC[C@H]1c1cccnc1,isssty,0,0,-1,0,0,-1,Internal
977,Oc1ccc2cc(SSc3ccc4cc(O)ccc4c3)ccc2c1,isssty,0,0,0,0,-1,-1,Internal
978,CC(=O)O[C@@H]1C[C@@H]2C(COC(=O)CC(C)C)=CO[C@H](OC(=O)CC(C)C)[C@@H]2[C@@]12CO2,isssty,0,1,-1,0,0,1,Train
979,COP(=O)(OC)OC=C(Cl)Cl,isssty,0,1,-1,-1,-1,1,Train
980,[Cl][Pd-2]([Cl])([Cl])([Cl])([Cl])[Cl],isssty,0,0,0,-1,-1,-1,Train
981,O=[N+]([O-])c1cccc2c([N+](=O)[O-])cccc12,isssty,1,1,-1,0,1,1,Train
982,CC(=O)OCC(COC(C)=O)OC(C)=O,isssty,0,0,-1,0,0,-1,Train
983,C#CCO,isssty,0,1,0,0,-1,1,Train
984,[Cr+2].c1cc[cH-]c1.c1cc[cH-]c1,isssty,1,1,-1,0,-1,1,External
985,O=c1[nH]c(=O)n(C2CC(O)C(CO)O2)cc1I,isssty,0,0,0,0,0,0,External
986,C=C(C#N)C(=O)OC,isssty,0,1,-1,0,0,1,Train
987,CC(=O)[c-]1c(=O)cc(C)oc1=O,isssty,0,0,0,0,0,0,External
988,COC1=CC(=O)c2c(nc(C)c3c2[nH]c2ccccc23)C1=O,isssty,1,1,-1,-1,-1,1,Train
989,CC(C)(C)OOC(C)(C)C,isssty,0,0,-1,0,-1,-1,Train
990,CC(C)(O)C#N,isssty,0,0,-1,0,-1,-1,External
991,C[n+]1cccc(C(=O)[O-])c1,isssty,0,0,-1,0,0,-1,Train
992,OCCBr,isssty,0,1,-1,1,-1,1,External
993,CCOP(=O)(NC(C)C)Oc1ccc(SC)c(C)c1,isssty,0,0,-1,0,-1,-1,External
994,COc1ccc(C(Cl)=C(c2ccc(OC)cc2)c2ccc(OC)cc2)cc1,isssty,0,0,-1,0,0,-1,Train
995,ClC(Cl)(Cl)c1nc(-c2ccc3c(c2)OCO3)nc(C(Cl)(Cl)Cl)n1,isssty,0,1,-1,1,0,1,Train
996,CCOc1cc(C=O)ccc1O,isssty,0,0,0,0,0,0,Train
997,Cn1c([N+](=O)[O-])cnc1-c1nnc(N)s1,isssty,1,-1,1,-1,-1,1,Train
998,O=[N+]([O-])c1cc([N+](=O)[O-])c(O)c([N+](=O)[O-])c1,isssty,1,1,-1,1,1,1,Train
999,OCCOc1ccccc1,isssty,0,0,-1,0,0,-1,Train
1000,CN,isssty,0,0,-1,0,0,-1,Train
1001,O=[N+]([O-])c1ccccc1O,isssty,0,0,-1,0,0,-1,Internal
1002,Nc1cc(C(=O)O)c(O)c(S(=O)(=O)O)c1,isssty,0,0,-1,0,0,-1,Train
1003,CC(C)CC(=O)CC(C)C,isssty,0,0,-1,0,0,-1,Train
1004,C[C@H]1O[C@@H](O[C@H]2[C@H](O[C@H]3[C@@H](O[C@H]4CC[C@@]5(C)[C@@H](CC[C@]6(C)[C@@H]5CC=C5[C@@H]7CC(C)(C)C[C@@H](O)[C@]7(C)CC[C@]56C)[C@@]4(C)CO)O[C@@H](C(=O)O)[C@H](O)[C@@H]3O)O[C@@H](CO)[C@H](O)[C@@H]2O)[C@H](O)[C@H](O)[C@H]1O,isssty,0,0,0,-1,-1,-1,Train
1005,CC(=O)C(C)=O,isssty,0,-1,1,0,0,1,Train
1006,COS(=O)(=O)[O-].C[n+]1c2ccccc2nc2ccccc21,isssty,0,-1,0,0,1,1,Train
1007,Cc1ccc2cc3c(ccc4ccccc43)c3c2c1CC3,isssty,1,1,-1,1,1,1,Train
1008,Nc1cccc(O)c1,isssty,0,0,-1,0,-1,-1,Train
1009,Nc1nc2cc(Cl)c(Cl)cc2s1,isssty,0,0,-1,0,0,-1,External
1010,CCCCCCCCC1CO1,isssty,0,0,-1,0,0,-1,Train
1011,C=CC(=O)OCCCCCOC(=O)C=C,isssty,0,0,-1,0,0,-1,Train
1012,C[C@]12CC[C@@H]3c4ccc(O)cc4CC[C@H]3[C@@H]1CC[C@H]2O,isssty,0,0,-1,0,0,-1,External
1013,C[C@]12CC[C@@H]3c4ccc(O)cc4CC[C@H]3[C@@H]1C[C@H](O)[C@H]2O,isssty,0,0,-1,0,0,-1,Train
1014,CC(/C=C/C=C(\C)C(=O)O[C@@H]1O[C@@H](CO[C@@H]2O[C@@H](CO)[C@H](O)[C@@H](O)[C@@H]2O)[C@H](O)[C@@H](O)[C@H]1O)=C\C=C\C=C(C)\C=C\C=C(/C)C(=O)O[C@@H]1O[C@@H](CO[C@H]2O[C@H](CO)[C@@H](O)[C@H](O)[C@@H]2O)[C@H](O)[C@H](O)[C@H]1O,isssty,0,0,-1,0,0,-1,Train
1015,N#CC(C#N)=C(C#N)C#N,isssty,0,0,-1,0,0,-1,External
1016,C[C@]12C=CC(=O)C=C1CC[C@@H]1[C@@H]2C(=O)C[C@@]2(C)[C@H]1CC[C@]2(O)C(=O)CO,isssty,0,0,-1,0,0,-1,Train
1017,C=CCn1c(=O)n(CC=C)c(=O)n(CC=C)c1=O,isssty,0,0,-1,0,0,-1,External
1018,Cc1nc2ccccc2s1,isssty,0,0,0,0,0,0,Train
1019,Cc1nnc(NS(=O)(=O)c2ccc(N)cc2)s1,isssty,0,0,-1,0,0,-1,Train
1020,CC1(C)C(=O)[C@]2(C)CC[C@H]1C2,isssty,0,0,0,0,0,0,Train
1021,CCOCOCC,isssty,0,0,-1,0,0,-1,Train
1022,[CH3][Hg][Cl],isssty,0,0,-1,0,0,-1,Train
1023,ClCCSCCCl,isssty,1,0,1,-1,-1,1,Train
1024,Clc1ccc(C(c2ccc(Cl)cc2)C(Cl)(Cl)Cl)cc1,isssty,0,0,-1,0,0,-1,Train
1025,Cc1cc2nc3c(=O)[nH]c(=O)nc-3n(CC(O)C(O)C(O)CO)c2cc1C,isssty,0,0,0,-1,-1,-1,Train
1026,N#Cc1cc(Br)c(O)c(Br)c1,isssty,0,0,-1,0,0,-1,Train
1027,CC(O)CCC(=O)c1ccoc1,isssty,0,0,-1,0,0,-1,External
1028,CCCO,isssty,0,0,-1,0,0,-1,Train
1029,NC(=O)c1ccc(N)cc1,isssty,0,0,-1,0,0,-1,Train
1030,Nc1ccc(S(N)(=O)=O)cc1,isssty,0,0,-1,0,0,-1,Train
1031,C=C(C)C(=O)OCC(C)(C)C,isssty,0,0,-1,0,0,-1,Train
1032,CC1CS1,isssty,0,0,-1,0,0,-1,External
1033,CNC(=O)c1c(N(C)N=O)ncn1C,isssty,0,0,0,0,0,0,Train
1034,Nc1nc(=O)c2ncn(C3C=CC(CO)C3)c2[nH]1,isssty,0,0,-1,0,0,-1,Train
1035,C=Cc1ccc(OC)cc1,isssty,0,0,-1,0,0,-1,Train
1036,O=C(OCC(COC(=O)c1ccccc1)(COC(=O)c1ccccc1)COC(=O)c1ccccc1)c1ccccc1,isssty,0,0,-1,0,0,-1,Internal
1037,O=[N+]([O-])/C(Br)=C\c1ccccc1,isssty,0,0,-1,0,0,-1,Train
1038,Nc1ncnc2c1ncn2[C@@H]1CC[C@H](CO)O1,isssty,0,0,-1,0,0,-1,External
1039,C[CH2][Ge]([Cl])([CH2]C)[CH2]C,isssty,0,0,-1,0,0,-1,Train
1040,c1ccc(-c2ccccc2-c2ccccc2)cc1,isssty,0,0,-1,0,0,-1,Train
1041,c1ccc(-c2ccc(-c3ccccc3)cc2)cc1,isssty,0,0,-1,0,0,-1,Internal
1042,C=CC[Si](C)(C)C,isssty,0,0,-1,0,0,-1,Train
1043,O=c1c(O)c(O)c1=O,isssty,0,0,-1,0,0,-1,Train
1044,CCCCCCc1ccc(-c2ccc(C#N)cc2)cc1,isssty,0,0,-1,0,0,-1,Train
1045,CNC(=O)N(c1ccccc1)c1ccccc1,isssty,0,0,-1,0,0,-1,Train
1046,CN1[C@@H]2C[C@@H](OC(=O)[C@H](CO)c3ccccc3)C[C@H]1[C@@H]1O[C@@H]12,isssty,0,0,-1,0,0,-1,External
1047,O=c1[nH][nH]c2ccccc12,isssty,0,0,-1,0,0,-1,Train
1048,C=C[Si](C)(C)CCl,isssty,0,0,-1,0,0,-1,Internal
1049,Clc1nnc(Cl)c2ccccc12,isssty,0,0,-1,0,0,-1,Train
1050,Oc1ccc(Cl)c(Cl)c1Cl,isssty,0,0,-1,0,0,-1,Train
1051,CNN,isssty,0,-1,1,-1,0,1,External
1052,O=C1N=NC(=O)C2C=CC=CC12,isssty,0,0,-1,0,0,-1,Train
1053,O=C(C(=O)c1ccccc1)c1ccccc1,isssty,0,0,-1,0,0,-1,Train
1054,C=CC(=O)OCC(C)(C)C,isssty,0,0,-1,0,0,-1,Train
1055,C=C(C)C(=O)OCC(C)(C)COC(=O)C(=C)C,isssty,0,0,-1,0,0,-1,Train
1056,CCCCCCCCCCC1CO1,isssty,0,0,-1,0,0,-1,Train
1057,O=[N+]([O-])c1ccccc1-c1ccccc1,isssty,0,0,-1,0,-1,-1,Train
1058,C=C(C)C(=O)OCCCCOC(=O)C(=C)C,isssty,0,0,-1,0,0,-1,Train
1059,O=C1c2cccc(O)c2C(=O)c2cccc(O)c21,isssty,1,0,-1,0,1,1,Train
1060,CC(C)C1=CC2=CC[C@@H]3[C@](C)(CCC[C@@]3(C)C(=O)O)[C@H]2CC1,isssty,0,0,-1,0,0,-1,Train
1061,N#CCc1ccc(Cl)cc1,isssty,0,0,0,0,0,0,External
1062,C=CC(=O)OCCCCC,isssty,0,0,-1,0,0,-1,Train
1063,C=CCc1ccc(O)cc1,isssty,0,0,-1,0,0,-1,Train
1064,C=CC(=O)OCCOCCOC(=O)C=C,isssty,0,0,-1,0,0,-1,External
1065,Nc1n[nH]c(=S)s1,isssty,0,0,-1,0,0,-1,Train
1066,C=C1CC/C=C(\C)CC[C@@H]2[C@H]1CC2(C)C,isssty,0,0,0,0,0,0,External
1067,CCO[Si](OCC)(OCC)OCC,isssty,0,0,0,0,0,0,Train
1068,CC(COC(=O)c1ccccc1)(COC(=O)c1ccccc1)COC(=O)c1ccccc1,isssty,0,0,-1,0,0,-1,Train
1069,CC/C(=C(\c1ccccc1)c1ccc(OCCN(C)C)cc1)c1ccccc1.O=C(O)CC(O)(CC(=O)O)C(=O)O,isssty,0,0,-1,0,0,-1,Train
1070,O=C(O)CCc1ccccc1,isssty,0,0,-1,0,0,-1,Train
1071,OCCCc1ccccc1,isssty,0,0,-1,0,0,-1,Train
1072,Clc1cc(Cl)c(Cl)cc1Cl,isssty,0,0,-1,0,0,-1,Train
1073,Nc1nc2ccc([N+](=O)[O-])cc2s1,isssty,1,1,-1,-1,-1,1,Train
1074,Nc1ccc(S(=O)(=O)Nc2nccs2)cc1,isssty,0,0,-1,0,0,-1,Internal
1075,O=c1nc[nH]c2c1ncn2[C@@H]1CC[C@H](CO)O1,isssty,0,0,-1,0,0,-1,Train
1076,CC(=O)CC(=O)CCC(=O)O,isssty,0,0,-1,0,0,-1,Train
1077,COc1ccc(-c2coc3cc(O)cc(O)c3c2=O)cc1,isssty,0,0,-1,0,0,-1,Train
1078,CSC(C)(C)/C=N/O,isssty,0,0,-1,0,0,-1,Train
1079,O=C1CC(c2ccc(O)cc2)Oc2cc(O)cc(O)c21,isssty,0,0,-1,0,0,-1,Train
1080,N#CCCN,isssty,0,0,-1,0,0,-1,Internal
1081,C=C(C)C(=O)OCCCCCOC(=O)C(=C)C,isssty,0,0,-1,0,0,-1,External
1082,CCCCC/C=C/C=C/C=O,isssty,0,0,-1,0,0,-1,External
1083,O=C1C=CC(=O)CC(=O)C1,isssty,0,0,-1,0,0,-1,Train
1084,CCCCC=O,isssty,0,0,-1,0,0,-1,Train
1085,ClCBr,isssty,1,1,-1,-1,-1,1,Internal
1086,CC(=O)CC(C)(C)O,isssty,0,0,-1,0,0,-1,Train
1087,O=C1c2ccccc2CCc2ccccc21,isssty,0,0,-1,0,0,-1,Train
1088,COc1ccc2nc(N)sc2c1,isssty,1,1,-1,1,1,1,Train
1089,C=CC(=O)OCCCCOC(=O)C=C,isssty,0,0,-1,0,0,-1,Train
1090,c1ccc2c(c1)CCCC2,isssty,0,0,-1,0,0,-1,Train
1091,C=C(C)C(=O)OCCOCCOC(=O)C(=C)C,isssty,0,0,-1,0,0,-1,Train
1092,S=[Se],isssty,0,0,-1,0,-1,-1,Train
1093,C=CC(=O)OC(C)(C)C,isssty,0,0,-1,0,0,-1,Train
1094,CCCCCCCCCCCCCCCCCCCC,isssty,0,0,-1,0,0,-1,Internal
1095,C#C[C@]1(O)CC[C@H]2[C@@H]3CCC4=C(CCC(=O)C4)[C@H]3CC[C@@]21C,isssty,0,0,-1,0,0,-1,Train
1096,CNC(=O)O/N=C/C(C)(C)SC,isssty,0,0,-1,0,0,-1,Train
1097,COCCOC(C)=O,isssty,0,0,-1,0,0,-1,Train
1098,Cc1c(N)c(=O)n(-c2ccccc2)n1C,isssty,0,0,0,-1,0,-1,Internal
1099,O=c1ncnc2[nH][nH]cc1-2,isssty,0,0,-1,0,0,-1,External
1100,CC1=Nc2ccccc2C1(C)C,isssty,0,0,-1,0,0,-1,Train
1101,C=C(C)C(=O)OC(C)(C)C,isssty,0,0,-1,0,0,-1,External
1102,CCc1ccc(C(C)CCc2ccc([N+](C)(C)C)cc2)cc1,isssty,0,0,-1,0,0,-1,Internal
1103,O=C1c2ccccc2C(=O)N1SC(Cl)(Cl)Cl,isssty,0,1,0,1,-1,1,Train
1104,O=C(O)/C=C/c1cnc[nH]1,isssty,0,0,-1,0,0,-1,Train
1105,COC(C)=O,isssty,0,0,-1,0,0,-1,Train
1106,CCC(C)C(C(CC(=O)N1CCCC1C(OC)C(C)C(=O)NC(Cc1ccccc1)c1nccs1)OC)N(C)C(=O)C(NC(=O)C(C(C)C)N(C)C)C(C)C,isssty,0,0,-1,0,0,-1,Train
1107,Cc1ccc2nc(-c3ccc(N)cc3)sc2c1,isssty,1,1,-1,0,1,1,Train
1108,CC(C)[C@@]12CC(=O)[C@@H](C)[C@@H]1C2,isssty,0,0,0,0,0,0,External
1109,Cc1[nH]c(=O)c(C#N)cc1-c1ccncc1,isssty,0,0,0,0,0,0,Internal
1110,CCCCOC(=O)CC(CC(=O)OCCCC)(OC(C)=O)C(=O)OCCCC,isssty,0,0,-1,0,0,-1,Train
1111,O=C1C=Cc2ccccc2/C1=N/Nc1ccccc1,isssty,-1,0,-1,0,-1,-1,Internal
1112,Cc1cc(S(=O)(=O)O)ccc1N,isssty,0,0,-1,0,0,-1,Train
1113,O=C(O)/C=C\c1ccc(O)c(O)c1,isssty,0,0,-1,0,0,-1,Train
1114,C=C(C)C(C)=O,isssty,0,0,-1,0,0,-1,Train
1115,O=[N+]([O-])c1cc(Cl)ccc1Cl,isssty,0,1,-1,0,0,1,Train
1116,C[SiH](Cl)Cl,isssty,0,0,-1,0,0,-1,Train
1117,CCn1cc(C(=O)O)c(=O)c2cc(F)c(N3CCNCC3)cc21,isssty,0,0,1,-1,-1,1,Internal
1118,CC(C#N)CCC#N,isssty,0,0,-1,0,0,-1,Train
1119,O=C1C=CC(=O)N1c1ccc(Cc2ccc(N3C(=O)C=CC3=O)cc2)cc1,isssty,0,0,-1,0,0,-1,Internal
1120,c1ccc2[nH]cnc2c1,isssty,0,0,-1,0,0,-1,Internal
1121,C[C@@H](Cc1ccc(O)c(O)c1)[C@@H](C)Cc1ccc(O)c(O)c1,isssty,0,0,-1,0,0,-1,External
1122,COc1ccc(C(=O)Nc2ccccc2)cc1[N+](=O)[O-],isssty,1,1,-1,0,1,1,Train
1123,COc1cc(/C=C/C(=O)O)ccc1O,isssty,0,0,-1,0,0,-1,Train
1124,CC/C(=C(\c1ccccc1)c1ccc(OCCN(C)C)cc1)c1ccccc1,isssty,0,0,-1,0,0,-1,Train
1125,CCOC(=O)CC(=O)CCl,isssty,0,0,-1,0,0,-1,External
1126,CSC[C@@H](NC(=O)COc1cccc2cnccc12)C(=O)N[C@@H](Cc1ccccc1)[C@@H](O)C(=O)N1CSC[C@@H]1C(=O)NC(C)(C)C,isssty,0,0,-1,0,0,-1,External
1127,O=C(/C=C/c1ccc(O)c(O)c1)O[C@H]1C[C@](O)(C(=O)O)C[C@H](O)[C@H]1O,isssty,0,0,-1,0,0,-1,Internal
1128,CCCCCCCCCCCCCl,isssty,0,0,-1,0,0,-1,Train
1129,Fc1ccccc1-c1ccccc1,isssty,0,0,-1,0,0,-1,Internal
1130,O=c1[nH]c2ccccc2o1,isssty,0,0,-1,0,0,-1,Train
1131,CS(=O)(=O)c1ccc(O)c(N)c1,isssty,0,0,-1,0,0,-1,Train
1132,COc1cc(/C=C/C(=O)/C=C(O)/C=C/c2ccc(O)c(OC)c2)ccc1O,isssty,0,0,-1,0,0,-1,Train
1133,O=C1NC(=O)c2cc([N+](=O)[O-])ccc21,isssty,1,0,-1,0,1,1,External
1134,Nc1nc(Cl)cc(Cl)n1,isssty,0,0,-1,0,0,-1,Train
1135,O=C([O-])c1ccc2ccccc2c1,isssty,0,0,-1,0,0,-1,Train
1136,O=c1c(-c2ccc(O)cc2)coc2cc(O)ccc12,isssty,0,0,-1,0,0,-1,Train
1137,CC(C)CCCCCCOC(=O)CCCCC(=O)OCCCCCCC(C)C,isssty,0,0,-1,0,0,-1,External
1138,O=C(CCc1ccc(O)cc1)c1c(O)cc(O)cc1O,isssty,0,0,-1,0,0,-1,Train
1139,[O]=[Zr]([Cl])[Cl],isssty,0,0,-1,0,0,-1,Train
1140,NC(=O)NNC(N)=O,isssty,0,0,-1,0,0,-1,External
1141,c1ccc(COCc2ccccc2)cc1,isssty,0,0,-1,0,-1,-1,Train
1142,Nc1ccc(S(=O)(=O)Nc2cnc3c(Cl)cccc3n2)cc1,isssty,0,0,-1,0,0,-1,External
1143,Nc1ccn([C@H]2C=C(CO)[C@H](O)[C@@H]2O)c(=O)n1,isssty,0,0,-1,0,0,-1,Train
1144,NS(=O)(=O)c1cc2c(cc1Cl)NC=NS2(=O)=O,isssty,0,0,-1,0,0,-1,Train
1145,O=[N+]([O-])c1ccc2ccc3ccccc3c2c1,isssty,1,1,-1,-1,-1,1,Train
1146,CCCCCCCCc1ccc(Nc2ccc(CCCCCCCC)cc2)cc1,isssty,0,0,-1,0,0,-1,External
1147,Cc1ccc(S(=O)(=O)NC(=O)NN2CCCCCC2)cc1,isssty,0,0,-1,0,-1,-1,Train
1148,CC1CCCO1,isssty,0,0,0,0,0,0,Train
1149,OC(C(F)(F)F)C(F)(F)F,isssty,0,0,-1,0,0,-1,External
1150,O=c1nc[nH]c2ccccc12,isssty,0,0,-1,0,0,-1,Train
1151,CCCCCCCCC,isssty,0,0,-1,0,0,-1,External
1152,O=C(O)c1cc2c(c3c1c([N+](=O)[O-])cc1ccccc13)OCO2,isssty,-1,1,-1,-1,1,1,Train
1153,C[C@H]1CC[C@]2(OC1)O[C@H]1C[C@H]3[C@@H]4CC=C5C[C@H](O)CC[C@]5(C)[C@H]4CC[C@]3(C)[C@H]1[C@H]2C,isssty,0,0,-1,0,0,-1,Internal
1154,CC(=O)C1(c2ccccc2)CCNCC1,isssty,0,0,-1,0,0,-1,Internal
1155,C=C(C)C(=O)OCCCCCCOC(=O)C(=C)C,isssty,0,0,-1,0,0,-1,External
1156,Nc1cccc2c(=O)[nH][nH]c(=O)c12,isssty,0,0,-1,0,0,-1,External
1157,Cc1cccc([NH3+])c1,isssty,0,0,-1,0,0,-1,Train
1158,N=C(N)NC(=O)c1nc(Cl)c(N)nc1N,isssty,0,0,-1,0,1,1,Train
1159,C[C@H]1[C@@H](O)[C@H](C)/C=C\C=C/C=C\C=C/C=C\C=C/C=C\[C@@H](O[C@H]2O[C@@H](C)[C@H](O)[C@@H](N)[C@H]2O)C[C@@H]2O[C@](O)(C[C@@H](O)C[C@@H](O)[C@@H](O)CC[C@H](O)C[C@H](O)CC(=O)O[C@@H]1C)C[C@H](O)[C@H]2C(=O)O,isssty,0,0,-1,0,0,-1,Internal
1160,CCc1ccco1,isssty,0,0,-1,0,0,-1,Train
1161,CC(=O)c1ccccn1,isssty,0,0,-1,0,0,-1,External
1162,C1COC1,isssty,0,0,-1,1,0,1,Internal
1163,CN(C)C(=O)Oc1ccc[n+](C)c1,isssty,0,0,-1,0,0,-1,Train
1164,COC(=O)[C@H]1[C@H]2C[C@@H]3c4[nH]c5cc(OC)ccc5c4CCN3C[C@H]2C[C@@H](OC(=O)/C=C/c2cc(OC)c(OC)c(OC)c2)[C@H]1OC,isssty,0,0,-1,0,0,-1,Train
1165,C=CC(=O)OCC(C)(C)COC(=O)C=C,isssty,0,0,-1,0,0,-1,Train
1166,Cc1cccc(O)c1N,isssty,0,0,0,0,0,0,External
1167,C#C[C@]1(O)CC[C@H]2[C@@H]3CCC4=CC(=O)CC[C@@H]4[C@H]3CC[C@@]21CC,isssty,0,0,-1,0,0,-1,External
1168,O=C([O-])CN(CCN(CC(=O)[O-])CC(=O)[O-])CC(=O)[O-],isssty,0,0,-1,0,0,-1,Internal
1169,CC/C=C/C/C=C/C/C=C/CCCCCCCC(=O)O,isssty,0,0,-1,0,0,-1,Train
1170,CCCCCCCCCC(=O)O,isssty,0,0,-1,0,0,-1,Train
1171,COCCCN,isssty,0,0,-1,0,0,-1,Train
1172,CC(C)=CCOc1c2occc2cc2ccc(=O)oc12,isssty,-1,1,0,-1,-1,1,Train
1173,O=C1OC(=O)c2cc([N+](=O)[O-])ccc21,isssty,1,0,-1,-1,1,1,Internal
1174,N#CCCNCCC#N,isssty,0,0,-1,0,0,-1,Train
1175,CCCCCCCCCc1ccc(OP(=O)(Oc2ccccc2)Oc2ccccc2)cc1,isssty,0,0,-1,0,0,-1,Train
1176,Nc1ccc([N+](=O)[O-])c(N)c1,isssty,1,0,-1,0,-1,1,Internal
1177,C=C(C)OC(C)=O,isssty,0,0,-1,0,0,-1,Train
1178,ClNc1nc(NCl)nc(NCl)n1,isssty,0,0,-1,0,0,-1,Train
1179,Cc1ccccc1C=O,isssty,0,0,-1,0,0,-1,Train
1180,COc1cc2c(c(OC)c1OC)-c1ccc(OC)c(=O)cc1[C@@H](NC(C)=O)CC2,isssty,0,0,-1,0,0,-1,External
1181,CCOC(=O)C(Cl)C(C)=O,isssty,0,0,-1,0,0,-1,Train
1182,c1ccc(-c2cccc(-c3ccccc3)c2)cc1,isssty,0,0,-1,0,0,-1,Train
1183,O=C([O-])C1[O][Sb+][O]C(C(=O)[O-])C(C(=O)[O-])[O][Sb+][O]C1C(=O)[O-],isssty,0,0,-1,0,0,-1,External
1184,CCC/C=N\O,isssty,0,0,-1,0,0,-1,Train
1185,C=C[Si](C)(C)N[Si](C)(C)C=C,isssty,0,0,-1,0,0,-1,Train
1186,CC(O)CN1CC(C)OC1=O,isssty,0,0,-1,0,0,-1,Train
1187,CCCCCCCCCCCC(=O)OOC(=O)CCCCCCCCCCC,isssty,0,0,-1,0,0,-1,Train
1188,C[Si](C)(C)N[Si](C)(C)C,isssty,0,0,-1,0,0,-1,Train
1189,Oc1ccc2c(c1)OCO2,isssty,0,0,-1,0,0,-1,Train
1190,CC1CCC(C(C)C)C(OC(=O)c2ccccc2N)C1,isssty,0,0,-1,0,0,-1,Train
1191,O=CC(O)C(O)C(O)C(O)COC1OC(COC2OC(CO)C(O)C(O)C2O)C(O)C(O)C1O,isssty,0,0,-1,0,0,-1,Train
1192,O=S(=O)([O-])OOS(=O)(=O)[O-],isssty,0,0,0,0,0,0,Train
1193,COC(=O)Nc1cccc(OC(=O)Nc2cccc(C)c2)c1,isssty,0,0,-1,-1,-1,-1,Train
1194,Nc1nc(NO)c2[nH]cnc2n1,isssty,-1,1,-1,-1,-1,1,Train
1195,CCl,isssty,0,1,-1,1,0,1,Train
1196,c1ccc2c(c1)oc1ccccc12,isssty,0,0,-1,-1,-1,-1,Internal
1197,O=S([O-])S(=O)(=O)[O-],isssty,0,0,0,0,0,0,Train
1198,CC(=O)CC(=O)Nc1ccc(C)cc1,isssty,0,0,0,0,0,0,Train
1199,C[Si](C)(C)O[Si](C)(C)O[Si](C)(C)C,isssty,0,0,-1,0,0,-1,Train
1200,CCN1CCN(C(=O)N[C@@H](C(=O)N[C@@H]2C(=O)N3[C@@H]2SC(C)(C)[C@@H]3C(=O)[O-])c2ccccc2)C(=O)C1=O,isssty,0,0,-1,0,0,-1,Train
1201,CCOP(=S)(OCC)SCSCC,isssty,0,0,-1,0,-1,-1,Train
1202,C/C=C\C=C\C=O,isssty,0,1,-1,0,-1,1,Train
1203,ONc1ccc(-c2ccccc2)cc1,isssty,1,1,-1,0,-1,1,External
1204,C=C(C)C(=O)OCC1CO1,isssty,0,1,1,1,-1,1,Train
1205,NCCN.[Pt+2],isssty,1,1,-1,-1,-1,1,Train
1206,O=C(CCCN1CCN(c2ccccn2)CC1)c1ccc(F)cc1,isssty,0,0,-1,0,0,-1,Internal
1207,O=C(O)C(Cl)(Cl)Cl,isssty,0,0,-1,-1,-1,-1,Train
1208,CC(O)CN(C)c1ccc(NN)nn1,isssty,1,0,1,0,1,1,Train
1209,CNC(=O)Oc1ccc2c(c1)[C@]1(C)CCN(C)[C@@H]1N2C,isssty,0,0,-1,0,0,-1,Train
1210,O=c1n(CC2CO2)c(=O)n(CC2CO2)c(=O)n1CC1CO1,isssty,1,1,-1,1,0,1,Train
1211,Cn1cc[n+](COCCC(C)(C)[N+](=O)[O-])c1/C=N/O,isssty,0,0,-1,0,0,-1,Train
1212,Cc1cc(Nc2ccc(O)cc2)ccc1N,isssty,1,0,-1,-1,-1,1,Train
1213,CN(C)C1=[SH][Zn+2]2([SH]=C([SH-]->2)N(C)C)<-[SH-]1,isssty,0,1,0,1,-1,1,Train
1214,CC(C)NCC1CCc2cc(CO)c([N+](=O)[O-])cc2N1,isssty,1,-1,-1,0,0,1,Train
1215,Nc1ccc(Cc2ccc(N)c(Cc3ccc(N)cc3)c2)cc1,isssty,1,1,-1,0,1,1,Train
1216,CCOc1ccc(NO)cc1,isssty,-1,1,-1,-1,-1,1,Train
1217,CC(C)=CCl,isssty,0,0,0,0,0,0,Internal
1218,CN(C)c1ccc(/N=N/S(=O)(=O)[O-])cc1,isssty,1,1,-1,-1,-1,1,External
1219,CCN(C)C(=O)Oc1ccc2c(c1)C1(C)CCN(C)C1N2C,isssty,0,0,-1,0,0,-1,External
1220,CNC(=C[N+](=O)[O-])NCCSCc1ccc(CN(C)C)o1,isssty,0,0,-1,0,0,-1,Train
1221,CCc1cccc(CC)c1N,isssty,-1,-1,-1,0,0,-1,Train
1222,OCC(O)CO,isssty,0,0,0,0,0,0,Train
1223,COc1cccc([N+](=O)[O-])c1,isssty,0,0,-1,0,0,-1,Train
1224,S=C(NC1CCCCC1)NC1CCCCC1,isssty,0,0,-1,0,0,-1,Train
1225,N[C@@H](CCC(=O)[O-])C(=O)[O-],isssty,0,0,-1,0,0,-1,Train
1226,N[C@@H](CCC(=O)[O-])C(=O)O,isssty,0,0,-1,0,0,-1,Train
1227,CCCN(CCCN(C)C)C1C/C(=C\c2sc3ccccc3[n+]2C)c2ccccc2N1c1ccccc1,isssty,1,0,1,0,0,1,Train
1228,COc1ccc2nc3cc(Cl)ccc3c([NH2+]CCC[NH2+]CCCl)c2c1,isssty,1,1,-1,0,1,1,Internal
1229,NC(=O)NO,isssty,1,1,1,0,0,1,Train
1230,Nc1ccc2c(c1)CN1C(=O)c3ccccc3C1=N2,isssty,1,1,1,-1,-1,1,Train
1231,COc1ccc(Nc2ccc(OC)cc2)cc1,isssty,0,0,-1,0,-1,-1,Internal
1232,COc1cc(O)c2c(=O)oc3cc(O)cc(C)c3c2c1,isssty,0,0,0,-1,-1,-1,Train
1233,O=[N+]([O-])c1cccc2cccc([N+](=O)[O-])c12,isssty,1,1,-1,0,1,1,Train
1234,O=C1CCC(N2C(=O)c3ccccc3C2=O)C(=O)N1,isssty,0,0,-1,0,0,-1,Internal
1235,CCC(CCOC[n+]1ccn(C)c1/C=N/O)[N+](=O)[O-],isssty,0,0,-1,0,0,-1,Train
1236,C[C@]1(Cn2ccnn2)[C@@H](C(=O)O)N2C(=O)C[C@H]2S1(=O)=O,isssty,0,0,0,0,0,0,Train
1237,COc1ccc2c(c1)c(CC(=O)O)c(C)n2C(=O)c1ccc(Cl)cc1,isssty,0,0,-1,-1,0,-1,Internal
1238,Nc1ncn[nH]1,isssty,0,0,-1,0,-1,-1,Train
1239,COP(=S)(OC)Oc1ccc([N+](=O)[O-])cc1,isssty,0,1,-1,0,0,1,Train
1240,CCC[CH2][Sn]([CH2]CCC)([CH2]CCC)[O][Sn]([CH2]CCC)([CH2]CCC)[CH2]CCC,isssty,0,0,-1,0,-1,-1,Train
1241,C/C=C/c1cc(OC)c(OC)cc1OC,isssty,0,-1,-1,1,0,1,External
1242,Cc1cc(=O)[nH]c(=S)[nH]1,isssty,0,0,-1,0,-1,-1,External
1243,CCCCON=O,isssty,0,1,-1,1,0,1,Train
1244,CC(=O)C(Cl)Cl,isssty,0,1,-1,1,0,1,External
1245,CC1(C)[C@@H](O[C@H]2O[C@H](C(=O)O)[C@@H](O)[C@H](O)[C@H]2O[C@@H]2O[C@H](C(=O)O)[C@@H](O)[C@H](O)[C@H]2O)CC[C@]2(C)[C@H]3C(=O)C=C4[C@@H]5C[C@@](C)(C(=O)O)CC[C@]5(C)CC[C@@]4(C)[C@]3(C)CC[C@@H]12,isssty,0,0,0,0,0,0,Train
1246,CCCCOCCOCCOCc1cc2c(cc1CCC)OCO2,isssty,0,0,0,0,0,0,Train
1247,CC1(C)[C@H](C=C(Br)Br)[C@@H]1C(=O)O[C@H](C#N)c1cccc(Oc2ccccc2)c1,isssty,0,0,-1,0,0,-1,Train
1248,CC(=O)Nc1ccc(Oc2c(Cl)cc(Cl)cc2Cl)cc1,isssty,0,1,-1,-1,-1,1,Train
1249,CN(Cc1ccccc1)N=O,isssty,-1,1,-1,-1,-1,1,Train
1250,CCOP(=O)(OCC)OCC,isssty,0,0,0,0,0,0,External
1251,C[C@H](CCC(=O)O)[C@H]1CC[C@H]2[C@@H]3[C@@H](O)C[C@@H]4C[C@@H](O)CC[C@]4(C)[C@H]3C[C@H](O)[C@]12C,isssty,0,0,-1,-1,-1,-1,External
1252,Nc1ccc2[nH]c3ccccc3c2c1,isssty,1,0,-1,-1,0,1,Train
1253,COc1cccc(N)c1,isssty,0,0,0,0,0,0,Train
1254,C1=Cc2c3ccccc3cc3cccc1c23,isssty,1,1,-1,0,1,1,Train
1255,Cc1cc(O)cc2oc(=O)c3c(O)cc(O)cc3c12,isssty,0,0,1,-1,-1,1,Train
1256,C[C@H](CCC(=O)O)[C@H]1CC[C@H]2[C@@H]3CC[C@@H]4C[C@@H](O)CC[C@]4(C)[C@H]3C[C@H](O)[C@]12C,isssty,0,0,-1,-1,-1,-1,Train
1257,CCOC(=O)CC(C)=O,isssty,0,0,0,0,0,0,External
1258,CN(C)c1ccc(C(=N)c2ccc(N(C)C)cc2)cc1,isssty,1,0,-1,-1,-1,1,Train
1259,CN[C@@H]1[C@H](O[C@H]2[C@H](O[C@H]3[C@H](O)[C@@H](O)[C@H](NC(=N)N)[C@@H](O)[C@@H]3NC(=N)N)O[C@@H](C)[C@]2(O)C=O)O[C@@H](CO)[C@H](O)[C@H]1O.CN[C@@H]1[C@H](O[C@H]2[C@H](O[C@H]3[C@H](O)[C@@H](O)[C@H](NC(=N)N)[C@@H](O)[C@@H]3NC(=N)N)O[C@@H](C)[C@]2(O)C=O)O[C@@H](CO)[C@H](O)[C@H]1O,isssty,0,0,1,0,0,1,Train
1260,CC1OC1C,isssty,0,0,-1,1,0,1,Train
1261,O=P(OCCCl)(OCCCl)OCCCl,isssty,0,0,-1,0,0,-1,Train
1262,ClC1C(Br)C(Br)C(Br)C(Br)C1Br,isssty,0,0,-1,0,-1,-1,Train
1263,CCCC(O)C(CC)CO,isssty,0,0,-1,0,0,-1,Internal
1264,O=c1cc(CO)occ1O,isssty,1,1,-1,-1,-1,1,Train
1265,O=C(O)c1ccc(O)cc1,isssty,0,0,0,0,0,0,Train
1266,O=Nc1ccc(O)cc1,isssty,1,0,-1,0,-1,1,External
1267,Cc1ccc(S(=O)(=O)Oc2ccc(/N=N/c3ccc(-c4ccc(/N=N/c5c(O)ccc6cc(S(=O)(=O)[O-])cc(S(=O)(=O)[O-])c56)c(C)c4)cc3C)cc2)cc1,isssty,1,0,-1,0,0,1,External
1268,CCc1c(O)c2c(c(O)c1C(C)=O)C(=O)c1c(cc(O)c(C(=O)O)c1C(=O)O)C2=O,isssty,0,0,-1,0,0,-1,External
1269,N#CCBr,isssty,0,0,-1,0,0,-1,Train
1270,CCCCCCCCCCO,isssty,0,0,0,0,0,0,Internal
1271,COc1cc(-c2ccc(/N=N/c3cc(S(=O)(=O)[O-])c4ccccc4c3O)c(OC)c2)ccc1/N=N\c1cc(S(=O)(=O)[O-])c2ccccc2c1N,isssty,0,0,-1,0,-1,-1,Train
1272,CC1CCC(C(C)(C)OO)CC1,isssty,0,0,-1,0,0,-1,Train
1273,O=[N+]([O-])c1c2ccccc2cc2ccccc12,isssty,1,1,-1,-1,-1,1,Train
1274,CCOc1ccccc1N,isssty,0,0,-1,0,-1,-1,External
1275,Cc1ccc(C)c(N)c1,isssty,1,-1,-1,0,-1,1,External
1276,[NH2][Pt+2]1([NH2])[O]C(=O)C2(CCC2)C(=O)[O]1,isssty,0,0,1,0,0,1,External
1277,CCN1CCOCC1,isssty,0,0,-1,1,0,1,Train
1278,CCBr,isssty,0,1,-1,-1,-1,1,Train
1279,Cc1nc(N)cc2[nH]c3ccccc3c12,isssty,1,0,-1,-1,-1,1,Train
1280,CC1=C2C(=CO[C@@H](C)[C@@H]2C)C(=O)C(=C(O)O)C1=O,isssty,0,0,0,0,0,0,External
1281,O=C([O-])c1ccccc1,isssty,0,0,0,0,0,0,Train
1282,CCCCCCCCCCCCCCCC(=O)OCC(O)C1OC(O)=C(O)C1=O,isssty,0,0,0,0,0,0,Train
1283,O=C1c2ccccc2C(=O)c2c1ccc(O)c2O,isssty,0,0,-1,0,1,1,External
1284,ClCc1ccc(Cl)cc1,isssty,0,0,0,0,0,0,External
1285,Nc1cccc(N)n1,isssty,-1,0,-1,0,1,1,External
1286,CC(O)COC(C)(C)C,isssty,0,0,-1,0,0,-1,Train
1287,COc1cc(-c2ccc(/N=N/c3cc(S(=O)(=O)[O-])c4ccccc4c3O)c(OC)c2)ccc1/N=N/c1cc(S(=O)(=O)[O-])c2ccccc2c1O,isssty,0,0,-1,0,0,-1,Train
1288,CCN(CC[N+](C)(C)C)c1ccc(/N=N/c2ccc([N+](=O)[O-])cc2Cl)cc1,isssty,1,1,-1,-1,1,1,Train
1289,Cc1cc(-c2ccc(/N=N/c3c(S(=O)(=O)[O-])cc4cc(S(=O)(=O)[O-])cc(O)c4c3O)c(C)c2)ccc1/N=N/c1c(S(=O)(=O)[O-])cc2cc(S(=O)(=O)[O-])cc(O)c2c1O,isssty,0,0,-1,0,0,-1,Train
1290,CC[C@@]1(O)C[C@@H](OC2CC(N(C)C)C(OC3CC(O)C(OC4CCC(=O)C(C)O4)C(C)O3)C(C)O2)c2c(cc3c(c2O)C(=O)c2c(O)cccc2C3=O)[C@@H]1C(=O)OC,isssty,0,0,-1,-1,0,-1,Train
1291,O=[N+]([O-])c1cc(Cl)c(/N=N/c2ccc(N(CCO)CCO)cc2Cl)c(Cl)c1,isssty,1,-1,-1,-1,1,1,Train
1292,O=C[CH-]C=O,isssty,0,0,-1,0,0,-1,External
1293,O[C@@H]1[C@@H]2O[C@@H]2c2c(cc3ccc4cccc5ccc2c3c45)[C@H]1O,isssty,1,1,1,-1,-1,1,Train
1294,c1ccc2c(c1)cc1c3c2ccc2cccc(c23)C2OC12,isssty,1,1,-1,-1,1,1,Train
1295,CCN(CC)C(=O)Nc1ccc(OCC(O)CNC(C)(C)C)c(C(C)=O)c1,isssty,0,0,0,0,0,0,Train
1296,Oc1c(Cl)cc(Cl)cc1Cl,isssty,-1,0,-1,-1,-1,-1,Train
1297,ClC1C2(Cl)C3C4C5OC5C5C4C1(Cl)C(Cl)(C53)C2(Cl)Cl,isssty,0,0,-1,0,-1,-1,Internal
1298,CNC,isssty,0,0,-1,0,0,-1,Train
1299,Nc1cccc(Cl)c1,isssty,0,0,-1,0,0,-1,Train
1300,CC(=O)N1CCC[C@@H]1C(=O)N(CC(=O)O)N=O,isssty,0,1,1,1,0,1,Train
1301,CCOP(=O)(C#N)N(C)C,isssty,0,0,-1,0,0,-1,External
1302,CC(=O)C(/N=N/c1ccc(-c2ccc(/N=N/C(C(C)=O)C(=O)Nc3ccccc3)c(Cl)c2)cc1Cl)C(=O)Nc1ccccc1,isssty,0,0,-1,0,0,-1,Train
1303,O=[N+]([O-])OCC(CO[N+](=O)[O-])O[N+](=O)[O-],isssty,-1,0,0,1,-1,1,Train
1304,CN1CC[C@@]2(C)c3cc(O)ccc3N(C)[C@@H]12,isssty,0,0,-1,0,0,-1,Train
1305,CC(C)(O)[C@@H]1Cc2cc3ccc(=O)oc3cc2O1,isssty,1,1,0,-1,-1,1,Train
1306,CN(C)C(=O)Nc1cccc(C(F)(F)F)c1,isssty,0,0,-1,0,-1,-1,Train
1307,CCCCCCCCCCCCCCCCCC1=NCCN1CCO,isssty,0,0,-1,0,0,-1,Train
1308,CCOS(=O)(=O)OCC,isssty,1,1,-1,1,1,1,External
1309,O=C1NC(=O)C(O)(O)C(=O)N1,isssty,0,0,-1,0,-1,-1,External
1310,c1ccc2c(c1)Nc1ccccc1S2,isssty,0,0,-1,0,0,-1,Internal
1311,CN(C)CCCNc1c2ccccc2nc2cccc([N+](=O)[O-])c12,isssty,1,1,-1,0,1,1,Train
1312,CC(=O)Nc1ccc(C)cc1,isssty,0,0,-1,0,-1,-1,External
1313,O=C(O)/C=C/C=C/C(=O)O,isssty,0,0,0,0,-1,-1,Train
1314,O=[N+]([O-])c1cccc(Cl)c1Cl,isssty,0,0,-1,0,0,-1,Train
1315,OCCCCO,isssty,0,0,-1,0,-1,-1,External
1316,C=CC(=O)OCCCl,isssty,0,-1,-1,1,0,1,Train
1317,CCCCC#N,isssty,0,0,-1,0,-1,-1,External
1318,COc1cc2c(c3oc4cccc(O)c4c(=O)c13)[C@@H]1C=CO[C@@H]1O2,isssty,1,1,-1,-1,-1,1,Train
1319,Nc1cc([N+](=O)[O-])cc(S(=O)(=O)O)c1O,isssty,0,0,-1,0,-1,-1,Train
1320,Nc1ccc(/N=N/c2ccc(-c3ccc(/N=N/c4c(S(=O)(=O)[O-])cc5cc(S(=O)(=O)[O-])c(/N=N/c6ccccc6)c(O)c5c4N)cc3)cc2)c(N)c1,isssty,1,0,-1,-1,-1,1,Train
1321,CCOc1ccc(/N=N/c2ccc(-c3ccc(/N=N/c4c(O)ccc5cc(S(=O)(=O)[O-])cc(S(=O)(=O)[O-])c45)c(C)c3)cc2C)cc1,isssty,0,0,-1,0,0,-1,Train
1322,Oc1ccc(O)cc1,isssty,-1,-1,1,-1,-1,1,Train
1323,c1cnc2c(c1)ccc1cccnc12,isssty,0,0,-1,0,0,-1,Train
1324,O=C1OCC(C(Cl)Cl)=C1Cl,isssty,0,1,1,-1,-1,1,Train
1325,CC(=O)O[C@H]1[C@@H]2O[C@H]2C2=CC(=O)[C@]3(C[C@]2(C)[C@H]1C)O[C@@]3(C)C=O,isssty,1,0,-1,0,0,1,Train
1326,O=[N+]([O-])c1c2ccccc2c2ccc3cccc4ccc1c2c43,isssty,1,1,-1,-1,-1,1,Train
1327,O=[N+]([O-])c1cc2ccc3cc4ccccc4c4ccc(c1)c2c34,isssty,1,1,-1,-1,-1,1,Train
1328,O=[N+]([O-])c1ccc2c(ccc3c4ccccc4ccc23)c1,isssty,1,1,-1,-1,-1,1,Internal
1329,CC1(C)CC(N=C=O)CC(C)(CN=C=O)C1,isssty,0,0,-1,0,0,-1,Train
1330,COc1cc([C@H]2c3cc4c(cc3[C@@H](O)[C@H]3COC(=O)[C@H]23)OCO4)cc(OC)c1OC,isssty,0,0,-1,0,0,-1,Internal
1331,O=C1c2ccccc2C(=O)c2c(O)c(O)cc(O)c21,isssty,0,0,-1,0,1,1,Internal
1332,C=CCc1ccc(OC)c(OC)c1,isssty,0,0,-1,0,0,-1,External
1333,c1ccc2n[nH]nc2c1,isssty,0,0,-1,1,-1,1,External
1334,CC1=CC(=C(C#N)C#N)C=C(/C=C/c2ccc(N(C)C)cc2)O1,isssty,1,1,1,-1,-1,1,Train
1335,C[C@@H]1O[C@@H](O[C@H]2C[C@](O)(C(=O)CO)Cc3c(O)c4c(c(O)c32)C(=O)c2ccccc2C4=O)C[C@H](N)[C@@H]1O,isssty,1,1,-1,-1,-1,1,Internal
1336,CCOP(=S)(Cl)OCC,isssty,0,0,0,0,0,0,Internal
1337,C=CC1CO1,isssty,0,1,-1,1,-1,1,Train
1338,CCCCC(CC)COP(=O)(OCC(CC)CCCC)OCC(CC)CCCC,isssty,0,0,-1,0,0,-1,Train
1339,C(=NC1CCCCC1)=NC1CCCCC1,isssty,0,0,-1,0,-1,-1,Internal
1340,CC(C)COC(=O)c1ccccc1N,isssty,0,0,-1,0,0,-1,Train
1341,Nc1ncnc2c1ncn2C1OC(CO)C(O)C1O,isssty,0,0,-1,0,-1,-1,Train
1342,CCN(CC)CCO,isssty,0,0,-1,0,0,-1,Train
1343,CCNCC,isssty,0,0,-1,0,0,-1,External
1344,CC(Cl)CCCC(Cl)CCCC(Cl)CCCC(Cl)CCCC(Cl)CCCC(Cl)CCCl,isssty,0,0,-1,0,0,-1,External
1345,Cc1noc(NS(=O)(=O)c2ccc(N)cc2)c1C,isssty,0,0,-1,0,-1,-1,Train
1346,CC1=C(C(=O)Nc2ccccc2)SCCO1,isssty,0,0,-1,0,-1,-1,Train
1347,Nc1cccc2cc3ccccc3cc12,isssty,1,1,-1,1,1,1,Train
1348,CC1(C)S[C@@H]2[C@H](NC(=O)COc3ccccc3)C(=O)N2[C@H]1C(=O)[O-],isssty,0,0,-1,0,0,-1,External
1349,[Cl][Pd][Cl],isssty,0,0,-1,0,0,-1,External
1350,COc1ccc(C(=O)/C(Br)=C\C(=O)[O-])cc1,isssty,1,1,-1,1,-1,1,Train
1351,CC1(C)S[C@@H]2[C@H](NC(=O)[C@H](N)c3ccccc3)C(=O)N2[C@H]1C(=O)O,isssty,0,0,-1,0,0,-1,Train
1352,COc1ccc(C(=O)c2ccccc2O)c(O)c1,isssty,0,0,-1,0,1,1,Train
1353,O=C([O-])c1ccccc1Nc1cc(Cl)ccc1C(=O)[O-],isssty,0,0,-1,0,0,-1,Train
1354,CN(C)NC(=O)CCC(=O)O,isssty,0,0,-1,0,0,-1,Train
1355,C=C1CC(=O)O1,isssty,0,0,0,0,0,0,Internal
1356,O=S1(=O)CC=CC1,isssty,0,0,-1,0,0,-1,Internal
1357,CNC[C@@H](O)c1ccc(O)c(O)c1,isssty,0,0,-1,0,0,-1,Train
1358,Brc1cc(Br)c(OCCOc2c(Br)cc(Br)cc2Br)c(Br)c1,isssty,0,0,-1,0,0,-1,Train
1359,O=C1[O][Bi]([OH])[O]c2ccccc21,isssty,0,0,-1,0,0,-1,External
1360,S=c1nc[nH]c2nc[nH]c12,isssty,0,-1,0,1,0,1,Train
1361,OC(CBr)C(O)C(O)C(O)CBr,isssty,0,1,-1,1,0,1,Train
1362,ClCCNCCCl,isssty,1,1,-1,1,-1,1,Train
1363,O=C/C=C/c1ccc([N+](=O)[O-])o1,isssty,1,1,-1,-1,-1,1,Train
1364,CC(=O)/C=C/c1ccco1,isssty,0,0,-1,0,0,-1,External
1365,O=Cc1ccc([N+](=O)[O-])o1,isssty,1,1,-1,-1,-1,1,External
1366,CC(C)CCC(C)Nc1ccc(NC(C)CCC(C)C)cc1,isssty,0,0,-1,0,0,-1,Train
1367,O=C(Cl)c1ccc(Cl)cc1,isssty,0,0,0,0,0,0,Train
1368,COc1cccc2c1CC([N+](=O)[O-])c1ccc3c(c1-2)OCO3,isssty,1,1,-1,1,-1,1,External
1369,CCCCCCCCCCCCCCC1CO1,isssty,0,0,-1,0,0,-1,External
1370,O=C(CCl)c1ccc(Cl)cc1Cl,isssty,0,0,-1,0,0,-1,External
1371,CN(N=O)c1ccccc1,isssty,-1,1,-1,-1,1,1,Train
1372,CCCCCON=O,isssty,0,1,-1,1,0,1,Train
1373,C=C(CN(C)C)C(=O)c1ccccc1,isssty,0,1,0,0,-1,1,Train
1374,CCNc1nc(Cl)nc(NCC)n1,isssty,0,0,0,-1,-1,-1,Train
1375,CCN(CC)C(=S)SSC(=S)N(CC)CC,isssty,0,0,-1,0,0,-1,Train
1376,Cc1cc(N(CCO)CCO)ccc1/N=N/c1ccc(N)cc1,isssty,0,0,-1,0,0,-1,Train
1377,OCCNc1ccc(/N=N/c2ccc(NCCO)cc2)cc1,isssty,1,0,-1,0,0,1,Train
1378,CN(C)[C@@H]1C(O)=C(C(N)=O)C(=O)[C@@]2(O)C(O)=C3C(=O)c4c(O)cccc4[C@@](C)(O)[C@H]3[C@H](O)[C@@H]12,isssty,0,0,-1,0,0,-1,Train
1379,COC(=O)C(C)(C)Oc1ccc(-c2ccc(Cl)cc2)cc1,isssty,0,0,-1,0,0,-1,Train
1380,Nc1nc(N)nc(N)n1,isssty,0,0,-1,0,0,-1,Train
1381,CC(C)(C)c1ccc(OCC2CO2)cc1,isssty,0,1,-1,0,0,1,External
1382,CCC(C)ON=O,isssty,0,0,-1,1,0,1,Train
1383,COC/C(=C/c1ccccc1)OC,isssty,0,0,-1,0,1,1,External
1384,C=CC(C)(C)c1cc2cc3c(cc2oc1=O)OC(C(C)(C)O)C3,isssty,1,1,0,-1,-1,1,Train
1385,CC1(C)O[C@@H]1COc1c2occc2cc2ccc(=O)oc12,isssty,0,0,0,-1,-1,-1,Train
1386,CC=C(Cl)Cl,isssty,0,0,-1,0,-1,-1,Train
1387,CCCCCCCCC1OC1CCCCCCCC(=O)OCC(CC)CCCC,isssty,0,0,-1,0,-1,-1,Train
1388,O=C1CCCCCCCCCCCC(=O)OCCO1,isssty,0,0,0,0,0,0,Train
1389,CC(Oc1ccc(Cl)cc1Cl)C(=O)O,isssty,0,0,0,-1,-1,-1,External
1390,O=C(O)CCCc1c[nH]c2ccccc12,isssty,0,0,-1,0,0,-1,External
1391,C=C1CC[C@@H](O)C/C1=C/C=C1\CCC[C@]2(C)[C@@H]([C@@H](C)CCCC(C)C)CC[C@@H]12,isssty,0,0,-1,0,0,-1,External
1392,CC(Br)(CCl)CBr,isssty,0,0,-1,0,0,-1,Train
1393,C=CC(=O)OCC(CC)CCCC,isssty,0,0,-1,0,0,-1,Train
1394,CC(C)CCC[C@H](C)[C@H]1CC[C@H]2[C@@H]3CC=C4C[C@H](OC(=O)Cc5ccc(N(CCCl)CCCl)cc5)CC[C@]4(C)[C@H]3CC[C@]12C,isssty,0,0,-1,0,0,-1,Train
1395,N#Cc1ccc(/C=C/c2ccc([N+](=O)[O-])cc2)cc1,isssty,1,1,-1,-1,-1,1,External
1396,CCC=O,isssty,0,0,0,-1,-1,-1,Train
1397,CCn1c2ccccc2c2cc([NH3+])ccc21,isssty,1,1,-1,0,1,1,External
1398,Brc1cccc(-c2ccccc2)c1,isssty,0,0,-1,0,0,-1,Train
1399,O=Cc1ccc(Cl)cc1,isssty,0,0,0,-1,-1,-1,Train
1400,C[As](C)(=O)O,isssty,0,0,-1,0,0,-1,Train
1401,O=C1CCCCC1,isssty,0,0,-1,0,0,-1,Train
1402,C=CC(=O)NC(C)(C)CC(C)=O,isssty,0,0,-1,0,0,-1,Train
1403,Oc1cc(Cl)cc(Cl)c1,isssty,0,0,-1,0,0,-1,Train
1404,CCN(CC)c1ccc2c(C)cc(=O)oc2c1,isssty,0,0,-1,0,0,-1,External
1405,Cc1cc(=O)oc2cc(O)cc(O)c12,isssty,0,0,-1,0,0,-1,External
1406,CN(C)C#N,isssty,0,0,-1,0,0,-1,Train
1407,CCCCB(CCCC)CCCC,isssty,1,1,-1,-1,-1,1,Internal
1408,O=NN(CCCl)C(=O)NC1CCCCC1,isssty,0,1,-1,1,-1,1,Train
1409,N#CSCSC#N,isssty,0,0,-1,0,0,-1,Train
1410,CC(C)NCC(O)c1ccc(O)c(O)c1,isssty,0,0,-1,0,0,-1,Train
1411,C=C(C)C(=O)O,isssty,0,0,-1,0,0,-1,Train
1412,Oc1c(Cl)cc(Cl)c(Cl)c1Cl,isssty,0,0,-1,0,-1,-1,Train
1413,C=CCOC(=O)CC(C)C,isssty,0,0,-1,0,0,-1,Train
1414,C(=C/c1ccccc1)\c1ccccc1,isssty,0,0,-1,0,0,-1,Train
1415,Clc1c(Cl)c(Cl)c2ccccc2c1Cl,isssty,0,0,-1,0,0,-1,Train
1416,[CH3][Pb]([CH3])([CH3])[CH3],isssty,0,0,-1,0,0,-1,Train
1417,S=C(Nc1ccccc1)Nc1ccccc1,isssty,0,0,-1,0,0,-1,Train
1418,c1ccc2nc3ccccc3cc2c1,isssty,0,0,-1,0,1,1,Train
1419,Clc1cc(Cl)cc(Cl)c1,isssty,0,0,-1,0,0,-1,Train
1420,CC(=O)Nc1cccc(C)c1,isssty,0,0,-1,0,-1,-1,Train
1421,CCn1cc(C(=O)O)c(=O)c2cc(F)c(-c3ccncc3)c(F)c21,isssty,0,0,-1,0,0,-1,Train
1422,O=[N+]([O-])c1ccc(Nc2ccc(N=C=S)cc2)cc1,isssty,0,0,-1,0,0,-1,Train
1423,C=C(C)C(=O)OCCN(C)C,isssty,0,0,0,0,0,0,External
1424,Oc1ccccc1-c1ccccc1O,isssty,0,0,0,0,-1,-1,Train
1425,Oc1ccc(-c2ccc(O)cc2)cc1,isssty,0,0,0,0,-1,-1,Train
1426,Nc1ccc(C=O)cc1,isssty,0,0,-1,0,0,-1,Internal
1427,O=C(Nc1ccc([N+](=O)[O-])cc1Cl)c1cc(Cl)ccc1O,isssty,1,-1,-1,-1,-1,1,Train
1428,CCCCN(CC)CC,isssty,0,0,-1,0,-1,-1,Train
1429,Clc1ccc(COC(Cn2ccnc2)c2ccc(Cl)cc2Cl)cc1,isssty,0,0,-1,0,-1,-1,Train
1430,CCc1ccccc1O,isssty,0,0,-1,0,-1,-1,Train
1431,N#CCCO,isssty,0,0,-1,0,-1,-1,Internal
1432,CC(C)Oc1ccc(Nc2ccccc2)cc1,isssty,0,0,-1,0,-1,-1,Train
1433,COC(=O)c1ccc(C=O)cc1,isssty,0,0,-1,0,-1,-1,Train
1434,Cc1c[nH]c(=S)[nH]c1=O,isssty,0,0,-1,0,-1,-1,Train
1435,COC(=O)C1=C(C)NC(C)=C(C(=O)OC)C1c1ccccc1[N+](=O)[O-],isssty,0,0,-1,0,-1,-1,Train
1436,O=[N+]([O-])c1ccc(CCO)cc1,isssty,1,1,-1,1,-1,1,Train
1437,CCCBr,isssty,0,0,0,0,0,0,Internal
1438,Cc1ccccc1O,isssty,0,0,-1,0,0,-1,Train
1439,CCNS(=O)(=O)c1ccc(C)cc1,isssty,0,0,-1,0,-1,-1,Train
1440,COP(=S)(OC)SCC(=O)N(C)C=O,isssty,0,0,-1,0,-1,-1,Internal
1441,O=C1c2ccccc2-c2ccccc21,isssty,0,0,-1,0,0,-1,Train
1442,CCN,isssty,0,0,-1,0,0,-1,External
1443,CCOC(=O)C1OC1(C)c1ccccc1,isssty,0,0,-1,0,0,-1,Train
1444,CCCCCC[N+](=O)[O-],isssty,0,0,-1,0,0,-1,Train
1445,O=C(S)c1ccccc1,isssty,0,0,0,0,0,0,Internal
1446,O=[N+]([O-])c1cc([N+](=O)[O-])cc([N+](=O)[O-])c1,isssty,1,1,-1,-1,-1,1,External
1447,C=CC(=O)OCC(C)C,isssty,0,0,-1,0,0,-1,Internal
1448,O=C(OC1CCCCC1)c1ccccc1C(=O)OC1CCCCC1,isssty,0,0,-1,0,0,-1,Internal
1449,CCCCC(CC)COC(=O)/C=C/c1ccc(OC)cc1,isssty,0,0,-1,0,0,-1,Train
1450,FC(F)(F)C(Cl)Br,isssty,0,0,-1,0,0,-1,Train
1451,O=C([O-])CCC(=O)OC[C@@H](NC(=O)C(Cl)Cl)[C@H](O)c1ccc([N+](=O)[O-])cc1,isssty,0,0,-1,0,0,-1,Train
1452,Nc1ccc(C(=O)O)cc1,isssty,0,0,-1,0,0,-1,Train
1453,C/C=C/c1ccc(OC)cc1,isssty,0,0,-1,0,0,-1,Train
1454,COCCOCCOC,isssty,0,0,-1,0,0,-1,External
1455,CCC[CH2][Sn]([CH2]CCC)([O]C(C)=O)[O]C(C)=O,isssty,0,0,-1,0,0,-1,Train
1456,C=C(C)C1CC=C(C)C(O)C1,isssty,0,0,-1,0,0,-1,Train
1457,Nc1c(Cl)cc([N+](=O)[O-])cc1[N+](=O)[O-],isssty,1,1,-1,-1,-1,1,Train
1458,CCCCCNCCCCC,isssty,0,0,-1,0,0,-1,Internal
1459,C[C@]12CC[C@@H](OC(=O)COc3ccc(N(CCCl)CCCl)cc3)C[C@@H]1CC[C@@H]1[C@@H]2CC[C@]2(C)NC(=O)CC[C@@H]12,isssty,0,1,-1,1,0,1,External
1460,CC[C@H]1CN2CCc3cc(OC)c(OC)cc3[C@@H]2C[C@@H]1C[C@H]1NCCc2cc(OC)c(OC)cc21,isssty,0,0,-1,0,0,-1,External
1461,Cc1ccc(N/N=C2\C(=O)C=Cc3ccccc32)c(C)c1,isssty,1,-1,-1,-1,-1,1,External
1462,O=C([O-])c1ccccc1-c1c2ccc(=O)cc-2oc2cc([O-])ccc12,isssty,0,0,-1,0,0,-1,Train
1463,O=C(O)c1ccc(S(=O)(=O)N(Cl)Cl)cc1,isssty,0,0,-1,0,0,-1,External
1464,CC(C)CN,isssty,0,0,-1,0,0,-1,External
1465,[O]=[Pb]=[O],isssty,0,0,-1,0,0,-1,Train
1466,C/C=C\C=O,isssty,1,1,-1,-1,0,1,Train
1467,CN(C)CCC(c1ccccc1)c1ccccn1,isssty,0,0,-1,0,0,-1,External
1468,CC(=O)OCc1ccc2c(c1)OCO2,isssty,0,0,-1,0,0,-1,Internal
1469,CC(=O)/C=C/c1ccc2c(c1)OCO2,isssty,0,0,-1,0,0,-1,Train
1470,O=[N+]([O-])c1ccc(NCCO)c(OCCO)c1,isssty,1,1,-1,1,1,1,Train
1471,COc1ccc(CN(CCN(C)C)c2ncccn2)cc1,isssty,0,0,-1,0,0,-1,External
1472,CCCCCCCCCCCCCCCCCC(=O)[O-].OCC[NH+](CCO)CCO,isssty,0,0,-1,0,0,-1,Train
1473,CCCCOC(=O)c1ccccc1C(=O)OCc1ccccc1,isssty,0,0,-1,0,0,-1,Train
1474,CC(=O)Nc1ccc(OC(=O)c2ccccc2OC(C)=O)cc1,isssty,0,0,-1,0,0,-1,Train
1475,CC(=O)Oc1ccccc1C(=O)Oc1ccccc1C(=O)O,isssty,0,0,-1,0,0,-1,Train
1476,CCCCCCCCCCCCCCCCCC(=O)O.CC[C@H]1OC(=O)[C@H](C)[C@@H](O[C@H]2C[C@@](C)(OC)[C@@H](O)[C@H](C)O2)[C@H](C)[C@@H](O[C@@H]2O[C@H](C)C[C@H](N(C)C)[C@H]2O)[C@](C)(O)C[C@@H](C)C(=O)[C@H](C)[C@@H](O)[C@]1(C)O,isssty,0,0,-1,0,0,-1,Train
1477,N#CCCCCC#N,isssty,0,0,-1,0,-1,-1,Internal
1478,C=CCNC(N)=S,isssty,0,0,-1,0,-1,-1,Train
1479,C=CCSSCCC,isssty,0,0,-1,0,-1,-1,Train
1480,NS(=O)(=O)[O-],isssty,0,0,-1,0,0,-1,Train
1481,O=NN(CC(=O)O)CC1(O)OCC(O)C(O)C1O,isssty,0,0,-1,0,0,-1,Train
1482,Cc1ccc(/C=C/c2ccc([N+](=O)[O-])cc2)cc1,isssty,1,1,-1,-1,-1,1,External
1483,N[C@@H](Cc1ccccc1)C(=O)O,isssty,0,0,-1,0,0,-1,Internal
1484,NC(=O)c1ccccc1,isssty,0,0,-1,0,-1,-1,Train
1485,CCCCCCC(O)C/C=C/CCCCCCCC(=O)OCC(COC(=O)CCCCCCC/C=C/CC(O)CCCCCC)OC(=O)CCCCCCC/C=C/CC(O)CCCCCC,isssty,0,0,-1,0,-1,-1,Internal
1486,C=C1CC[C@H](O)C/C1=C\C=C1/CCC[C@]2(C)[C@@H]([C@@H](C)CCCC(C)C)CC[C@@H]12,isssty,0,0,-1,0,0,-1,Train
1487,C=CC(=O)OCCOCCOCCOCCOC(=O)C=C,isssty,0,0,-1,0,0,-1,External
1488,C=CC(=O)OCC(CO)(COC(=O)C=C)COC(=O)C=C,isssty,0,0,-1,0,0,-1,Train
1489,Cc1ccccc1/N=N/c1ccc(N(C)C)cc1,isssty,0,0,-1,0,0,-1,Train
1490,Cc1ccc(/N=N/c2ccc(N(CCO)CCO)cc2)cc1,isssty,0,0,-1,0,0,-1,Train
1491,OCCNc1ccc(/N=N/c2ccc(N(CCO)CCO)cc2)cc1,isssty,0,0,-1,0,0,-1,Train
1492,CC(=O)Nc1ccc(S(=O)(=O)[O-])c2cc(S(=O)(=O)[O-])c(/N=N/c3ccc(/N=N/c4ccc(S(=O)(=O)[O-])cc4)c4ccc(S(=O)(=O)[O-])cc34)c(O)c12,isssty,0,0,-1,0,0,-1,Train
1493,O=S(=O)([O-])c1cc(S(=O)(=O)[O-])c2c(/N=N/c3ccccc3)c(O)ccc2c1,isssty,0,0,-1,0,-1,-1,Internal
1494,Nc1ccc(/N=N/c2ccc(N)cc2)cc1,isssty,1,0,-1,0,0,1,Train
1495,C/C=C/C=O,isssty,1,1,-1,0,-1,1,External
1496,CN1C(=O)[C@@]23CC4=CC=C[C@H](O)[C@H]4N2C(=O)[C@]1(CO)SS3,isssty,0,0,0,-1,0,-1,Train
1497,NC(=O)c1ccccc1C(N)=O,isssty,0,0,-1,0,0,-1,Train
1498,Brc1ccc(Oc2cc(Br)c(Br)cc2Br)c(Br)c1,isssty,0,0,-1,0,0,-1,Train
1499,CC(C)N,isssty,0,0,-1,0,0,-1,Train
1500,CC(=O)NS(=O)(=O)c1ccc(N)cc1,isssty,0,0,-1,0,0,-1,Train
1501,CCCCO,isssty,0,0,0,-1,-1,-1,Train
1502,O=[N+]([O-])c1ccc(Nc2ccccc2O)c([N+](=O)[O-])c1,isssty,1,1,-1,1,-1,1,Train
1503,C[NH+](C)CCN(Cc1ccccc1)c1ccccc1,isssty,0,0,-1,0,0,-1,Train
1504,CN(C)c1cccc(O)c1,isssty,1,1,-1,0,-1,1,Train
1505,CCC(CCC(C)O)COC(=O)CCCCC(=O)O,isssty,0,0,0,-1,-1,-1,Internal
1506,COc1cc(Oc2ccc(Cl)cc2Cl)ccc1[N+](=O)[O-],isssty,0,1,-1,-1,-1,1,Train
1507,CCC(CCCC(=O)O)COC(=O)c1ccccc1C(=O)O,isssty,0,0,0,-1,-1,-1,Train
1508,CCNc1cc(O)ccc1C,isssty,1,-1,-1,0,-1,1,Train
1509,CCCCCCCCCCCCOCCO,isssty,0,0,-1,0,0,-1,Train
1510,O=[N+]([O-])c1ccc(/C=C/c2ccccc2)cc1,isssty,1,1,-1,-1,-1,1,Train
1511,C=CN1CCCC1=O,isssty,0,0,-1,0,0,-1,Train
1512,NCCCN,isssty,0,0,-1,0,0,-1,Train
1513,CCCNC(=O)NS(=O)(=O)c1ccc(Cl)cc1,isssty,0,0,-1,0,0,-1,Train
1514,Nc1ccc(O)c(N)c1,isssty,1,0,-1,0,0,1,Train
1515,Nc1ccc2c(c1)C(=O)c1ccc(N)cc1C2=O,isssty,1,0,-1,0,1,1,Train
1516,O=[N+]([O-])c1ccc(Oc2ccccc2)cc1,isssty,1,1,-1,-1,-1,1,Train
1517,CC(C)(C)CC(C)(C)c1ccc(O)cc1,isssty,0,0,0,0,0,0,External
1518,CCCN(CCC)S(=O)(=O)c1ccc(C(=O)O)cc1,isssty,0,0,-1,0,0,-1,External
1519,CCCCCCCCCCCC(=O)OCCS(=O)(=O)[O-],isssty,0,0,-1,0,0,-1,External
1520,CC(=O)Nc1ccc(S(=O)(=O)Cl)cc1,isssty,0,0,0,0,0,0,Internal
1521,CC(=O)OC1CC(C)OC(C)O1,isssty,0,1,-1,0,0,1,Train
1522,CCC(CCC(C)=O)COC(=O)CCCCC(=O)O,isssty,0,0,0,-1,-1,-1,External
1523,CCOC(=O)[C@@H]1O[C@H]1C(=O)N[C@@H](CC(C)C)C(=O)NCCC(C)C,isssty,0,0,-1,0,0,-1,Train
1524,CCC/C=C(/C=O)CC,isssty,0,0,-1,0,-1,-1,Train
1525,CCCCCCC[CH2][Sn]1([CH2]CCCCCCC)[O]C(=O)C=CC(=O)[O]1,isssty,0,0,-1,0,-1,-1,External
1526,CN(C)CCN(C)C,isssty,0,0,-1,0,0,-1,External
1527,Oc1cc(Cl)ccc1Cl,isssty,0,0,-1,0,0,-1,Train
1528,O=C(/C=N/O)Nc1ccccc1,isssty,0,0,-1,0,0,-1,Train
1529,Brc1c(Br)c(Br)c(Br)c(Br)c1Br,isssty,0,0,-1,0,0,-1,Train
1530,O=C(Cl)c1ccccc1F,isssty,1,1,-1,0,0,1,Train
1531,CCOc1ccc(NC(N)=O)cc1,isssty,0,0,-1,0,0,-1,Train
1532,C/C=C\c1cc(OC)c(OC)cc1OC,isssty,0,0,-1,1,0,1,Train
1533,CCS(=O)CCSP(=O)(OC)OC,isssty,0,1,-1,1,-1,1,Train
1534,C/C=C/c1ccc(OC)cc1OC,isssty,0,0,-1,0,0,-1,Train
1535,CO/C(C)=C/c1cccc(OC)c1,isssty,0,0,-1,0,0,-1,Train
1536,COC(=O)CC1C2(C)C3=C(C)C(c4ccoc4)CC3OC2C2OC(=O)C3(C)C=CC(=O)C1(C)C23,isssty,0,0,0,-1,-1,-1,Train
1537,CC1CCC(C(C)CS)CC1S,isssty,0,0,-1,0,0,-1,Train
1538,O=C(O)C(Cl)Br,isssty,0,1,-1,-1,-1,1,Train
1539,CN(C)C,isssty,0,0,-1,0,0,-1,Train
1540,CC1(C)O[C@@H]1COc1c2ccoc2cc2oc(=O)ccc12,isssty,0,0,0,-1,-1,-1,Train
1541,O=C1CCCCCCCCCCCCCCO1,isssty,0,0,0,0,0,0,External
1542,O=c1ccc2cc(O[C@H]3O[C@H](CO)[C@@H](O)[C@@H](O)[C@@H]3O)c(O)cc2o1,isssty,0,0,0,-1,-1,-1,Train
1543,O=C(O)CS,isssty,0,0,-1,0,-1,-1,Train
1544,ClC1(Cl)C2(Cl)C3(Cl)C4(Cl)C(Cl)(Cl)C5(Cl)C3(Cl)C1(Cl)C5(Cl)C24Cl,isssty,0,0,-1,0,0,-1,Train
1545,Clc1ccc(Cl)c(Cl)c1Cl,isssty,0,0,-1,0,0,-1,Train
1546,O=[N+]([O-])c1c(Cl)c(Cl)cc(Cl)c1Cl,isssty,0,0,-1,0,0,-1,Train
1547,O=C1c2ccccc2C(=O)c2c(O)cccc21,isssty,0,0,0,-1,1,1,Train
1548,C=CCOCC1CO1,isssty,0,1,-1,1,0,1,External
1549,C[NH+](C)CCN(Cc1ccsc1)c1ccccn1,isssty,0,0,-1,0,0,-1,Train
1550,CC(=O)OCC(O)CO,isssty,0,0,-1,1,0,1,External
1551,Brc1ccccc1,isssty,0,0,-1,0,0,-1,Train
1552,Brc1ccc(-c2ccccc2)cc1,isssty,0,0,-1,0,0,-1,Internal
1553,Brc1ccccc1-c1ccccc1,isssty,0,0,-1,0,0,-1,Train
1554,CCCCOC(=O)c1ccc(N)cc1,isssty,0,0,-1,0,0,-1,Train
1555,CCCCCCCCBr,isssty,0,0,0,0,0,0,Train
1556,CC1=CC[C@H]2C(C)=CC[C@H](C(C)C)[C@@H]2C1,isssty,0,0,-1,0,0,-1,Train
1557,NC(=O)CCCCC(N)=O,isssty,0,0,-1,0,0,-1,Train
1558,OC1CCCCC1,isssty,0,0,-1,0,0,-1,Train
1559,CC(C)CN(CC(C)C)CC(C)C,isssty,0,0,-1,0,0,-1,Train
1560,O=c1[nH]c(=O)[nH]c(=O)[nH]1,isssty,0,0,-1,0,0,-1,Internal
1561,CC(=O)NNC(=O)c1ccccn1,isssty,0,0,-1,0,0,-1,External
1562,Oc1ccc(Cl)c(Cl)c1,isssty,0,0,-1,0,0,-1,Train
1563,CC(=O)[C@@H]1CC[C@H]2[C@@H]3CCC4=CC(=O)CC[C@]4(C)[C@H]3CC[C@]12C,isssty,0,0,-1,0,-1,-1,Train
1564,Oc1cccc(Cl)c1Cl,isssty,0,0,-1,0,0,-1,Train
1565,OCCNCCO,isssty,0,0,-1,0,0,-1,Train
1566,CC1(C)C(=O)N(Cl)C(=O)N1Cl,isssty,0,0,-1,0,0,-1,Train
1567,C1=CC2OC2C=C1,isssty,0,1,-1,0,-1,1,Train
1568,[Ni+2],isssty,0,0,-1,0,0,-1,External
1569,Oc1cc2c(cc1O)[C@H]1c3ccc(O)c(O)c3OC[C@@]1(O)C2,isssty,0,0,-1,0,0,-1,External
1570,COP(C)(=O)OC,isssty,0,0,-1,0,0,-1,Train
1571,CC1CC(OC(=O)c2ccccc2O)CC(C)(C)C1,isssty,0,0,-1,0,0,-1,Train
1572,Clc1c(Cl)c(Cl)c2c(c1Cl)Oc1c(Cl)c(Cl)c(Cl)c(Cl)c1O2,isssty,0,0,-1,0,-1,-1,External
1573,CC(COc1ccccc1)[NH+](CCCl)Cc1ccccc1,isssty,1,1,-1,1,-1,1,Train
1574,COc1cc(CCCS(=O)(=O)[O-])ccc1O[C@H](Cc1cccc(OC)c1O)CS(=O)(=O)[O-],isssty,0,0,-1,0,0,-1,External
1575,Cc1cc(=O)oc2cc(O)ccc12,isssty,0,0,-1,0,0,-1,External
1576,CC(O)CO,isssty,0,0,-1,0,0,-1,Train
1577,COc1ccc(OC)cc1,isssty,0,0,-1,0,0,-1,Train
1578,CCCCCN(CCCCC)CCCCC,isssty,0,0,-1,0,0,-1,Train
1579,O=[N+]([O-])c1cc(Cl)c(Cl)c(Cl)c1Cl,isssty,0,0,-1,0,0,-1,Train
1580,Brc1ccc(-c2ccc(Br)c(Br)c2Br)c(Br)c1Br,isssty,0,0,-1,0,0,-1,Train
1581,ONc1ccc2c(c1)Cc1ccccc1-2,isssty,1,1,-1,-1,-1,1,Train
1582,BrCC(Br)C1CCC(Br)C(Br)C1,isssty,0,0,-1,0,0,-1,External
1583,Nc1ccccc1C(=O)OCCc1ccccc1,isssty,0,0,-1,0,-1,-1,Train
1584,c1ccc(P(c2ccccc2)c2ccccc2)cc1,isssty,0,0,-1,0,0,-1,Train
1585,CC(=O)c1ccncc1,isssty,0,0,-1,0,-1,-1,Train
1586,CC(C)(CO)CO,isssty,0,0,0,0,0,0,External
1587,CCCCOCCOP(=O)(OCCOCCCC)OCCOCCCC,isssty,0,0,-1,0,0,-1,Train
1588,O=C(O)CN(CCN(CC(=O)O)CC(=O)O)CC(=O)O,isssty,0,0,0,0,0,0,Train
1589,c1ccc(Oc2ccccc2)cc1,isssty,0,0,-1,0,0,-1,Train
1590,CCC(CCC(C)=O)COC(=O)c1ccccc1C(=O)O,isssty,0,0,0,-1,-1,-1,Train
1591,C1COCOC1,isssty,0,0,-1,0,0,-1,Train
1592,COc1cc(O)c2c(=O)c(O)c(-c3ccc(O)c(O)c3)oc2c1,isssty,1,0,0,0,-1,1,External
1593,OCCCBr,isssty,0,1,-1,1,-1,1,Train
1594,CC(=O)Nc1ccc(OC[C@H](O)CNC(C)C)cc1,isssty,0,0,-1,0,0,-1,Train
1595,Cc1cc(C)cc(OP(=O)(Oc2cc(C)cc(C)c2)Oc2cc(C)cc(C)c2)c1,isssty,0,0,-1,0,0,-1,Train
1596,O=c1c2ccc3c4c(ccc(c24)c2nc4ccccc4n12)c(=O)n1c2ccccc2nc31,isssty,1,0,-1,0,-1,1,Internal
1597,Clc1cc(Cl)c(Cl)c(Cl)c1Cl,isssty,0,0,-1,0,0,-1,External
1598,C(=C\c1ccccc1)\c1ccccc1,isssty,0,0,-1,0,0,-1,External
1599,CCC(CCC(C)O)COC(=O)c1ccccc1C(=O)O,isssty,0,0,0,-1,-1,-1,Train
1600,NC(=O)c1cnccn1,isssty,0,0,-1,0,0,-1,Train
1601,C=Cc1ccc(O)c(OC)c1,isssty,0,0,-1,0,0,-1,Train
1602,CC(C)(Cl)[N+](=O)[O-],isssty,0,1,-1,0,-1,1,External
1603,Clc1cc(Cl)c(Cl)c(Cl)c1,isssty,0,0,-1,0,0,-1,Internal
1604,[O]=[Cd],isssty,0,0,-1,0,0,-1,External
1605,CC(Cl)(Cl)[N+](=O)[O-],isssty,0,1,-1,0,-1,1,External
1606,CCCCCCCCCCCCCCCCN,isssty,0,0,-1,0,-1,-1,Internal
1607,CCCCCC[C@@H](O)C/C=C\CCCCCCCC(=O)[O-],isssty,0,0,-1,0,0,-1,Train
1608,Clc1cccc(Cl)c1Cl,isssty,0,0,-1,0,0,-1,Internal
1609,O=P(OCC(Br)CBr)(OCC(Br)CBr)OCC(Br)CBr,isssty,-1,1,-1,1,-1,1,Train
1610,CC(C)CCON=O,isssty,0,0,-1,1,0,1,Train
1611,Clc1ccc(Cl)c(Cl)c1,isssty,0,0,-1,0,0,-1,Train
1612,CCOC(C)(C)C,isssty,0,0,-1,0,-1,-1,Train
1613,Cc1cccc(OP(=O)(Oc2cccc(C)c2)Oc2cccc(C)c2)c1,isssty,0,0,-1,0,0,-1,Train
1614,COC(=O)C(Cl)CCC(Cl)CCCCCC(Cl)CCC(Cl)CCCCCl,isssty,0,0,-1,0,-1,-1,Train
1615,CCOCCOC(C)=O,isssty,0,0,0,0,0,0,Train
1616,Nc1ccc2ccccc2c1/N=N/c1ccc([N+](=O)[O-])cc1,isssty,1,1,-1,0,-1,1,Train
1617,CN1C(CSCC(F)(F)F)Nc2cc(Cl)c(S(N)(=O)=O)cc2S1(=O)=O,isssty,0,0,-1,0,-1,-1,Internal
1618,CC1COc2c(N3CCN(C)CC3)c(F)cc3c(=O)c(C(=O)O)cn1c23,isssty,-1,-1,1,-1,-1,1,Train
1619,CCCON=O,isssty,0,1,-1,1,0,1,Train
1620,O=C/C=C/c1ccc([N+](=O)[O-])cc1,isssty,1,1,-1,-1,-1,1,External
1621,NCCCN1CCN(CCCN)CC1,isssty,0,0,0,0,0,0,Train
1622,Nc1nc(N)nc(-c2ccccc2)n1,isssty,0,0,0,0,0,0,Train
1623,CCCCN,isssty,0,0,-1,0,0,-1,External
1624,[Cl][V]([Cl])([CH]1C=CC=C1)[CH]1C=CC=C1,isssty,0,1,-1,0,-1,1,Internal
1625,O=c1cc(-c2ccc(O)cc2)oc2cc(O)cc(O)c12,isssty,0,0,0,0,-1,-1,Train
1626,O=C(O)c1ccccn1,isssty,0,0,-1,0,0,-1,Train
1627,COc1cc(-c2oc3cc(O)cc(O)c3c(=O)c2O)ccc1O,isssty,0,0,0,0,-1,-1,Train
1628,O=S([O-])CO,isssty,0,0,0,0,0,0,Train
1629,CCOC(=O)OCC,isssty,0,0,-1,0,0,-1,Internal
1630,Oc1ccc(Cl)cc1,isssty,1,-1,-1,-1,-1,1,Train
1631,Nc1ccccc1C(=O)O,isssty,0,0,-1,0,0,-1,Train
1632,CCCCC(CC)COP(=O)(Oc1ccccc1)Oc1ccccc1,isssty,0,0,-1,0,0,-1,External
1633,O=C(O)C1C(C(=O)O)C2(Cl)C(Cl)=C(Cl)C1(Cl)C2(Cl)Cl,isssty,0,0,-1,0,0,-1,Train
1634,Nc1ccc2cc(S(=O)(=O)[O-])c(/N=N/c3ccc(-c4ccc(/N=N/c5c(S(=O)(=O)[O-])cc6cc(S(=O)(=O)[O-])cc(N)c6c5O)cc4)cc3)c(O)c2c1,isssty,1,0,-1,0,1,1,External
1635,CCCCCCCCCCCOC(=O)c1ccccc1C(=O)OCCCCCCCCCCC,isssty,0,0,-1,0,0,-1,Train
1636,CC[C@@H](C)[NH2+][C@@H](C)CC,isssty,0,0,-1,0,0,-1,External
1637,NCC(=O)Nc1ccccc1,isssty,1,1,-1,1,-1,1,Train
1638,CC(=O)Nc1cccc(N)c1,isssty,1,-1,-1,0,-1,1,External
1639,Nc1cc(Cl)c([N+](=O)[O-])cc1O,isssty,1,-1,-1,0,-1,1,External
1640,[NH3+]c1cc([N+](=O)[O-])cc(Cl)c1O,isssty,1,1,-1,0,-1,1,Train
1641,Nc1cc(Cl)cc(S(=O)(=O)O)c1O,isssty,0,0,-1,0,-1,-1,External
1642,Nc1cc(S(=O)(=O)O)ccc1O,isssty,0,0,-1,0,-1,-1,Internal
1643,C[N+](C)(C)Cc1ccccc1,isssty,0,0,-1,0,-1,-1,Train
1644,CC(C)(C)OOC(C)(C)c1ccc(C(C)(C)OOC(C)(C)C)cc1,isssty,0,0,-1,0,-1,-1,Train
1645,CCCCC(CC)COC(=O)c1cccc(C(=O)OCC(CC)CCCC)c1,isssty,0,0,-1,0,-1,-1,Internal
1646,CCC[CH2][Sn]([S]CC(=O)OCCCCCC(C)C)([S]CC(=O)OCCCCCC(C)C)[S]CC(=O)OCCCCCC(C)C,isssty,0,0,-1,0,-1,-1,Internal
1647,O=S(=O)(O)c1ccccc1,isssty,0,0,-1,0,-1,-1,External
1648,C=Cc1ccccc1Cl,isssty,0,0,-1,0,-1,-1,Train
1649,CCOC(/C=C(\C)CCC=C(C)C)OCC,isssty,0,0,-1,1,-1,1,Train
1650,CC(O)CNCC(C)O,isssty,0,0,-1,0,0,-1,Train
1651,C=CCOC(=O)c1ccccc1N,isssty,0,0,-1,0,0,-1,Train
1652,N#CC1(O)CCCCC1,isssty,0,0,-1,0,-1,-1,Train
1653,c1ccc2c(c1)Oc1ccccc1S2,isssty,0,0,-1,0,-1,-1,Train
1654,CCN(CC)c1cccc(O)c1,isssty,1,-1,-1,0,-1,1,Train
1655,C1CCC([NH2+]C2CCCCC2)CC1.O=N[O-],isssty,0,-1,-1,1,-1,1,Train
1656,CCN(CC)c1ccc(N)cc1,isssty,1,-1,-1,0,-1,1,Train
1657,CCCCCCNCCCCCC,isssty,0,0,-1,0,-1,-1,Train
1658,CC(=O)N(C)C,isssty,0,0,-1,0,-1,-1,Train
1659,CC(C)NC(C)C,isssty,0,0,-1,0,0,-1,Train
1660,C=C(C)C(=O)N[N+](C)(C)CC(C)[O-],isssty,0,0,-1,0,-1,-1,Train
1661,O=[N+]([O-])c1ccc(Nc2ccc(O)cc2)c([N+](=O)[O-])c1,isssty,1,1,-1,0,-1,1,Train
1662,CCCCCCC[CH2][Sn]([CH2]CCCCCCC)([S]CC(=O)OCCCCCC(C)C)[S]CC(=O)OCCCCCC(C)C,isssty,0,1,-1,0,-1,1,Train
1663,O=C(Nc1ccccc1)Nc1ccccc1,isssty,0,0,-1,0,-1,-1,Train
1664,C=C(CC)C(=O)c1ccc(OCC(=O)O)c(Cl)c1Cl,isssty,0,0,-1,0,-1,-1,Train
1665,O=[N+]([O-])c1ccc(N/N=C(/N=N/c2ccc(I)cc2)c2ccccc2)cc1,isssty,0,0,0,-1,-1,-1,External
1666,O=P(O)(NCCCO)N(CCCl)CCCl,isssty,-1,1,-1,1,0,1,Train
1667,CCNc1ccc(O)cc1,isssty,1,0,-1,0,-1,1,Train
1668,CCNc1ccccc1,isssty,0,0,-1,0,-1,-1,Internal
1669,O=CNc1ccccc1,isssty,0,0,-1,0,-1,-1,External
1670,CN(C)C(=O)Nc1ccc(Cl)cc1,isssty,0,0,-1,0,0,-1,Train
1671,C=C(C)C(=O)OCCCCCCCC(C)C,isssty,0,0,-1,0,-1,-1,Train
1672,CC(C)c1ccccc1OP(=O)(Oc1ccccc1)Oc1ccccc1,isssty,0,0,-1,0,-1,-1,Train
1673,CC(=O)O[C@H]1[C@@H](O)[C@@H](C)O[C@H](O[C@@H]2[C@@H](OC(=O)[C@H]3CC[C@@H]4[C@H](C3)O[C@]3(C[C@H](OC(=O)/C=C/c5ccccc5)[C@@H](C)CO3)[C@]43CO3)O[C@@H](C)[C@H](O)[C@@H]2OC(C)=O)[C@@H]1O,isssty,0,0,-1,0,0,-1,Train
1674,Cc1ccccc1C(N)=O,isssty,0,0,-1,0,-1,-1,External
1675,CNC(=O)c1ccccc1,isssty,0,0,-1,0,-1,-1,Train
1676,C=C(C)[C@@]12OC3(c4ccccc4)O[C@@H]1[C@@H]1[C@@H]4OC4(CO)[C@@H](O)[C@]4(O)C(=O)C(C)=C[C@H]4[C@@]1(O3)[C@@H](C)[C@H]2OC(=O)/C=C/C=C/c1ccccc1,isssty,0,0,-1,0,-1,-1,Train
1677,CC(I)C1OCC(CO)O1,isssty,0,1,-1,1,0,1,Train
1678,CCC(O)CN,isssty,0,0,-1,0,-1,-1,Train
1679,C[As](=O)([O-])O,isssty,0,0,-1,0,-1,-1,External
1680,N#CCc1ccccc1[N+](=O)[O-],isssty,1,1,-1,1,-1,1,Internal
1681,CCCCOC(=O)c1ccccc1C(=O)OC1CCCCC1,isssty,0,0,-1,0,0,-1,Internal
1682,c1ccc2occc2c1,isssty,0,0,-1,0,0,-1,Train
1683,C=C(C)[C@@H]1CC=C(C)C(=O)C1,isssty,0,0,-1,0,0,-1,Train
1684,CN(C(=O)CN(CCO)CC(=O)N(C)C(C)(C)Cc1ccccc1)C(C)(C)Cc1ccccc1,isssty,0,0,-1,0,-1,-1,Train
1685,O=[N+]([O-])OCC(CO[N+](=O)[O-])(CO[N+](=O)[O-])CO[N+](=O)[O-],isssty,0,0,-1,0,0,-1,Train
1686,CC(=O)c1ccccc1,isssty,0,0,0,0,0,0,Train
1687,O=C1c2c(Br)c(Br)c(Br)c(Br)c2C(=O)N1CCN1C(=O)c2c(Br)c(Br)c(Br)c(Br)c2C1=O,isssty,0,0,-1,0,0,-1,Internal
1688,CCC(C(N)=O)(C(N)=O)c1ccccc1,isssty,0,0,-1,0,-1,-1,Train
1689,C=CCN,isssty,0,0,-1,0,0,-1,Train
1690,CCCCCCCCCCCCCOC(=O)c1ccccc1C(=O)OCCCCCCCCCCCCC,isssty,0,0,-1,0,0,-1,Train
1691,CCC#N,isssty,0,0,-1,0,-1,-1,External
1692,C=CCNCC=C,isssty,0,0,-1,0,0,-1,Train
1693,CCN(CC)CCCC(C)Nc1c2ccc(Cl)cc2nc2ccc(OC)cc12,isssty,1,0,-1,0,-1,1,External
1694,O=C1OC(=O)c2c(Br)c(Br)c(Br)c(Br)c21,isssty,0,0,-1,0,0,-1,Train
1695,CCCCC(CC)COP(OCC(CC)CCCC)OCC(CC)CCCC,isssty,0,0,-1,0,0,-1,Train
1696,Nc1ccc([As](=O)([O-])O)cc1,isssty,0,0,-1,0,-1,-1,Internal
1697,C=CCC1(C(C)C#CCC)C(=O)N=C([O-])N(C)C1=O,isssty,0,0,-1,0,-1,-1,External
1698,CCCCCCCCOC(=O)c1ccccc1C(=O)OCCCCCCCC,isssty,0,0,-1,0,0,-1,Train
1699,N#CCCC#N,isssty,0,0,-1,0,-1,-1,Train
1700,NCCS(=O)(=O)O,isssty,0,0,-1,0,-1,-1,Internal
1701,Oc1cc(Cl)c(Cl)c(Cl)c1Cl,isssty,0,0,-1,0,-1,-1,Train
1702,CCCCCc1cc(O)c2c(c1)OC(C)(C)[C@@H]1CCC(C)=C[C@@H]21,isssty,0,0,-1,0,-1,-1,Train
1703,CC(=O)OO,isssty,0,0,-1,0,-1,-1,Train
1704,CCCCCN,isssty,0,0,-1,0,0,-1,Train
1705,Oc1ccc(Cl)cc1Sc1cc(Cl)ccc1O,isssty,0,0,-1,0,-1,-1,Train
1706,CCCCC(CC)COC(=O)c1ccc(C(=O)OCC(CC)CCCC)c(C(=O)OCC(CC)CCCC)c1,isssty,0,0,-1,0,-1,-1,Train
1707,Cc1c(C)c2c(c(C)c1OC(=O)CCC(=O)O)CC[C@@](C)(CCC[C@H](C)CCC[C@H](C)CCCC(C)C)O2,isssty,0,0,-1,0,-1,-1,Internal
1708,Cc1cccc2n[nH]nc12,isssty,0,0,-1,0,-1,-1,Train
1709,Cc1cc(C)cc(N)c1,isssty,0,0,-1,0,0,-1,Train
1710,[Cl][Zr]([Cl])([CH]1C=CC=C1)[CH]1C=CC=C1,isssty,1,1,-1,0,-1,1,Train
1711,Nc1ccccn1,isssty,0,0,-1,0,0,-1,Train
1712,CC1=CC(=O)CC(C)(C)C1,isssty,0,0,-1,0,0,-1,External
1713,CC(C)COC(=O)c1ccccc1C(=O)OCC(C)C,isssty,0,0,-1,0,0,-1,Train
1714,CO[P+](=O)OC,isssty,0,0,-1,0,0,-1,External
1715,C=CC(=O)OCCBr,isssty,0,1,-1,1,-1,1,Train
1716,COc1cc2c(cc1OC)[C@@]13CCN4CC5=CCOC6CC(=O)N2C1[C@H]6[C@H]5C[C@H]43,isssty,0,0,-1,0,0,-1,Train
1717,CCC(C)N,isssty,0,0,-1,0,0,-1,External
1718,CCCCOC(=O)c1ccccc1N,isssty,0,0,-1,0,0,-1,Train
1719,CC(C)(C)c1ccc(OP(=O)(Oc2ccccc2)Oc2ccccc2)cc1,isssty,0,0,-1,0,0,-1,Train
1720,Cc1ccc(C(C)(C)C)cc1,isssty,0,0,-1,0,0,-1,External
1721,CCCC(C)(COC(N)=O)COC(=O)NC(C)C,isssty,0,0,-1,0,0,-1,Train
1722,OCCCCl,isssty,0,0,-1,1,-1,1,Train
1723,CCC(Cl)CC(Cl)C(Cl)C(Cl)C(Cl)C(C)Cl,isssty,0,0,-1,0,0,-1,External
1724,[O-][As]1O[As]([O-])O[As]([O-])O1,isssty,0,0,-1,0,0,-1,Train
1725,Cc1ccc(OP(=O)(Oc2ccccc2)Oc2ccccc2)cc1,isssty,0,0,-1,0,0,-1,Train
1726,Nc1ccn([C@@H]2O[C@H](CO)[C@@H](O)[C@@H]2O)c(=O)n1,isssty,0,0,-1,0,0,-1,External
1727,C=C(C)C(=O)OCCCCCCCCCC,isssty,0,0,-1,0,0,-1,Train
1728,NC1CCC(CC2CCC(N)CC2)CC1,isssty,0,0,-1,0,0,-1,External
1729,c1ccc(/N=N/Nc2ccccc2)cc1,isssty,1,1,-1,0,1,1,Train
1730,CC(=O)Nc1cccc(O)c1,isssty,0,0,-1,0,-1,-1,Train
1731,OC/C(Br)=C(\Br)CO,isssty,1,1,-1,1,-1,1,Train
1732,C=CC(=O)OCC(Br)CBr,isssty,-1,1,-1,1,0,1,Train
1733,C=C(C)C(=O)OCC(Br)CBr,isssty,-1,1,-1,1,0,1,Train
1734,CCCCN(CCO)CCCC,isssty,0,0,-1,0,0,-1,Train
1735,O=c1[nH]c(=O)n(Cl)c(=O)n1Cl,isssty,0,0,-1,0,0,-1,External
1736,O=c1nc([O-])n(Cl)c(=O)n1Cl,isssty,0,0,-1,0,0,-1,External
1737,CC(=O)/C(C)=N/O,isssty,0,0,-1,0,0,-1,Train
1738,CCCCCCCC/C=C/CCCCCCCC(=O)OCCOCC(OCCO)C1OC(OCCO)CC1OCCO,isssty,0,0,-1,0,0,-1,Train
1739,CC1=CC(C)(C)Nc2ccccc21,isssty,0,0,-1,0,0,-1,Internal
1740,C=CC(=O)OCCN(C)C,isssty,0,0,-1,0,0,-1,Internal
1741,CC(C)CC(C)N,isssty,0,0,-1,0,0,-1,Train
1742,CC(C)CC(C)Nc1ccc(Nc2ccccc2)cc1,isssty,0,0,-1,0,0,-1,Train
1743,CCCNCCC,isssty,0,0,-1,0,0,-1,Train
1744,O=S(=O)([O-])c1ccc(N=Nc2c(O)ccc3cc(S(=O)(=O)[O-])ccc23)cc1,isssty,0,0,-1,0,0,-1,Train
1745,CN(C)CCOC(C)(c1ccccc1)c1ccccn1,isssty,0,0,-1,0,0,-1,Train
1746,CCOCCOC(=O)/C=C/c1ccc(OC)cc1,isssty,0,0,-1,0,0,-1,Train
1747,CCCCC(CC)COC(=O)C(C#N)=C(c1ccccc1)c1ccccc1,isssty,0,0,-1,0,0,-1,Internal
1748,CCCCNCC,isssty,0,0,-1,0,0,-1,Train
1749,NC(Cc1ccc(F)cc1)C(=O)O,isssty,0,0,-1,0,0,-1,Train
1750,BrC1CC(Br)CC(Br)CC(Br)CC(Br)CC(Br)C1,isssty,0,0,-1,0,0,-1,External
1751,CCCCCC(N)=O,isssty,0,0,-1,0,0,-1,Train
1752,CCC(O)OC(O)CC,isssty,0,0,-1,0,0,-1,Train
1753,C=C(C)C(=O)OCC(C)C,isssty,0,0,-1,0,0,-1,Train
1754,CC(C)CCCCCCCOP(=O)(Oc1ccccc1)Oc1ccccc1,isssty,0,0,-1,0,0,-1,Train
1755,CC(C)Nc1ccccc1,isssty,0,0,-1,0,0,-1,Train
1756,C=C(C)C(=O)OC(C)C,isssty,0,0,-1,0,0,-1,Train
1757,CCCCCCCCCCCC(=O)NCCO,isssty,0,0,-1,0,0,-1,Train
1758,C=CC(C)(CCC=C(C)C)OC(=O)c1ccccc1N,isssty,0,0,-1,0,0,-1,External
1759,CC1(N)CCC(C(C)(C)N)CC1,isssty,0,0,-1,0,0,-1,Train
1760,CCCCC(CC)COS(=O)(=O)[O-],isssty,0,0,-1,0,0,-1,External
1761,C[CH2][Hg][S]c1ccccc1C(=O)[O-],isssty,0,0,-1,0,0,-1,Train
1762,COC(C)(C)CC(C)=O,isssty,0,0,-1,0,0,-1,Train
1763,CNCCO,isssty,0,0,-1,0,0,-1,External
1764,CON,isssty,0,0,-1,0,0,-1,External
1765,CNCCS(=O)(=O)O,isssty,0,0,-1,0,0,-1,Train
1766,COc1ccc(CCC(=O)c2c(O)cc(O[C@@H]3O[C@H](CO)[C@@H](O)[C@H](O)[C@H]3O[C@@H]3O[C@H](C)[C@H](O)[C@H](O)[C@H]3O)cc2O)cc1O,isssty,0,0,-1,0,-1,-1,Train
1767,C1COCCN1,isssty,0,0,-1,0,0,-1,External
1768,CNC(=O)Oc1ccccc1OC(C)C,isssty,0,0,-1,1,0,1,Train
1769,CCc1c(Br)c(Br)c(Br)c(Br)c1Br,isssty,0,0,-1,0,0,-1,Train
1770,Oc1c(Br)c(Br)c(Br)c(Br)c1Br,isssty,0,0,-1,0,0,-1,Train
1771,Cc1c(Br)c(Br)c(Br)c(Br)c1Br,isssty,0,0,-1,0,0,-1,Train
1772,N=C(N)NC(=N)NCCc1ccccc1,isssty,0,0,-1,0,0,-1,External
1773,CC(=O)[O][Hg][c]1ccccc1,isssty,0,0,-1,0,0,-1,Train
1774,O=C(Oc1ccccc1)c1ccccc1O,isssty,0,0,-1,0,0,-1,Train
1775,O=c1[nH]ncc2ccccc12,isssty,0,0,-1,0,0,-1,Train
1776,CC(C)(C)C(=O)C1C(=O)c2ccccc2C1=O,isssty,0,0,-1,0,0,-1,Train
1777,CC(N)CN,isssty,0,0,-1,0,0,-1,Train
1778,COc1ccc(CN(CCN(C)C)c2ccccn2)cc1,isssty,0,0,-1,0,0,-1,Train
1779,O=c1c(Br)cc2nc3cc(Br)c([O-])c(Br)c3oc-2c1Br,isssty,0,0,-1,0,0,-1,Train
1780,Cc1c(C)c(Br)c(Br)c(Br)c1Br,isssty,0,0,-1,0,0,-1,Train
1781,CN(C)C(=S)N(C)C,isssty,0,0,-1,0,0,-1,Train
1782,CC(C)(C)OOC(=O)c1ccccc1,isssty,1,-1,-1,0,1,1,External
1783,O=C([O-])CS,isssty,0,0,-1,0,0,-1,Train
1784,Cc1ccc(NC(N)=O)cc1,isssty,0,0,-1,0,0,-1,Train
1785,C=CCN(CC=C)CC=C,isssty,0,0,-1,0,0,-1,Train
1786,CCCCN(CCCC)CCCC,isssty,0,0,-1,0,0,-1,Train
1787,O=C(Nc1ccc(Cl)cc1)Nc1ccc(Cl)c(Cl)c1,isssty,0,0,-1,0,0,-1,Train
1788,CCN(CC)CC,isssty,0,0,-1,0,0,-1,Train
1789,CC(O)CN(CC(C)O)CC(C)O,isssty,0,0,-1,0,0,-1,Train
1790,CCCCCCCCOP(=O)(OCCCCCCCC)OCCCCCCCC,isssty,0,0,-1,0,0,-1,Train
1791,O=P(Oc1ccccc1)(Oc1ccccc1)Oc1ccccc1,isssty,0,0,-1,0,0,-1,Train
1792,CC(=O)ON(C(C)=O)c1ccc(-c2ccccc2)cc1,isssty,1,-1,-1,-1,-1,1,Train
1793,c1ccc(OP(Oc2ccccc2)Oc2ccccc2)cc1,isssty,0,0,-1,0,0,-1,Train
1794,O=C(Nc1cccc2c(=O)c3c(ccc4c5cc(NC(=O)c6ccccc6)c6c(=O)c7ccccc7c(=O)c6c5[nH]c43)c(=O)c12)c1ccccc1,isssty,0,0,-1,0,0,-1,Train
1795,COc1ccc([N+](=O)[O-])cc1N/N=C1/C(=O)C(C(=O)Nc2cccc([N+](=O)[O-])c2)=Cc2ccccc21,isssty,1,1,-1,0,1,1,Train
1796,CCOP(=O)(CC)OCC,isssty,0,0,-1,0,0,-1,Train
1797,OC1C2(Cl)C3(Cl)C4(Cl)C(Cl)(Cl)C5(Cl)C3(Cl)C1(Cl)C5(Cl)C24Cl,isssty,0,0,-1,0,0,-1,Train
1798,C=C(C)C(=O)OCCC,isssty,0,0,-1,0,0,-1,Train
1799,CN(C)CCC(c1ccc(Cl)cc1)c1ccccn1,isssty,0,0,-1,0,0,-1,External
1800,CC(C)(c1cc(Br)c(O)c(Br)c1)c1cc(Br)c(O)c(Br)c1,isssty,0,0,-1,0,0,-1,Train
1801,CCCCCCCCCCCCOS(=O)(=O)[O-],isssty,0,0,-1,0,0,-1,Train
1802,NCCNCCNCCNCCNCCN,isssty,-1,1,-1,1,-1,1,Train
1803,CCOP(=S)(OCC)SCSC(C)(C)C,isssty,0,0,-1,0,0,-1,Train
1804,O=C(C(F)(F)F)C(F)(F)F,isssty,0,0,-1,0,-1,-1,Train
1805,CC(=O)OCc1ccco1,isssty,-1,1,-1,0,0,1,Train
1806,O=[N+]([O-])c1ccc2c(c1)CCc1cc3c(cc1-2)CCCC3,isssty,1,1,-1,-1,-1,1,Train
1807,O=[N+]([O-])c1ccc2c(c1)CCc1c-2ccc2c1CCCC2,isssty,1,1,-1,-1,-1,1,External
1808,O=[N+]([O-])c1ccc2c(c1)CCc1cc3c(cc1-2)CCc1ccccc1-3,isssty,1,1,-1,-1,-1,1,Train
1809,O=[N+]([O-])c1ccc2c(ccc3cc4c(ccc5ccccc54)cc32)c1,isssty,1,1,-1,-1,-1,1,Train
1810,O=[N+]([O-])c1cc2c3c(c1)CCc1c4c(cc(c1-3)CC2)CCCC4,isssty,1,1,-1,-1,-1,1,External
1811,C[CH2][Pb]([Cl])([CH2]C)[CH2]C,isssty,0,0,-1,0,0,-1,Train
1812,O=C1c2ccccc2-c2ccc3c4c(ccc1c24)-c1ccccc1C3=O,isssty,0,0,-1,0,0,-1,Train
1813,CCOC(=O)c1ccccc1N,isssty,0,0,-1,0,0,-1,Train
1814,C[C-](C)[N+](=O)[O-],isssty,1,1,1,-1,-1,1,Train
1815,ONc1ncnc2nc[nH]c12,isssty,0,1,-1,-1,-1,1,Train
1816,NC(Cc1ccc(N(CCCl)CCCl)cc1)C(=O)O,isssty,0,1,-1,1,0,1,Train
1817,Nc1ccc2cc3ccc(N)cc3nc2c1,isssty,-1,-1,-1,0,1,1,External
1818,O=[N+]([O-])c1ccc(NO)cc1,isssty,1,1,-1,1,-1,1,Train
1819,O=[N+]([O-])c1ccc2c(ccc3ccccc32)c1,isssty,1,-1,-1,-1,-1,1,Train
1820,O=[N+]([O-])c1ccc2c(ccc3cc([N+](=O)[O-])ccc32)c1,isssty,1,-1,-1,-1,-1,1,Train
1821,Nc1ccc(N)c2c1C(=O)c1cccc([N+](=O)[O-])c1C2=O,isssty,1,0,-1,0,1,1,Train
1822,O=CC(=O)c1ccccc1,isssty,1,1,-1,-1,-1,1,Train
1823,CC(=O)Nc1ccc(-c2ccc(N)cc2)cc1,isssty,-1,-1,1,-1,-1,1,Internal
1824,Cc1ccc(N/N=C2\C(=O)C=Cc3ccccc32)c([N+](=O)[O-])c1,isssty,-1,1,-1,0,0,1,External
1825,Cn1c([N+](=O)[O-])cnc1C(O)c1cccc(C(C)(C)C)c1O,isssty,0,1,-1,0,0,1,Train
1826,c1ccc2c(c1)ccc1cc3c(ccc4ccccc43)cc12,isssty,1,1,-1,-1,1,1,Train
1827,S=P(N1CC1)(N1CC1)N1CC1,isssty,0,1,-1,1,0,1,External
1828,Cc1cc2nc3c(=O)[nH]c(=O)nc-3n(C)c2cc1C,isssty,1,0,-1,-1,-1,1,External
1829,O=C(O)/C=C\c1cccc([N+](=O)[O-])c1,isssty,0,1,-1,1,0,1,External
1830,O=[N+]([O-])c1ccc2c3c(cccc13)CC2,isssty,1,1,-1,-1,-1,1,Train
1831,c1ccc2c(c1)cc1ccc3cc4ccccc4c4ccc2c1c34,isssty,1,1,-1,-1,0,1,Train
1832,Nc1ccc(Cl)cc1[N+](=O)[O-],isssty,1,0,-1,-1,-1,1,Train
1833,[Cl][Al]([Cl])[Cl],isssty,1,1,-1,0,0,1,Internal
1834,Cc1cc2ccccc2c2ccc3ccccc3c12,isssty,1,1,-1,-1,-1,1,Train
1835,CN(C)c1ccc(/C=C/c2ccccc2)cc1,isssty,1,1,-1,-1,-1,1,Train
1836,Cc1ccc(N(C)C)cc1,isssty,0,0,-1,1,-1,1,Train
1837,Nc1ccc2c(c1N)C(=O)c1ccccc1C2=O,isssty,1,1,-1,0,1,1,Internal
1838,C1CC2OC2CC1C1CO1,isssty,1,1,-1,1,1,1,Train
1839,CC(=O)Nc1ccc(-c2ccc(NC(C)=O)cc2)cc1,isssty,-1,-1,0,-1,-1,-1,External
1840,Nc1c2c(nc3ccccc13)CCCC2,isssty,1,0,-1,-1,-1,1,Train
1841,CN(C)CCCNc1c2ccccc2nc2cc([N+](=O)[O-])ccc12,isssty,1,1,-1,0,1,1,Train
1842,CCOCN(C(=O)CCl)c1c(C)cccc1CC,isssty,0,0,-1,0,0,-1,External
1843,CC1(C)CO1,isssty,-1,1,1,1,-1,1,Train
1844,CC(C)(c1ccc(OCC2CO2)cc1)c1ccc(OCC2CO2)cc1,isssty,-1,1,-1,1,-1,1,External
1845,O=[N+]([O-])C(Cl)(Cl)Cl,isssty,0,1,-1,-1,-1,1,Train
1846,CN(C)CCCNc1c2ccccc2nc2ccccc12,isssty,1,0,-1,0,1,1,External
1847,CN(C)CCCNc1c2ccccc2nc2ccc([N+](=O)[O-])cc12,isssty,1,1,-1,1,1,1,Train
1848,CN(C)CCCNc1c2ccccc2nc2c([N+](=O)[O-])cccc12,isssty,1,1,-1,0,1,1,Train
1849,CC(O)CBr,isssty,0,1,-1,1,-1,1,External
1850,c1ccc2[nH]c(-c3cscn3)nc2c1,isssty,-1,-1,-1,-1,-1,-1,Internal
1851,CCC(c1ccc(O)cc1)C(CC)c1ccc(O)cc1,isssty,0,0,-1,0,0,-1,Train
1852,C/C=C(C(=C/C)/c1ccc(O)cc1)\c1ccc(O)cc1,isssty,0,0,-1,0,0,-1,Train
1853,c1ccc2sc(SSc3nc4ccccc4s3)nc2c1,isssty,0,-1,-1,0,-1,-1,Train
1854,CNC[C@H](O)c1ccc(O)c(O)c1,isssty,0,0,-1,0,0,-1,Train
1855,CCOc1cccc(N)c1,isssty,0,0,-1,0,-1,-1,External
1856,NN,isssty,-1,-1,1,1,0,1,Train
1857,CCCCCCCC(=O)Cl,isssty,0,0,-1,0,-1,-1,External
1858,Cc1c(N)nc(C)c2c1[nH]c1ccccc12,isssty,1,0,-1,-1,-1,1,Train
1859,O=[Si]([O-])[O-],isssty,0,0,-1,0,0,-1,Train
1860,Cc1c([N-][N+](=O)c2cc([N+](=O)[O-])cc([N+](=O)[O-])c2C)cc([N+](=O)[O-])cc1[N+](=O)[O-],isssty,-1,1,-1,-1,-1,1,Train
1861,CC1(C)CON(Cc2ccccc2Cl)C1=O,isssty,0,0,-1,0,0,-1,Train
1862,CC(C)(CO)[C@@H](O)C(=O)NCCCO,isssty,0,0,-1,0,0,-1,External
1863,O=P([O-])([O-])OCC(O)CO,isssty,0,0,-1,0,0,-1,Train
1864,CCCCCCCCCCSC[n+]1ccn(C)c1,isssty,0,1,-1,1,0,1,Train
1865,O=P([O-])(O)OP(=O)(O)OP(=O)([O-])O,isssty,0,0,-1,0,0,-1,Train
1866,COc1ccc([C@@H]2CC(=O)c3c(O)cc(O[C@H]4O[C@H](CO[C@H]5O[C@@H](C)[C@@H](O)[C@H](O)[C@@H]5O)[C@@H](O)[C@H](O)[C@@H]4O)cc3O2)cc1O,isssty,0,0,-1,0,0,-1,External
1867,CC(=O)OCC(=O)NCCCOc1cccc(CN2CCCCC2)c1,isssty,0,0,-1,0,0,-1,Train
1868,CC(C)CC(NC(=O)COc1cc(Cl)c(Cl)cc1Cl)C(=O)O,isssty,0,0,-1,0,-1,-1,Train
1869,CCN(CC)C(=O)Cc1ccccc1,isssty,0,0,0,-1,-1,-1,Train
1870,NC(=O)N/N=C/C(=O)O,isssty,0,0,-1,0,0,-1,Train
1871,[Cl][V]([Cl])[Cl],isssty,0,0,-1,0,0,-1,Train
1872,O=[N+]([O-])[O][Zn][O][N+](=O)[O-],isssty,0,0,-1,0,0,-1,Train
1873,CC(Br)C(=O)O,isssty,0,0,-1,1,0,1,Train
1874,COCC1OC(OC2C(COC)OC(OC)C(OC)C2OC)C(OC)C(OC)C1OC,isssty,0,0,-1,0,0,-1,Train
1875,CCOC(=O)C1(CCCCCCOCc2cccs2)CO1,isssty,1,0,0,0,0,1,Train
1876,O=S(=O)([O-])[S-],isssty,0,0,-1,0,0,-1,Internal
1877,Nc1c(S(=O)(=O)[O-])cc(NC2CCCCC2)c2c1C(=O)c1ccccc1C2=O,isssty,0,0,-1,0,0,-1,Train
1878,O=C(Nc1ccc2c(O)c(/N=N/c3ccc(/N=N/c4ccc(S(=O)(=O)[O-])cc4)cc3)c(S(=O)(=O)[O-])cc2c1)c1ccccc1,isssty,0,0,-1,0,0,-1,Train
1879,O=C1CCCc2cc([N+](=O)[O-])c3ccccc3c21,isssty,1,1,-1,-1,-1,1,Train
1880,CC(=O)Nc1ccc(Oc2ccc(N(O)C(C)=O)cc2)cc1,isssty,1,1,-1,-1,-1,1,Train
1881,O=C(O)c1cccc(C(=O)O)c1,isssty,0,0,-1,0,0,-1,Train
1882,CC(=O)Nc1ccc(Oc2ccc([N+](=O)[O-])cc2)cc1,isssty,1,1,-1,-1,-1,1,Train
1883,Cc1cccc(O)c1C,isssty,0,0,-1,0,0,-1,Train
1884,[Cl][Sn][Cl],isssty,0,0,-1,0,0,-1,Train
1885,Cc1cccc(OCC(O)CNC(C)(C)C)c1C,isssty,0,0,-1,0,0,-1,External
1886,CC(C)(c1ccccc1)c1ccc(O)cc1,isssty,0,0,-1,0,0,-1,External
1887,Nc1cc(S(=O)(=O)O)cc2cc(S(=O)(=O)[O-])cc(O)c12,isssty,0,0,-1,0,0,-1,Train
1888,CC(=O)Nc1ccc(Oc2ccc(N(OC(C)=O)C(C)=O)cc2)cc1,isssty,1,1,-1,-1,-1,1,External
1889,N=C(N)N,isssty,0,0,-1,0,0,-1,Train
1890,O=Cc1ccc(O)cc1,isssty,0,0,-1,0,0,-1,Train
1891,O=C=Nc1cccc2c(N=C=O)cccc12,isssty,0,0,-1,0,0,-1,Train
1892,CCCCCCCCSC[n+]1ccn(C)c1,isssty,0,0,-1,0,0,-1,Train
1893,CN(CCO)C(=O)Nc1ccccc1,isssty,0,0,-1,0,0,-1,Train
1894,Nc1cc(S(=O)(=O)[O-])c2cccc(S(=O)(=O)[O-])c2c1,isssty,0,0,-1,0,0,-1,Train
1895,CCCCCCCCCCCCCCCCCCO,isssty,0,0,-1,0,0,-1,Internal
1896,C/C=C/c1cc2c(c(=O)o1)C(=O)[C@@H](O)[C@H](C)O2,isssty,0,0,0,-1,-1,-1,Train
1897,O=C(O)C(=O)C(=O)O,isssty,0,0,0,-1,-1,-1,Train
1898,CCSC(=O)N1CCCCCC1,isssty,0,0,0,0,0,0,Train
1899,CN(C)C1Cc2cccc3cccc(c23)C1,isssty,1,0,0,0,-1,1,External
1900,COP(=O)(OC)O/C(=C\Cl)c1cc(Cl)c(Cl)cc1Cl,isssty,0,0,0,0,0,0,Train
1901,Cc1cc(N)c([N+](=O)[O-])cc1N,isssty,1,0,-1,0,1,1,Train
1902,O=c1c(O)c(C2=CC(O)(CCO)C(O)(CCO)C=C2)oc2c1C(O)=CC(O)(CCO)C2,isssty,0,0,-1,0,0,-1,Train
1903,CC(C)c1cc(N)c([N+](=O)[O-])cc1N,isssty,1,0,-1,0,0,1,Train
1904,COc1cc(N)cc(OC)c1N,isssty,0,0,-1,0,0,-1,Internal
1905,Nc1cc([N+](=O)[O-])c(N)cc1F,isssty,1,1,-1,0,1,1,External
1906,COc1c(N)cc(C)c(N)c1C,isssty,0,0,-1,0,0,-1,Train
1907,COc1cc(N)c(C)cc1N,isssty,0,0,-1,0,0,-1,Train
1908,Cc1ccc2cc3ccccc3cc2c1,isssty,0,0,-1,-1,-1,-1,Train
1909,CC(C)=CC1C(C(=O)OC(C#N)c2cccc(Oc3ccccc3)c2)C1(C)C,isssty,0,0,-1,0,0,-1,External
1910,Cc1c(N)ccc(N)c1C,isssty,0,0,-1,0,0,-1,Internal
1911,O=[N+]([O-])c1ccc(F)c([N+](=O)[O-])c1,isssty,1,1,-1,-1,-1,1,External
1912,Cc1cc2c(c3ccc4ccccc4c13)CCC2=O,isssty,1,0,-1,-1,-1,1,Train
1913,Cc1c(N)cc([N+](=O)[O-])c(N)c1C,isssty,1,0,-1,0,0,1,Train
1914,CCN(CC)CCCN(c1ccccc1)C1Cc2ccccc2C1,isssty,0,0,-1,0,0,-1,Internal
1915,CC1OC(OCC2OC(Oc3c(-c4ccc(OCCO)c(OCCO)c4)oc4cc(OCCO)cc(O)c4c3=O)C(O)C(O)C2O)C(O)C(O)C1O,isssty,0,0,-1,0,0,-1,Train
1916,Nc1c(/N=N/c2ccc(-c3ccc(/N=N/c4cc(S(=O)(=O)[O-])c5ccccc5c4N)cc3)cc2)cc(S(=O)(=O)[O-])c2ccccc12,isssty,-1,1,-1,-1,-1,1,Train
1917,O=S1(=O)OC(c2cc(Br)c(O)c(Br)c2)(c2cc(Br)c(O)c(Br)c2)c2c(Br)c(Br)c(Br)c(Br)c21,isssty,0,0,-1,0,0,-1,Train
1918,O=NN1CCSC1,isssty,-1,1,-1,-1,-1,1,External
1919,O=S1(=O)CCCC1,isssty,0,0,-1,0,0,-1,Train
1920,ClC(Cl)(Cl)C1CO1,isssty,-1,1,-1,1,-1,1,Train
1921,CCCCCCCCCCCCCCCCCCCCCCO,isssty,0,0,-1,0,0,-1,External
1922,O=C1CCCc2cc3c(cc21)cc([N+](=O)[O-])c1ccccc13,isssty,1,1,-1,-1,-1,1,Train
1923,C[n+]1c2cc(N)ccc2cc2ccc(N)cc21,isssty,-1,-1,-1,0,1,1,Train
1924,Nc1ccccc1C(F)(F)F,isssty,0,0,-1,0,0,-1,Train
1925,Nc1cccc(C(F)(F)F)c1,isssty,0,0,-1,0,0,-1,Train
1926,N#Cc1ccccc1C#N,isssty,0,0,-1,0,0,-1,External
1927,Nc1cc(C(F)(F)F)ccc1Cl,isssty,0,0,-1,0,0,-1,Train
1928,O=[N+]([O-])c1cc(C(F)(F)F)ccc1Cl,isssty,0,0,-1,0,0,-1,Internal
1929,O=[N+]([O-])c1cc(C(F)(F)F)cc([N+](=O)[O-])c1O,isssty,0,0,-1,0,0,-1,Train
1930,Nc1ccc(/C=C/c2ccc(Cl)cc2)cc1,isssty,1,1,-1,-1,-1,1,External
1931,[C],isssty,0,0,0,0,0,0,External
1932,CC(C)CCC[C@H](C)[C@H]1CC[C@H]2[C@@H]3C[C@H](O)[C@@]4(O)C[C@H](O)CC[C@]4(C)[C@H]3CC[C@]12C,isssty,1,1,1,1,-1,1,External
1933,Sc1ccccc1,isssty,0,0,-1,0,0,-1,Train
1934,CC1(C)[C@H](C(Br)C(Br)(Br)Br)[C@@H]1C(=O)O[C@H](C#N)c1cccc(Oc2ccccc2)c1,isssty,0,0,-1,0,0,-1,Train
1935,CCOCC(O)COc1ccc(NC(=O)CC[S+](C)C)cc1,isssty,0,0,-1,0,0,-1,Train
1936,Nc1ccc(-c2ccc(N)c(Br)c2)cc1Br,isssty,1,1,-1,-1,-1,1,Train
1937,CC(=O)NNc1ccc(CO)cc1,isssty,-1,-1,-1,0,1,1,Train
1938,CC(OP(C)(=O)F)C(C)(C)C,isssty,0,0,-1,0,0,-1,Train
1939,CC(C)OP(C)(=O)F,isssty,0,0,-1,0,0,-1,Train
1940,CS(=O)c1ccc(Cl)cc1,isssty,0,0,-1,0,0,-1,External
1941,CC(C)c1c(C(=O)Nc2ccccc2)c(-c2ccccc2)c(-c2ccc(F)cc2)n1CC[C@H](O)C[C@@H](O)CC(=O)O,isssty,0,0,-1,0,0,-1,Train
1942,N#Cc1cc(I)c(O)c([N+](=O)[O-])c1,isssty,0,0,-1,0,0,-1,Train
1943,CC(C)N(C(=O)SCC(Cl)=C(Cl)Cl)C(C)C,isssty,1,1,-1,1,0,1,Train
1944,O=C1C=CC(=O)C(c2ccccc2)=C1,isssty,0,0,0,-1,-1,-1,Train
1945,[O]=[Ce]=[O],isssty,0,0,-1,0,0,-1,Train
1946,C=COc1ccc([N+](=O)[O-])cc1,isssty,-1,1,-1,0,-1,1,Train
1947,CCCCCCCCCCCCCCCCCC(=O)NCCCC[C@H](NC(=O)CC[C@H](NC(=O)[C@@H](C)NC(=O)[C@@H](C)O[C@H]1[C@@H](O)[C@H](CO)OC(O)[C@@H]1NC(C)=O)C(N)=O)C(=O)O,isssty,0,0,-1,0,0,-1,Train
1948,Cc1c(N=O)c(=O)n(-c2ccccc2)n1C,isssty,1,1,1,-1,-1,1,External
1949,C=C(Br)C=O,isssty,-1,1,-1,1,-1,1,Train
1950,Cc1ccc(C=O)o1,isssty,0,0,0,-1,-1,-1,External
1951,ClCl,isssty,0,0,-1,0,0,-1,Train
1952,CC(Br)(CBr)CBr,isssty,0,0,-1,0,0,-1,Train
1953,COc1cc(OC)c(Cl)c(-n2c(-c3ccccc3)cc(=O)c(C)c2-c2ccc(F)cc2)c1,isssty,0,0,0,0,0,0,Train
1954,O=C(C1CCCCC1)N1CC(=O)N2CCc3ccccc3C2C1,isssty,0,0,-1,0,0,-1,Train
1955,CC1=C(C)C(=O)C(C)=C(C)C1=O,isssty,0,0,0,-1,-1,-1,Train
1956,CN(C)c1ccc(N)cc1,isssty,1,0,1,-1,-1,1,Train
1957,c1ccc2c(c1)-c1ccc3ccccc3c1C1OC21,isssty,1,1,-1,-1,1,1,Train
1958,CN(N=O)C(=O)c1c(N(C)C(=O)OC(C)(C)C)ncn1C,isssty,0,1,1,1,0,1,Train
1959,O=C(O)CNC(=O)c1ccc([N+](=O)[O-])cc1,isssty,1,1,-1,0,-1,1,External
1960,Nc1cccc2cccc(S(=O)(=O)O)c12,isssty,1,0,-1,0,1,1,External
1961,C[C@]12CC[C@@H](OC(=O)Cc3ccc(N(CCCl)CCCl)cc3)C[C@@H]1CC[C@@H]1[C@@H]2CC[C@]2(C)NC(=O)CC[C@@H]12,isssty,0,1,1,1,-1,1,External
1962,COc1cc(O)c2c(c1)C1=C[C@H](O)[C@H](O)C[C@]1(C)OC2=O,isssty,0,0,0,-1,-1,-1,Train
1963,CN1C=CN(CCS(C)(=O)=O)/C1=C\[NH+]=O,isssty,-1,0,-1,-1,0,-1,Internal
1964,C[C@@H]1CCC[C@H](C)N1CCC[C@@](O)(c1ccccc1)c1ccccn1,isssty,0,0,-1,0,0,-1,Train
1965,CCC(=O)N(c1ccc(Cl)c(Cl)c1)[C@@H]1CCC[C@H]1N(C)C,isssty,0,0,-1,0,0,-1,Internal
1966,O=[N+]([O-])c1ccc(Cl)cc1Cl,isssty,0,1,-1,0,0,1,Internal
1967,O=[N+]([O-])c1cc([N+](=O)[O-])c(Cl)c([N+](=O)[O-])c1,isssty,1,1,-1,-1,-1,1,Train
1968,CCCCCCCCCCCCOC(=O)CCSCCC(=O)OCCCCCCCCCCCC,isssty,0,0,-1,0,0,-1,Train
1969,O=C(NC(=O)c1c(F)cccc1F)Nc1cc(Cl)c(Oc2ncc(C(F)(F)F)cc2Cl)c(Cl)c1,isssty,0,0,-1,0,0,-1,External
1970,CC(C)(S)C(=O)NC(CS)C(=O)O,isssty,0,0,-1,0,0,-1,Train
1971,O=Cc1ccc([N+](=O)[O-])cc1[N+](=O)[O-],isssty,1,1,-1,-1,-1,1,Train
1972,c1cc2ccc3ccc4ccc5ccc6ccc1c1c2c3c4c5c61,isssty,1,0,-1,-1,1,1,Internal
1973,CCCC(=O)O[C@@H]1[C@H](C)O[C@@H](O[C@@H]2[C@H](N(C)C)[C@H](O)[C@@H](O[C@@H]3[C@@H](CC=O)C[C@@H](C)[C@@H](O)/C=C/C=C/C[C@H](C)OC(=O)C[C@H](O)[C@H]3OC)O[C@@H]2C)C[C@@]1(C)OC(=O)CC,isssty,0,0,-1,0,0,-1,Train
1974,CO[C@@]1(NC(=O)CSC[C@H](N)C(=O)O)C(=O)N2C(C(=O)O)=C(CSc3nnnn3C)CS[C@@H]21,isssty,0,0,-1,0,0,-1,Train
1975,CC(=O)OCC(=O)[C@]1(OC(C)=O)CC[C@H]2[C@@H]3C[C@@H](F)C4=CC(=O)C(Br)=C[C@]4(C)[C@@]3(F)[C@@H](O)C[C@@]21C,isssty,0,0,-1,0,0,-1,External
1976,O=C(Cn1c(=O)sc2ccccc21)OCc1ccccc1,isssty,0,0,-1,0,-1,-1,External
1977,COC(=O)c1oc([N+](=O)[O-])c(-c2ccccc2)c1-c1ccccc1,isssty,1,1,-1,-1,-1,1,Train
1978,Cc1ccc(NCCO)cc1O,isssty,0,0,-1,0,0,-1,External
1979,CC(=O)Oc1cc(C=O)cc2c1C(COC(N)=O)C1(OC(C)=O)ON2CC2C1N2C(C)=O,isssty,0,0,1,0,0,1,Train
1980,Cc1cc(N)c(S(=O)(=O)O)cc1Cl,isssty,0,0,-1,0,0,-1,Train
1981,O=[N+]([O-])C1=Cc2ccc3ccc4cccc5cc1c2c3c45,isssty,1,1,-1,0,1,1,Train
1982,[Al+3].[F-].[F-].[F-],isssty,0,0,-1,0,0,-1,Train
1983,C#CC/N=C(\NC#N)NCCSCc1nc[nH]c1C.[H+],isssty,0,0,-1,0,0,-1,External
1984,O=[N+]([O-])C1=Cc2cc3cc4ccccc4cc3c3cccc1c23,isssty,1,0,-1,0,1,1,Train
1985,O=[N+]([O-])C1=Cc2cccc3c2c1cc1ccc2ccccc2c13,isssty,1,1,-1,0,1,1,External
1986,C1CSCCO1,isssty,0,0,-1,0,0,-1,Train
1987,CCOC(=O)COc1ccc2c(=O)cc(-c3ccccc3)oc2c1,isssty,0,0,-1,0,0,-1,Train
1988,CN(C)CCn1cc[n+](C)c1/C=N/O,isssty,-1,0,-1,-1,0,-1,Train
1989,CN(C)c1ccc(/N=N/c2cccnc2)cc1,isssty,0,0,-1,0,0,-1,Train
1990,CC(=O)Nc1cc(N(C)C)ccc1/N=N/c1cccnc1,isssty,0,0,-1,0,0,-1,Train
1991,CCOP(=O)(OCC)O/C(=C/Br)c1ccc(Cl)cc1Cl,isssty,0,0,-1,0,0,-1,External
1992,O=[N+]([O-])c1cccc2c1[nH]c1ccccc12,isssty,1,0,-1,-1,-1,1,External
1993,O=C(O)C[C@@H](NC(=O)COc1cc(Cl)c(Cl)cc1Cl)C(=O)O,isssty,0,0,-1,0,-1,-1,Train
1994,CSCCC(NC(=O)COc1cc(Cl)c(Cl)cc1Cl)C(=O)O,isssty,0,0,-1,0,-1,-1,Train
1995,O=C(COc1cc(Cl)c(Cl)cc1Cl)N[C@H](Cc1c[nH]c2ccccc12)C(=O)O,isssty,0,0,-1,0,-1,-1,Train
1996,O=C(O)c1ccc([N+](=O)[O-])cc1[N+](=O)[O-],isssty,1,0,-1,-1,-1,1,Train
1997,CN(CCO[N+](=O)[O-])[N+](=O)[O-],isssty,0,0,-1,1,0,1,Train
1998,CN(CCO)C(=O)Nc1ccc(Cl)c(Cl)c1,isssty,0,0,-1,0,0,-1,Train
1999,Nc1ccc(/C=C/c2ccc(N)cc2)cc1,isssty,1,0,-1,-1,-1,1,External
2000,CCCCCC(=O)O[C@@]1(C(C)=O)CC[C@H]2[C@@H]3CCC4=CC(=O)CC[C@@H]4[C@H]3CC[C@@]21C,isssty,0,0,-1,0,0,-1,Train
2001,CNC(=O)Nc1ccccc1,isssty,0,0,-1,0,0,-1,Train
2002,O=C(O)CC[C@@H](NC(=O)COc1cc(Cl)c(Cl)cc1Cl)C(=O)O,isssty,0,0,-1,0,-1,-1,Train
2003,OCCOCCOCCO,isssty,0,0,-1,0,0,-1,Train
2004,N#CC1=C(C#N)SCCS1,isssty,0,0,-1,0,0,-1,External
2005,COP(=S)(OC)Oc1nc(Cl)c(Cl)cc1Cl,isssty,0,0,0,0,0,0,Train
2006,Cc1ccc(N)cc1Cl,isssty,0,0,-1,0,0,-1,Train
2007,CNC1Cc2cccc3cccc(c23)C1,isssty,1,1,0,0,-1,1,Train
2008,CN(N=O)C(=O)c1c(N(C)N=O)ncn1C,isssty,0,1,1,1,0,1,Internal
2009,O=[N+]([O-])C1=Cc2c3ccccc3cc3c2c1cc1ccccc13,isssty,1,0,-1,0,1,1,Internal
2010,OC[C@@H]1O[C@H](n2cnc3c(NC[C@@H](O)COc4cccc5ccccc45)ncnc32)[C@@H](O)[C@H]1O,isssty,0,0,-1,0,-1,-1,Train
2011,O=C1CCCc2cc3c(cc21)c([N+](=O)[O-])cc1ccccc13,isssty,1,1,-1,-1,-1,1,Train
2012,Nc1cc(CCO)c(N)c([N+](=O)[O-])c1,isssty,1,1,-1,0,0,1,Train
2013,Nc1ccc2nc3ccccc3cc2c1,isssty,-1,-1,-1,1,1,1,External
2014,CC12CCC(=O)NC1=CCC1C2CCC2(C)C(OC(=O)CCCc3ccc(N(CCCl)CCCl)cc3)CCC12,isssty,0,1,0,1,0,1,Train
2015,O=[N+]([O-])c1cccc([N+](=O)[O-])c1,isssty,1,1,-1,-1,-1,1,External
2016,Cc1c(C)c(N)c(C)c(C)c1N,isssty,0,0,-1,0,0,-1,Train
2017,COc1cc(N)c([N+](=O)[O-])cc1N,isssty,1,1,-1,0,1,1,Train
2018,C=CC1CC2C=CC1C2,isssty,0,0,-1,0,0,-1,Train
2019,Cc1c2ccccc2cc2ccccc12,isssty,1,-1,-1,-1,-1,1,Train
2020,O=C([O-])c1ccccc1O,isssty,0,0,-1,-1,-1,-1,Train
2021,Cc1c(C(C)C)c(=O)n(-c2ccccc2)n1C,isssty,0,0,-1,-1,-1,-1,Train
2022,CS(=O)(=O)c1ccc(Cl)cc1,isssty,0,0,-1,0,0,-1,Train
2023,NC(N)=O,isssty,0,0,-1,0,0,-1,Train
2024,Cc1cc(N)cc(C)c1N,isssty,0,0,-1,0,0,-1,External
2025,O=[N+]([O-])c1cc2cccc3ccc4cccc1c4c32,isssty,1,1,-1,-1,-1,1,Train
2026,Fc1c(F)c(Cl)c(F)c(Cl)c1F,isssty,0,0,-1,0,0,-1,Train
2027,CC(C)[C@@]1(NC(=O)[C@H]2C[C@@H]3c4cccc5[nH]cc(c45)C[C@H]3N(C)C2)O[C@@]2(O)[C@@H]3CCCN3C(=O)[C@H](Cc3ccccc3)N2C1=O,isssty,0,0,-1,0,0,-1,Train
2028,[Cd+2],isssty,0,0,-1,0,-1,-1,External
2029,Cc1cc(N)c([N+](=O)[O-])c(C)c1N,isssty,0,0,-1,0,0,-1,Train
2030,Cc1ccc2c(c1)C(=O)c1ccccc1C2=O,isssty,0,0,-1,-1,-1,-1,Train
2031,O=S1(=O)OC(c2cc(Br)c(O)c(Br)c2)(c2cc(Br)c(O)c(Br)c2)c2ccccc21,isssty,0,0,-1,0,0,-1,External
2032,CCC(C)C1NC(O)=C(C(C)=O)C1=O,isssty,0,0,0,-1,-1,-1,Train
2033,CCN1CCNC(=O)C1=O,isssty,0,0,-1,0,0,-1,External
2034,O=C(O)c1nn(Cc2ccc(Cl)cc2Cl)c2ccccc12,isssty,0,0,-1,0,0,-1,External
2035,CCCCC(CC)COC(=O)c1ccc(C(=O)OCC(CC)CCCC)cc1,isssty,0,0,-1,0,0,-1,Train
2036,CC(C)N1C(=O)c2ccccc2NS1(=O)=O,isssty,0,0,-1,0,-1,-1,Train
2037,O=C1C=CC(=O)C(Cl)=C1,isssty,0,0,0,-1,-1,-1,Internal
2038,O=C1OCCN1/N=C/c1ccc([N+](=O)[O-])o1,isssty,1,1,-1,-1,-1,1,External
2039,Cn1/c(=N/N)sc2ccccc21,isssty,1,1,-1,1,0,1,External
2040,ClC(Cl)C(Cl)Cl,isssty,1,1,-1,1,-1,1,Train
2041,CI,isssty,0,1,-1,-1,0,1,External
2042,C#CCOCC[n+]1ccn(C)c1/C=N/O,isssty,-1,0,-1,-1,0,-1,External
2043,Cc1cccn2c(=O)c(-c3nnn[n-]3)cnc12,isssty,0,0,-1,0,0,-1,Train
2044,Nc1nc(/C(=C\CC(=O)O)C(=O)NC2C(=O)N3C(C(=O)O)=CCSC23)cs1,isssty,0,0,0,0,0,0,External
2045,CCCCC(CC)COC(=O)c1ccc(C(=O)O)cc1,isssty,0,0,-1,0,0,-1,External
2046,O=C1C=Cc2ccccc2/C1=N/Nc1ccc(/N=N/c2ccccc2)cc1,isssty,0,0,-1,-1,-1,-1,Train
2047,CCOP(=S)(OCC)Oc1nc(Cl)c(Cl)cc1Cl,isssty,0,0,-1,0,0,-1,Train
2048,CC1=CC(=O)C(C)=CC1=O,isssty,0,0,0,-1,-1,-1,Train
2049,COC1=C(OC)C(=O)C(C)=CC1=O,isssty,0,0,0,-1,-1,-1,Train
2050,O=C(NC(Cc1cc(=O)[nH]c2ccccc12)C(=O)O)c1ccc(Cl)cc1,isssty,0,0,-1,0,0,-1,External
2051,CN(CC(O)CO)N=O,isssty,-1,1,-1,-1,-1,1,External
2052,CC1=CC(=O)C=C(C)C1=O,isssty,0,0,0,-1,-1,-1,Train
2053,Cc1oc(=O)oc1COC(=O)[C@@H]1N2C(=O)[C@@H](NC(=O)[C@H](N)c3ccccc3)[C@H]2SC1(C)C,isssty,0,0,-1,0,0,-1,Internal
2054,Cc1c(-c2cnccn2)ssc1=S,isssty,0,0,-1,0,0,-1,Train
2055,O=C(O)C1=C/C(=N/Nc2ccc(C(=O)O)cc2)C=CC1=O,isssty,0,0,-1,0,0,-1,Train
2056,C#CCOCC[n+]1ccccc1/C=N/O,isssty,-1,0,-1,-1,0,-1,External
2057,NC(=O)/C(=C\c1ccc([N+](=O)[O-])o1)c1ccco1,isssty,1,1,-1,-1,-1,1,External
2058,O=C1c2ccccc2C(=O)c2c1cc(O)c(O)c2O,isssty,1,-1,-1,0,1,1,Train
2059,Cc1nnc2n1-c1ccc(Cl)cc1C(c1ccccc1Cl)=NC2,isssty,0,0,0,0,0,0,Train
2060,Cc1ccc(C(O)(P(=O)(O)O)P(=O)(O)O)cc1N(CCCl)CCCl,isssty,0,0,-1,1,0,1,Train
2061,COc1cccc2c1C(=O)c1ccccc1C2=O,isssty,0,0,-1,0,1,1,External
2062,O=[N+]([O-])c1ccccc1C(F)(F)F,isssty,0,0,-1,0,0,-1,External
2063,Nc1c(C(=O)O)cc([N+](=O)[O-])c2c1C(=O)c1ccccc1C2=O,isssty,1,1,-1,0,1,1,Train
2064,Nc1ccc(Cl)c(C(F)(F)F)c1,isssty,0,0,-1,0,0,-1,Train
2065,O=[N+]([O-])c1cc(C(F)(F)F)cc([N+](=O)[O-])c1Cl,isssty,0,0,-1,0,0,-1,External
2066,O=[N+]([O-])c1cccc(C(F)(F)F)c1,isssty,0,0,-1,0,0,-1,Train
2067,BrCCCBr,isssty,0,0,-1,1,0,1,Train
2068,C1=Cc2c3ccc4ccccc4c3cc3cccc1c23,isssty,1,-1,-1,-1,-1,1,Train
2069,O=[Si]=O,isssty,0,0,-1,0,0,-1,Train
2070,CCCCC[C@@](C)(O)/C=C/C1[C@H](C/C=C\CCCC(=O)O)C(=O)C[C@@H]1O,isssty,0,0,-1,0,0,-1,Train
2071,CC(=O)C(Cl)(Cl)Cl,isssty,1,1,-1,1,0,1,External
2072,FCC(F)(F)F,isssty,0,0,-1,0,0,-1,Train
2073,CCN(CC)CC#CCOC(=O)C(O)(c1ccccc1)C1CCCCC1,isssty,0,0,-1,0,0,-1,Train
2074,CCC(C)(C)OC,isssty,0,0,-1,0,0,-1,Train
2075,O=[N+]([O-])c1ccc(/N=N/c2ccc(N(CCO)CCO)cc2)c([N+](=O)[O-])c1,isssty,1,1,-1,1,1,1,External
2076,O=C1CC[C@H](C(=O)N2CSC[C@@H]2C(=O)O)N1,isssty,0,0,-1,0,0,-1,Train
2077,C/C=C(\C=C(C)\C=C(C)\C=C\C=C(/C)C(=O)[C@@]12O[C@@H]1[C@@](O)(CCO)NC2=O)C(=O)OC,isssty,1,1,0,-1,-1,1,Train
2078,Cc1c([N+](=O)[O-])cc(NO)cc1[N+](=O)[O-],isssty,1,1,0,-1,-1,1,Train
2079,COc1ccc(C(=C(C#N)CCC(=O)O)c2ccc(OC)cc2)cc1,isssty,0,0,-1,0,0,-1,Train
2080,CN(C)C(=O)c1nc(CNC(=O)CN)n(-c2ccc(Cl)cc2C(=O)c2ccccc2Cl)n1,isssty,0,0,0,0,0,0,Train
2081,NCCc1c[nH]c2ccc(O)cc12,isssty,0,0,-1,0,0,-1,Train
2082,CN(C)C(=O)c1nc2n(n1)-c1ccc(Cl)cc1C(c1ccccc1Cl)=NC2,isssty,0,0,0,0,0,0,External
2083,O=C1CN=C(c2ccccc2)c2cc([N+](=O)[O-])ccc2N1,isssty,0,0,0,0,0,0,External
2084,CC(C)Oc1ccc2c(=O)c(-c3ccccc3)coc2c1,isssty,0,0,-1,0,0,-1,Train
2085,Cc1cc(Cl)ccc1N,isssty,1,-1,-1,0,0,1,Train
2086,CCOC(=O)Nc1cccc2c1CN(C)CC2c1ccc(Cl)cc1,isssty,0,0,-1,0,0,-1,Train
2087,Nc1cc2[nH]c3ccccc3c2cc1[N+](=O)[O-],isssty,1,1,-1,-1,1,1,Train
2088,Nc1ccc2c([nH]c3ccccc32)c1[N+](=O)[O-],isssty,1,1,-1,-1,1,1,Train
2089,C=CC(=O)OCCCCCC(C)C,isssty,0,0,-1,0,0,-1,Train
2090,CN1C(=O)[C@H](O)C[C@H]1c1cccnc1,isssty,0,0,-1,0,0,-1,Train
2091,C/N=C(\N)N[N+](=O)[O-],isssty,0,0,-1,0,0,-1,Train
2092,CSc1ccc(Cl)cc1,isssty,0,0,-1,0,0,-1,Internal
2093,O=C(Nc1ccc(Br)cc1)c1cc(Br)cc(Br)c1O,isssty,0,0,-1,0,0,-1,Train
2094,O=C(Nc1cc(Cl)cc(Cl)c1O)c1c(O)c(Cl)cc(Cl)c1Cl,isssty,0,0,-1,0,0,-1,Train
2095,Cc1c(-c2ccccc2)oc2c(C(=O)OCCN3CCCCC3)cccc2c1=O,isssty,0,0,-1,0,0,-1,Train
2096,O=[N+]([O-])c1cc(Cl)cc(Sc2cc(Cl)cc([N+](=O)[O-])c2O)c1O,isssty,0,0,-1,0,0,-1,Train
2097,CCCCCCCOc1ccccc1NC(=O)OCC[NH+]1CCCCC1,isssty,0,0,-1,0,-1,-1,Internal
2098,Clc1ccc2c(c1)C(c1ccccc1)=NCc1nncn1-2,isssty,0,0,0,0,0,0,Train
2099,CCN(CC)CCNc1ccc(C)c2sc3ccccc3c(=O)c12,isssty,0,0,-1,1,1,1,Train
2100,CC(C)(Cl)Cl,isssty,0,0,-1,0,-1,-1,Train
2101,CN(Cc1cnc2nc(N)nc(N)c2n1)c1ccc(C(=O)N[C@H](CCC(=O)O)C(=O)O)cc1,isssty,0,0,0,-1,0,-1,Train
2102,C[n+]1ccn(CCC[n+]2ccc(C(N)=O)cc2)c1/C=N/O,isssty,-1,0,-1,-1,0,-1,Internal
2103,ClCCCCl,isssty,0,0,-1,0,-1,-1,Train
2104,O=P(O)(O)Oc1c(Br)cc(Br)cc1-c1cc(Br)cc(Br)c1O,isssty,0,0,-1,0,0,-1,Train
2105,CC(=O)OC(C)(C)C,isssty,0,0,0,0,0,0,Train
2106,COc1ccc(C(O)(c2cncnc2)C2CC2)cc1,isssty,0,0,-1,0,0,-1,Train
2107,CNc1ccc(NCCO)c2c1C(=O)c1ccccc1C2=O,isssty,1,0,1,-1,1,1,External
2108,O=C(O)C(F)(F)C(F)(Cl)C(F)(F)C(F)(Cl)C(F)(F)Cl,isssty,0,0,-1,0,0,-1,Train
2109,CCCCCCCCCCCCCCCCCCCCCCCCCCCCCCC,isssty,0,0,-1,0,0,-1,Train
2110,O=C(O)C(F)(F)C(F)(F)C(F)(F)C(F)(F)C(F)(F)C(F)(F)C(F)(F)C(F)(F)C(F)(F)F,isssty,0,0,-1,0,0,-1,External
2111,c1ccc(Nc2ccc(Nc3ccccc3)cc2)cc1,isssty,1,0,-1,-1,-1,1,Train
2112,N#Cc1cc([N+](=O)[O-])ccc1/N=N/c1ccc(N(CCO)CCO)cc1,isssty,1,1,-1,0,1,1,Train
2113,CCN(CC)c1ccc(/N=N/c2c(Cl)cc([N+](=O)[O-])cc2[N+](=O)[O-])cc1,isssty,1,1,1,1,1,1,Train
2114,NC[C@H]1CC[C@H](C(=O)c2ccc(CCC(=O)O)cc2)CC1,isssty,0,0,-1,0,0,-1,External
2115,C[C@@H](CCC(=O)NCCS(=O)(=O)O)[C@H]1CC[C@H]2[C@@H]3C[C@H](O)[C@@H]4C[C@@H](O)CC[C@]4(C)[C@H]3CC[C@]12C,isssty,0,0,-1,0,0,-1,Train
2116,CC[NH2+]CC[NH3+],isssty,0,0,-1,0,0,-1,Train
2117,COc1cc(N)c(OC)cc1N,isssty,1,1,-1,0,1,1,External
2118,Nc1ccc2cc3ccccc3nc2c1,isssty,-1,-1,-1,1,1,1,Internal
2119,Nc1cccc2nc3ccccc3c(N)c12,isssty,-1,-1,-1,1,1,1,Train
2120,[Pb+2],isssty,0,0,-1,0,0,-1,Internal
2121,Nc1ccc2c(N)c3ccccc3nc2c1,isssty,-1,-1,-1,0,1,1,External
2122,CC(C)(C)N(CCO)CCO,isssty,0,0,-1,0,0,-1,Train
2123,C[n+]1c2ccccc2cc2cc(N)ccc21,isssty,-1,-1,-1,0,1,1,Train
2124,O=C(O)c1c(Cl)c(Cl)c(Cl)c2oc3c(Br)c(O)c(Br)cc3c(=O)c12,isssty,0,0,-1,0,0,-1,Train
2125,Nc1cc2c(O)c(/N=N/c3ccc(/N=N/c4ccc(S(=O)(=O)[O-])cc4)c4ccc(S(=O)[O-])cc34)c(S(=O)(=O)[O-])cc2cc1S(=O)(=O)[O-],isssty,0,0,-1,0,0,-1,Train
2126,CC(=O)Nc1ccc2[nH]c3ccccc3c2c1,isssty,1,0,-1,-1,0,1,Train
2127,CC(=O)Nc1ccc(CC(=O)O)cc1,isssty,0,0,-1,0,0,-1,Train
2128,Cc1ccc(C(C)(C)C)c(O)c1C(O)c1ncc([N+](=O)[O-])n1C,isssty,0,0,-1,0,0,-1,Train
2129,CCC1=C(C[C@H]2NCCc3cc(OC)c(OC)cc32)C[C@H]2c3cc(OC)c(OC)cc3CCN2C1,isssty,0,0,-1,0,0,-1,Train
2130,C=C(C)C1CC=C(C)C(=O)C1,isssty,0,0,-1,0,0,-1,External
2131,[F-],isssty,0,0,-1,0,0,-1,Internal
2132,Cc1cc(N)c(C)c([N+](=O)[O-])c1N,isssty,1,0,-1,0,0,1,Train
2133,CC(O)Cc1cc(N)cc([N+](=O)[O-])c1N,isssty,0,0,-1,0,0,-1,Train
2134,Cc1cc(N)c(C)cc1N,isssty,1,0,-1,0,0,1,Train
2135,CO/N=C(\C(=O)N[C@@H]1C(=O)N2C(C(=O)[O-])=C(CSC(=O)c3ccco3)CS[C@H]12)c1csc(N)n1,isssty,0,0,-1,0,0,-1,External
2136,CC(=O)N(CC(O)CN(C(C)=O)c1c(I)c(C(=O)NCC(O)CO)c(I)c(C(=O)NCC(O)CO)c1I)c1c(I)c(C(=O)NCC(O)CO)c(I)c(C(=O)NCC(O)CO)c1I,isssty,0,0,-1,0,0,-1,Train
2137,Nc1ccc2[nH]c3ccccc3c2c1[N+](=O)[O-],isssty,1,1,-1,-1,1,1,External
2138,C=C1/C(=C\C=C2/CCC[C@]3(C)[C@@H]([C@H](C)CC[C@@H](O)C(C)C)CC[C@@H]23)C[C@@H](O)C[C@@H]1O,isssty,0,0,-1,0,0,-1,External
2139,CCCCCCCCCCCCCCCC(=O)OC/C=C(C)/C=C/C=C(C)/C=C/C1=C(C)CCCC1(C)C,isssty,0,0,-1,0,0,-1,Train
2140,CN1C(=O)CC[C@H]1c1cccnc1,isssty,0,0,-1,0,0,-1,External
2141,O=NN1CN2CN(C1)CN(N=O)C2,isssty,0,1,-1,0,0,1,Train
2142,CC(C)OC(=O)COc1ccc(Cl)cc1Cl,isssty,0,0,-1,0,0,-1,Train
2143,FC(F)C(F)(F)F,isssty,0,0,-1,0,0,-1,Train
2144,CCCCC(CC)COC(=O)COc1ccc(Cl)cc1Cl,isssty,0,0,-1,0,0,-1,External
2145,CC1CCc2c(N3CCC(O)CC3)c(F)cc3c(=O)c(C(=O)O)cn1c23,isssty,0,0,-1,0,0,-1,Train
2146,CCCN(CCC)c1c([N+](=O)[O-])cc(C(F)(F)F)cc1[N+](=O)[O-],isssty,0,0,-1,0,0,-1,Train
2147,CCC(=O)CCCCCC1NC(=O)C2CCCCN2C(=O)C(C(C)CC)NC(=O)C(Cc2cn(OC)c3ccccc23)NC1=O,isssty,0,0,0,0,0,0,Internal
2148,CCOCCc1c(-c2ccccc2)nc(N)n2ncnc12,isssty,0,0,-1,0,0,-1,External
2149,COS(=O)(=O)OC,isssty,1,1,-1,1,1,1,Internal
2150,F[B-](F)(F)F.[H+],isssty,0,0,-1,0,0,-1,Train
2151,NC(=O)c1cc[n+](COC[n+]2ccccc2/C=N/O)cc1,isssty,0,0,-1,0,0,-1,External
2152,O=C([O-])C(Cl)Cl,isssty,0,0,0,0,0,0,External
2153,CO,isssty,0,0,-1,0,0,-1,External
2154,CC(F)(F)F,isssty,0,0,-1,0,-1,-1,Train
2155,C[N+]1([O-])CCC[C@H]1c1cccnc1,isssty,0,0,-1,0,0,-1,Train
2156,Cn1c2ccccc2c(=O)c2c(O)cc3c(c21)CC(C(C)(O)CCl)O3,isssty,1,1,-1,0,-1,1,Train
2157,C[C@H]1CCCC(=O)CCCCCc2cc(O)cc(O)c2C(=O)O1,isssty,0,0,-1,0,0,-1,External
2158,Cc1cc(C(O)c2ncc([N+](=O)[O-])n2C)c(O)c(C(C)(C)C)c1,isssty,0,0,-1,0,0,-1,Train
2159,Cn1c([N+](=O)[O-])cnc1C(O)c1cc(C(C)(C)C)cc(C(C)(C)C)c1O,isssty,0,0,-1,0,0,-1,External
2160,[Cl][Ti]([Cl])[Cl],isssty,0,1,-1,0,0,1,Train
2161,[O-][Cl+3]([O-])([O-])[O-],isssty,0,0,-1,0,0,-1,Internal
2162,COc1cc(CCC(C)=O)ccc1O,isssty,0,0,-1,0,-1,-1,Internal
2163,Nc1ccc(S(=O)(=O)[O-])c2ccccc12,isssty,0,0,-1,0,0,-1,External
2164,Cc1cc(-c2ccc(N=C=O)c(C)c2)ccc1N=C=O,isssty,1,0,-1,0,0,1,Train
2165,Cc1nc(N)nc(N)n1,isssty,0,0,-1,0,0,-1,Train
2166,CCC1C(C)=NN=C(c2ccc(OC)c(OC)c2)c2cc(OC)c(OC)cc21,isssty,0,0,0,-1,0,-1,Train
2167,O=C(ON=C1C=CC(=NOC(=O)c2ccccc2)C=C1)c1ccccc1,isssty,1,1,-1,0,1,1,Train
2168,C1CN(SSN2CCOCC2)CCO1,isssty,0,0,-1,0,0,-1,Train
2169,CO/N=C(/C(=O)NC1C(=O)N2C(C(=O)OCOC(=O)C(C)(C)C)=C(/C=C/c3scnc3C)CSC12)c1csc(N)n1,isssty,0,0,-1,0,0,-1,Internal
2170,COc1cc([C@H]2OC[C@H]3[C@@H]2CO[C@H]3c2cc(OC)c(OC)c(OC)c2)cc(OC)c1OC,isssty,0,0,0,0,-1,-1,Train
2171,FC(F)(F)I,isssty,1,1,-1,1,1,1,Internal
2172,CSCCC=O,isssty,0,0,-1,0,0,-1,Train
2173,CCCC,isssty,0,0,-1,0,0,-1,Train
2174,C[C@]1(O)CC[C@H]2[C@@H]3CCC4=CC(=O)CC[C@]4(C)[C@@]3(F)[C@@H](O)C[C@@]21C,isssty,0,0,0,0,-1,-1,Train
2175,CC(CO[N+](=O)[O-])(CO[N+](=O)[O-])CO[N+](=O)[O-],isssty,0,0,-1,0,0,-1,Train
2176,CCCC(=O)Nc1ncnc2c1ncn2C1OC2COP(=O)(O)OC2C1OC(=O)CCC,isssty,0,0,-1,0,0,-1,External
2177,C=CS(C)(=O)=O,isssty,0,0,-1,0,0,-1,Train
2178,CCCCCOc1cccc(NC(=O)OC2CCCC[C@H]2N2CCCC2)c1,isssty,0,0,-1,0,-1,-1,Train
2179,c1ccc2c(c1)ccc1ccc3sccc3c12,isssty,-1,1,-1,-1,-1,1,Train
2180,CNC.O=C(O)CCCOc1ccc(Cl)cc1Cl,isssty,0,0,-1,0,0,-1,Train
2181,CCCC[N+](=O)[O-],isssty,0,0,0,-1,-1,-1,External
2182,N#Cc1ccccc1[N+](=O)[O-],isssty,0,0,-1,0,0,-1,Train
2183,CCCCCCCOc1ccccc1NC(=O)OC(C)C[NH+](CC)CC,isssty,0,0,-1,0,-1,-1,Train
2184,N#Cc1ccc([N+](=O)[O-])cc1,isssty,0,0,-1,0,0,-1,Train
2185,CCOc1cccc([N+](=O)[O-])c1,isssty,0,0,-1,0,0,-1,Train
2186,CCOc1ccc([N+](=O)[O-])cc1,isssty,1,-1,-1,0,0,1,Train
2187,O=C(O)Cc1cccc([N+](=O)[O-])c1,isssty,0,0,-1,0,0,-1,Train
2188,Cn1c(=O)c2c(ncn2C)n(C)c1=O,isssty,0,0,-1,0,0,-1,Train
2189,O=[N+]([O-])c1ccc(S)cc1,isssty,1,1,-1,0,0,1,Train
2190,O=C(O)[C@H]1CS[C@H](c2ccccc2O)N1C(=O)CCS,isssty,0,0,-1,0,0,-1,Train
2191,C[Si](C)(C)O,isssty,0,0,-1,0,0,-1,Train
2192,CCO[Si](C)(C)OCC,isssty,0,0,-1,0,0,-1,Train
2193,C[Si](Cl)(Cl)Cl,isssty,0,0,-1,0,0,-1,External
2194,CCO[Si](C)(OCC)OCC,isssty,0,0,-1,0,0,-1,Train
2195,CN(N=O)C(=O)N[C@H]1[C@@H](O)[C@H](O)[C@H](CO)O[C@@H]1O,isssty,0,1,-1,1,-1,1,Train
2196,CCCCCCCCCCCCO,isssty,0,0,-1,0,0,-1,Train
2197,Cl[Si](Cl)(Cl)Cl,isssty,0,0,-1,0,0,-1,External
2198,C[Si](C)(C)O[Si](C)(C)C,isssty,0,0,-1,0,0,-1,Train
2199,C[C@H]1CCCC(O)CCCCCc2cc(O)cc(O)c2C(=O)O1,isssty,0,0,-1,0,0,-1,External
2200,C[Si]1(C)O[Si](C)(C)O[Si](C)(C)O1,isssty,0,0,-1,0,0,-1,Train
2201,Nc1cc2c(cc1[N+](=O)[O-])[nH]c1ccccc12,isssty,1,1,-1,-1,1,1,Train
2202,C[Si]1(C)O[Si](C)(C)O[Si](C)(C)O[Si](C)(C)O[Si](C)(C)O1,isssty,0,0,-1,0,0,-1,Internal
2203,Cc1c([N+](=O)[O-])c(C)c([N+](=O)[O-])c(C(C)(C)C)c1[N+](=O)[O-],isssty,0,0,-1,-1,-1,-1,Train
2204,CCCCCCCC/C=C/CCCCCCCC(=O)O,isssty,0,0,-1,0,0,-1,Train
2205,CC(=O)Nc1ccc2[nH]c3ccccc3c2c1[N+](=O)[O-],isssty,1,0,-1,-1,0,1,Train
2206,COc1cc(Cc2cnc(N)nc2N)cc(OC)c1OC,isssty,1,0,0,-1,-1,1,External
2207,CC(=O)Nc1cc2c(cc1[N+](=O)[O-])[nH]c1ccccc12,isssty,1,0,-1,-1,0,1,Train
2208,c1ccc2c3c(ccc2c1)-c1cccc2cccc-3c12,isssty,-1,1,-1,-1,-1,1,Train
2209,CC(CN1CC(=O)NC(=O)C1)N1CC(=O)NC(=O)C1,isssty,0,0,-1,0,0,-1,Train
2210,C1COCO1,isssty,0,0,-1,0,0,-1,Internal
2211,CNC(=O)C[C@@H](N)C(=O)N[C@@H](C(=O)N[C@H]1C(=O)N2[C@@H]1SC(C)(C)[C@H]2C(=O)O)c1ccc(O)cc1,isssty,0,0,-1,0,0,-1,Train
2212,CC(C)NCC(O)COc1cccc2c1OCC(O[N+](=O)[O-])C2,isssty,0,0,-1,0,0,-1,Train
2213,CC(C)NCC(O)COc1cccc2c1OCC(O)C2,isssty,0,0,-1,0,0,-1,External
2214,CN(C)CCCn1cc[n+](C)c1/C=N/O,isssty,-1,0,-1,-1,0,-1,Train
2215,Oc1cc(O)c2cc(O)c(-c3cc(O)c(O)c(O)c3)[o+]c2c1,isssty,0,0,-1,0,0,-1,External
2216,O=C(O)CCCCC1SCC2NC(=O)NC21,isssty,0,0,-1,0,0,-1,Internal
2217,Nc1c(O)cccc1[N+](=O)[O-],isssty,0,0,-1,0,0,-1,Train
2218,Nc1cccc([N+](=O)[O-])c1O,isssty,0,0,-1,0,0,-1,Train
2219,COc1ccc(CNCC(O)COc2ccc3[nH]c(=O)ccc3c2)cc1OC,isssty,0,0,-1,0,0,-1,Train
2220,Cc1c(O)cc2c(c1O)C(=O)c1ccccc1C2=O,isssty,1,1,-1,-1,1,1,Train
2221,COc1cccc2c1C(=O)c1c(O)c3c(c(O)c1C2=O)CC(O)(C(=O)CO)CC3OC1CC(N)C(OC)C(C)O1,isssty,1,1,-1,-1,-1,1,Train
2222,CN1CCN(c2c(F)cc3c(=O)c(C(=O)O)cn(CCF)c3c2F)CC1,isssty,0,0,1,0,0,1,Train
2223,CCn1cc(C(=O)O)c(=O)c2cc(F)c(N3CCNCC3)nc21,isssty,-1,-1,1,-1,-1,1,Train
2224,BrCCCCBr,isssty,0,-1,-1,1,0,1,Train
2225,CC[C@]1(O)C[C@@H]2CN(CCc3c([nH]c4ccccc34)[C@@](C(=O)OC)(c3cc4c(cc3OC)N(C)[C@H]3[C@@](O)(C(=O)OC)[C@H](OC(C)=O)[C@]5(CC)C=CCN6CC[C@]43[C@@H]65)C2)C1,isssty,0,0,-1,-1,0,-1,Train
2226,O=Nc1ccc2ccc3cccc4ccc1c2c34,isssty,1,-1,-1,-1,-1,1,Train
2227,Nc1ccc(NC(=O)c2ccc(N)cc2)cc1,isssty,1,0,-1,0,1,1,Train
2228,OC1C=CC=CC1O,isssty,0,1,-1,-1,-1,1,Train
2229,O=C1OC(O)C(CCl)=C1Cl,isssty,1,1,1,1,-1,1,Train
2230,CC[C@]1(O)C[C@@H]2CN(CCc3c([nH]c4ccccc34)[C@@](C(=O)OC)(c3cc4c(cc3OC)N(C=O)[C@H]3[C@@](O)(C(=O)OC)[C@H](OC(C)=O)[C@]5(CC)C=CCN6CC[C@]43[C@@H]65)C2)C1,isssty,0,0,-1,-1,0,-1,Train
2231,CC(=O)O[C@H]1CC[C@]2(C)[C@H]3CC[C@]4(C)[C@@H]([C@@H](C)CCCC(C)C)CC[C@H]4[C@@H]3C[C@H]3N(N4C(=O)c5ccccc5C4=O)[C@@]32C1,isssty,1,1,1,-1,-1,1,External
2232,COP(=S)(OC)OC,isssty,0,0,-1,-1,-1,-1,Train
2233,COP(=O)(SC)SC,isssty,0,0,-1,-1,-1,-1,Train
2234,Cc1cc(O)c2c(O)c3c(O)cccc3cc2c1,isssty,0,0,-1,0,1,1,Train
2235,NC1=C2C(=O)c3ccccc3C(=O)C2=C(N)CC1,isssty,0,0,-1,0,1,1,Train
2236,Cc1ccc2c(c1Nc1ccccc1)C(=O)c1ccccc1C2=O,isssty,0,1,-1,0,0,1,Train
2237,Nc1cccc2c1C(=O)c1cccc(N)c1C2=O,isssty,1,0,-1,0,0,1,Train
2238,O=C1c2cccc(S(=O)(=O)O)c2C(=O)c2cccc([N+](=O)[O-])c21,isssty,1,0,-1,0,0,1,External
2239,O=C1c2cc(S(=O)(=O)O)ccc2C(=O)c2c1cccc2[N+](=O)[O-],isssty,1,0,-1,0,1,1,Train
2240,CCOC(=O)CC(SP(=O)(OC)SC)C(=O)OCC,isssty,0,0,-1,-1,-1,-1,Train
2241,COP(=O)(OC)SC,isssty,0,0,-1,-1,-1,-1,Train
2242,O=Nc1c2ccccc2c2ccc3cccc4ccc1c2c43,isssty,1,1,-1,-1,-1,1,External
2243,CC1CCC(C(C)C)C(=O)C1,isssty,0,0,-1,0,0,-1,Internal
2244,CC(C)(S)[C@@H](N)C(=O)O,isssty,-1,1,1,-1,-1,1,External
2245,O=[N+]([O-])c1ccc2c(c1)Cc1cc([N+](=O)[O-])ccc1-2,isssty,1,1,-1,-1,-1,1,Train
2246,Cc1n[nH]c(=O)[nH]c1=O,isssty,0,0,-1,0,0,-1,Train
2247,O=C1NCNC(=O)N1,isssty,1,0,-1,0,0,1,Train
2248,C1=Cc2cc3c4ccccc4ccc3c3cccc1c23,isssty,1,1,-1,0,1,1,External
2249,Cc1ncc([N+](=O)[O-])n1C,isssty,1,1,1,-1,-1,1,Train
2250,O=[N+]([O-])c1ccc(Oc2ccc(Cl)cc2Cl)cc1,isssty,0,1,-1,-1,-1,1,Train
2251,O=[N+]([O-])c1cc([N+](=O)[O-])c(O)c([N+](=O)[O-])c1O,isssty,0,0,-1,0,0,-1,Train
2252,Nc1c(Cl)cc([N+](=O)[O-])cc1Cl,isssty,1,0,-1,-1,-1,1,Internal
2253,NC(=O)N(c1ccccc1)c1ccc(C(=O)O)cc1,isssty,0,0,-1,0,0,-1,Train
2254,C[As+](C)(C)CC(=O)[O-],isssty,0,0,-1,-1,-1,-1,Internal
2255,c1ccc2c(c1)c1cccc3ccc4cccc2c4c31,isssty,1,1,-1,-1,-1,1,Train
2256,Clc1cnc(Oc2ccc(Oc3ncc(Cl)cc3Cl)cc2)c(Cl)c1,isssty,0,0,0,-1,-1,-1,External
2257,CC(=O)Nc1ccc2c(c1)[nH]c1ccccc12,isssty,1,0,-1,-1,0,1,Internal
2258,CCN(CCO[N+](=O)[O-])[N+](=O)[O-],isssty,0,0,-1,1,0,1,Train
2259,C1OC1C1CO1,isssty,1,1,1,1,-1,1,Train
2260,CNc1ncn(C)c1C(=O)N(C)N=O,isssty,0,1,1,1,0,1,Train
2261,O=C(O)c1ccc([N+](=O)[O-])o1,isssty,0,1,-1,-1,-1,1,Train
2262,CCn1cc(C(=O)O)c(=O)c2cnc(N3CCNCC3)nc21,isssty,0,0,1,-1,-1,1,External
2263,O=c1nc[nH]c(=O)[nH]1,isssty,0,0,-1,0,0,-1,Train
2264,CCC1(c2ccccc2)C(=O)[N-]C(=O)NC1=O,isssty,0,0,0,1,-1,1,Train
2265,CC1=CC(=O)C(C(C)C)=CC1=O,isssty,0,0,0,-1,-1,-1,Train
2266,N#CC1=C(C#N)C(=O)C(Cl)=C(Cl)C1=O,isssty,0,0,0,-1,-1,-1,External
2267,C[n+]1c2ccccc2cc2ccc(N)cc21,isssty,-1,-1,-1,0,1,1,Internal
2268,[O]=[Mn](=[O])(=[O])[O-],isssty,0,1,-1,-1,-1,1,Train
2269,CC[n+]1c2ccccc2nc2ccccc21,isssty,1,0,0,-1,1,1,Train
2270,N[C@H](CSC(F)(F)C(F)Cl)C(=O)O,isssty,0,0,0,-1,-1,-1,Train
2271,Cc1ccc2ncccc2c1,isssty,-1,1,-1,-1,-1,1,Train
2272,CCCCN(N=O)/C(N)=N/[N+](=O)[O-],isssty,-1,1,-1,1,-1,1,Internal
2273,O=c1oc2c([N+](=O)[O-])cccc2c2ccccc12,isssty,1,-1,-1,-1,-1,1,Internal
2274,BrCBr,isssty,1,1,-1,-1,-1,1,Train
2275,C=CC(=O)N1CCN(c2ccccc2)CC1,isssty,0,0,-1,-1,-1,-1,Train
2276,c1ccc(N2CCNCC2)cc1,isssty,0,0,-1,-1,-1,-1,Train
2277,Cc1ccc2cccnc2c1,isssty,-1,1,-1,-1,-1,1,Train
2278,COc1cc(/N=N/c2ccccc2)ccc1N,isssty,-1,1,-1,-1,-1,1,Train
2279,CC(C)CCC[C@H](C)[C@H]1CC[C@H]2[C@@H]3CC4([C@H]5C[C@@H](Br)CC[C@]5(C)[C@H]3CC[C@]12C)S(=O)(=O)CCS4(=O)=O,isssty,0,0,1,-1,-1,1,Internal
2280,O=[N+]([O-])c1ccc2c3c(ccc([N+](=O)[O-])c13)-c1ccccc1-2,isssty,1,1,-1,0,1,1,Train
2281,O=[N+]([O-])c1cccc2c1-c1cccc3c([N+](=O)[O-])ccc-2c13,isssty,1,1,-1,0,1,1,Train
2282,O=[N+]([O-])c1ccc2c(c1)-c1ccc([N+](=O)[O-])c3cccc-2c13,isssty,1,1,-1,0,1,1,Internal
2283,CN(C)CCCN1c2ccccc2Sc2ccc(Cl)cc21,isssty,0,0,-1,0,0,-1,Train
2284,CCCN(N=O)/C(N)=N/[N+](=O)[O-],isssty,-1,1,-1,1,-1,1,Train
2285,O=[N+]([O-])c1cc2c3c(cccc3c1)-c1ccccc1-2,isssty,1,-1,-1,-1,-1,1,Train
2286,Nc1cccc2nc3ccccc3cc12,isssty,-1,-1,-1,0,1,1,External
2287,Nc1ccc2nc3ccccc3c(N)c2c1,isssty,-1,-1,-1,0,1,1,Train
2288,O=C/C(=C(/Cl)C(=O)O)C(Cl)Cl,isssty,1,1,-1,-1,-1,1,Internal
2289,Nc1ccc2c(c1)[nH]c1ccccc12,isssty,1,1,-1,-1,0,1,Train
2290,CCOP(=S)(OCC)SCn1c(=O)oc2cc(Cl)ccc21,isssty,0,0,-1,-1,-1,-1,Train
2291,Cc1c2c(cc3ccccc13)-c1ccccc1C1NC21,isssty,1,1,-1,-1,-1,1,Internal
2292,CC(=O)Nc1ccc2ccc3c(O)ccc4ccc1c2c43,isssty,1,-1,-1,-1,-1,1,Train
2293,NCC(=O)CCC(=O)O,isssty,0,0,1,0,-1,1,Train
2294,BrC(Br)C(Br)Br,isssty,1,1,-1,-1,-1,1,External
2295,COc1cc(O)c2c(c1)C(=O)c1cc(C)cc(O)c1C2=O,isssty,0,0,0,-1,1,1,External
2296,ClC(Cl)(Cl)c1ccccc1,isssty,1,1,-1,1,-1,1,Train
2297,c1ccc2c(c1)-c1cccc3c1c-2cc1ccccc13,isssty,1,1,-1,-1,-1,1,Train
2298,Nc1ccc(-c2cc([N+](=O)[O-])c(N)c(Cl)c2Cl)cc1,isssty,1,1,-1,-1,-1,1,Train
2299,O=S(=O)([O-])c1ccc(/N=N/c2c(O)ccc3ccccc23)cc1,isssty,0,0,-1,-1,-1,-1,Train
2300,Cc1ccccc1/N=N/c1ccc(N/N=C2\C(=O)C=Cc3ccccc32)c(C)c1,isssty,1,-1,-1,-1,-1,1,Internal
2301,c1ccc2cc3c(cc2c1)-c1cccc2cccc-3c12,isssty,1,1,-1,-1,-1,1,Train
2302,CC(C)(C)CBr,isssty,0,0,-1,0,0,-1,Train
2303,ClCC(CCl)(CCl)CCl,isssty,0,0,-1,0,0,-1,Train
2304,COC1CCC(OC2CC(C3(C)CCC4(CC(O)C(C)C(C(C)/C=C(\C)C(=O)C(C)CC(C)C(=O)O)O4)O3)OC3(OC(C4OC(O)(CO)C(C)CC4C)CC3C)C2C)OC1C,isssty,0,0,0,-1,-1,-1,Internal
2305,NC(=O)c1cccc2cccnc12,isssty,0,1,-1,0,0,1,Train
2306,C=C(C)C1Cc2c(cc(O)c3c(=O)c4ccccc4n(C)c23)O1,isssty,1,1,-1,-1,-1,1,Train
2307,NCCCC[C@@H](N)C(=O)N[C@@H](Cc1c[nH]c2ccccc12)C(=O)N[C@H](CCCCN)C(=O)O,isssty,0,0,-1,0,0,-1,Internal
2308,CC(C)CC1NC(=O)CNC1=O,isssty,0,0,-1,0,0,-1,Train
2309,CSCC[C@H](NC=O)C(=O)N[C@@H](Cc1ccccc1)C(=O)O,isssty,0,0,-1,0,0,-1,Train
2310,CC(C)CC(NC(=O)C(Cc1ccccc1)NC(=O)CNC(=O)CN)C(=O)O,isssty,0,0,-1,0,0,-1,Train
2311,O=CC(=O)O,isssty,-1,1,1,-1,-1,1,Train
2312,O=C(Cl)OCc1ccccc1,isssty,0,0,-1,0,0,-1,Train
2313,Cc1cc(C)nc(SC(=O)OC(C)(C)C)n1,isssty,0,0,-1,0,0,-1,Train
2314,CC(C)(C)OC(=O)O/N=C(\C#N)c1ccccc1,isssty,0,0,-1,0,0,-1,Internal
2315,CCCCSCC[C@@H]([NH3+])C(=O)[O-],isssty,0,0,-1,0,0,-1,Train
2316,O=C1CCC(=O)N1O,isssty,0,0,-1,0,0,-1,Train
2317,CCOC(=O)[C@H](CCc1ccccc1)N[C@@H](C)C(=O)N1[C@@H](C(=O)O)C[C@H]2CCCC[C@@H]21,isssty,0,0,-1,0,0,-1,Train
2318,On1nnc2ccccc21,isssty,0,0,-1,0,0,-1,Internal
2319,Clc1ccc(CSc2ccc(Cl)cc2)cc1,isssty,0,0,0,-1,-1,-1,Train
2320,O=C(n1ccnc1)n1ccnc1,isssty,0,0,-1,0,0,-1,Internal
2321,O=C1C=C[C@]2(O)c3c(ccc(O)c31)-c1ccc(O)c3c1[C@H]2C1OC1C3=O,isssty,1,1,-1,0,1,1,Train
2322,O=C(Cl)OCC1c2ccccc2-c2ccccc21,isssty,0,0,-1,0,1,1,Internal
2323,CCNCC#CC(C)(C)OC(=O)C(O)(c1ccccc1)C1CCCCC1.[H+],isssty,0,0,-1,0,0,-1,External
2324,O=S1OC[C@@H]2[C@H](CO1)[C@]1(Cl)C(Cl)=C(Cl)C2(Cl)C1(Cl)Cl,isssty,0,0,0,-1,-1,-1,Internal
2325,ClCC1C(CCl)C2(Cl)C(Cl)=C(Cl)C1(Cl)C2(Cl)Cl,isssty,0,0,0,-1,-1,-1,Train
2326,Cc1cc(Cl)ccc1OCCCC(=O)O,isssty,0,0,0,-1,-1,-1,External
2327,Cc1cc(Cl)ccc1OC(C)C(=O)O,isssty,0,0,0,-1,-1,-1,Train
2328,O=C(OCC1CCC2OC2C1)C1CCC2OC2C1,isssty,0,1,0,-1,-1,1,Train
2329,N#Cc1c(Cl)cccc1Cl,isssty,0,0,0,-1,-1,-1,Train
2330,CC(C)(C)N.CC(C)(C)N.[Cl][Pt][Cl],isssty,1,1,-1,-1,-1,1,Train
2331,Nc1ccc(Oc2ccc([N+](=O)[O-])cc2)cc1,isssty,1,1,-1,-1,-1,1,Internal
2332,CN=C1C=CC(=C(c2ccc(N(C)C)cc2)c2ccc(N(C)C)cc2)C=C1,isssty,0,0,-1,-1,-1,-1,External
2333,CN=C1C=CC(=C(c2ccc(NC)cc2)c2ccc(N(C)C)cc2)C=C1,isssty,0,0,-1,-1,-1,-1,External
2334,CC(=O)OCc1cocc2c(C=O)ccc1-2,isssty,1,1,-1,0,0,1,Train
2335,CCCCCCCCCC(=O)OCCN1CCN(CCCN2c3ccccc3Sc3ccc(C(F)(F)F)cc32)CC1,isssty,0,0,-1,0,0,-1,External
2336,CN(C)c1ncnc2nc[nH]c12,isssty,0,0,-1,1,0,1,Internal
2337,CC(C)CC(=O)OCc1cocc2c(C=O)ccc1-2,isssty,1,1,-1,0,0,1,External
2338,C=Cc1cccnc1,isssty,0,0,-1,0,-1,-1,Train
2339,N#CC(Cl)Br,isssty,0,-1,-1,1,-1,1,Train
2340,Cc1nc2c(c3[nH]c4ccccc4c13)C(=O)C=CC2=O,isssty,1,0,0,-1,-1,1,Train
2341,CC1=CC(=O)c2nc(C)c3c([nH]c4ccccc43)c2C1=O,isssty,1,1,0,-1,-1,1,External
2342,NC(=O)C1CO1,isssty,-1,1,-1,1,-1,1,Train
2343,Cc1nc2c(c3[nH]c4ccccc4c13)C(=O)C(N1CCN(C)CC1)=CC2=O,isssty,0,1,0,-1,-1,1,Train
2344,C=CC(=O)N(CC1CO1)CC1CO1,isssty,1,1,-1,-1,-1,1,External
2345,Nc1ncnc2nc[nH]c12,isssty,1,0,-1,-1,-1,1,Train
2346,CC(=O)OCCO,isssty,0,0,-1,-1,-1,-1,Train
2347,CC(=O)c1cc(N(C(N)=O)C(C)(C)C)ccc1OCC(O)CNC(C)(C)C,isssty,0,0,-1,0,0,-1,Train
2348,Cc1c2ccccc2cc2c1ccc1ccccc12,isssty,1,1,-1,-1,-1,1,Train
2349,NC(=O)[C@H]1CCCN1C(=O)[C@H](Cc1cnc[nH]1)NC(=O)[C@H]1CCC(=O)N1,isssty,0,0,-1,0,0,-1,Train
2350,CCC(C)C(NC(=O)C(NC(=O)C(CCC(=O)O)NC(=O)C(CCSC)NC(=O)C(CC(C)C)NC(=O)C(CCCCN)NC(=O)C(CCCNC(=N)N)NC(=O)C(CC(N)=O)NC(=O)C(CO)NC(=O)C(Cc1c[nH]cn1)NC(=O)C(C)NC(=O)C(CCC(N)=O)NC(=O)C(CCC(N)=O)NC(=O)C(C)NC(=O)C(CC(C)C)NC(=O)C(CCC(N)=O)NC(=O)C(CCC(=O)O)NC(=O)C(C)NC(=O)C(CCCNC(=N)N)NC(=O)C(C)NC(=O)C(CCSC)NC(=O)C(CCC(=O)O)NC(=O)C(CC(C)C)NC(=O)C(NC(=O)C(CCC(=O)O)NC(=O)C(CCCNC(=N)N)NC(=O)C(CC(C)C)NC(=O)C(CC(C)C)NC(=O)C(Cc1c[nH]cn1)NC(=O)C(Cc1ccccc1)NC(=O)C(NC(=O)C(CC(C)C)NC(=O)C(CC(=O)O)NC(=O)C(CC(C)C)NC(=O)C(CO)NC(=O)C(NC(=O)C1CCCN1C(=O)C1CCCN1C(=O)C(CCC(=O)O)NC(=O)C(CCC(=O)O)NC(=O)C(N)CO)C(C)CC)C(C)O)C(C)C)C(C)CC)C(N)=O,isssty,0,0,-1,0,0,-1,Train
2351,CC(C)(C)OC(=O)OC(=O)OC(C)(C)C,isssty,0,0,-1,0,0,-1,Train
2352,N/N=c1\[nH]nc(NN)c2ccccc12,isssty,1,1,-1,1,1,1,Train
2353,COC(=O)COc1ccc(Cl)cc1Cl,isssty,0,0,0,-1,-1,-1,External
2354,CCOC(=O)CC1OCCc2c1[nH]c1c(CC)c(O)ccc21,isssty,0,0,-1,1,0,1,Train
2355,CCOC(=O)CC1OCCc2c1[nH]c1c(C(C)O)cccc21,isssty,0,0,-1,0,0,-1,Train
2356,CCc1cccc2c(CCO)c[nH]c12,isssty,0,0,-1,0,0,-1,Train
2357,CCc1cccc2c3c([nH]c12)C(C)(CC)OCC3,isssty,0,0,-1,0,0,-1,External
2358,CCOC(=O)CC1OCCc2c1[nH]c1c(C)cccc21,isssty,0,0,-1,0,0,-1,Train
2359,Nc1c(C(=O)N/N=C/c2ccccc2)[nH]c2ccccc12,isssty,0,0,0,-1,-1,-1,Train
2360,CCCCCCCCCCCCCCCC(=O)O,isssty,0,0,-1,0,0,-1,External
2361,O=S1OC[C@@H]2[C@H](CO1)C1(Cl)C(Cl)=C(Cl)[C@@]2(Cl)C1(Cl)Cl,isssty,0,0,0,-1,-1,-1,Train
2362,COC(C)CCO,isssty,0,0,-1,0,0,-1,External
2363,OCCN1CCN(CCCN2c3ccccc3Sc3ccc(C(F)(F)F)cc32)CC1,isssty,0,0,-1,0,0,-1,External
2364,O=NN1CCSC1CO,isssty,0,1,-1,-1,-1,1,External
2365,CC(O)C(O)C(O)C(O)C1SCCN1N=O,isssty,0,0,-1,-1,-1,-1,Train
2366,CC(F)F,isssty,0,0,-1,0,0,-1,Train
2367,O=NN1C(C(=O)O)CSC1C(O)C(O)C(O)C(O)CO,isssty,0,0,-1,-1,-1,-1,Internal
2368,Cc1cccc(C)c1C,isssty,1,1,1,-1,-1,1,Train
2369,Cc1cc(C)cc(C)c1,isssty,0,0,0,-1,-1,-1,Train
2370,FC(F)(Cl)C(F)(F)Cl,isssty,0,0,-1,0,0,-1,Train
2371,O=CN(O)c1ccc([N+](=O)[O-])cc1,isssty,1,-1,-1,-1,-1,1,Train
2372,CC(=O)c1c(O)c(C)c(O)c2c1OC1=CC(=O)C(C(C)=O)C(=O)C12C,isssty,0,0,-1,-1,-1,-1,Train
2373,CC(=O)OCc1c(O)c(C(=O)O)c(C)c2c1OC(=O)c1c(C)cc(O)c(C=O)c1O2,isssty,0,1,-1,-1,-1,1,Train
2374,O=C(O)COc1ccc(Cl)cc1,isssty,0,0,0,-1,-1,-1,Train
2375,CCCCCCCC(=O)CCc1ccc(O)c(OC)c1,isssty,0,0,-1,0,-1,-1,Internal
2376,C[n+]1c2ccccc2c(N)c2ccccc21,isssty,-1,-1,-1,1,1,1,Train
2377,Cc1ccc(/N=C/N(C)/C=N/c2ccc(C)cc2C)c(C)c1,isssty,0,0,0,-1,-1,-1,External
2378,COC(C)CCOC(C)=O,isssty,0,0,-1,0,0,-1,Train
2379,[H]/N=C(\N)S(=O)[O-],isssty,0,0,-1,1,0,1,Train
2380,O=C1c2ccc(O)cc2C(=O)c2ccc(O)cc21,isssty,0,0,-1,0,-1,-1,Train
2381,Oc1ccc2c(O)c3ccccc3cc2c1O,isssty,0,0,-1,0,1,1,Train
2382,CCOP(=S)(OCC)Oc1cnc2ccccc2n1,isssty,0,-1,0,0,0,-1,Internal
2383,O=C1c2ccc(O)c(O)c2C(=O)c2c(O)ccc(O)c21,isssty,0,0,-1,0,1,1,Train
2384,O=C1c2c(O)ccc(O)c2C(=O)C2C(O)=CC=C(O)C12,isssty,0,0,-1,0,1,1,External
2385,O=C1OCCN1P(=O)(Cl)N1CCOC1=O,isssty,0,1,-1,1,0,1,Train
2386,Nc1ccc(O)c2c1C(=O)c1ccccc1C2=O,isssty,0,0,-1,0,1,1,Train
2387,Nc1ccc2nc3ccc(N)cc3[s+]c2c1,isssty,1,-1,-1,0,0,1,External
2388,c1ccc2c(CC3CO3)cccc2c1,isssty,-1,1,-1,1,-1,1,Train
2389,ClCC(Cl)COCC(Cl)CCl,isssty,1,1,-1,1,-1,1,Internal
2390,CC1=C(C(=O)OCCN(Cc2ccccc2)c2ccccc2)C(c2cccc([N+](=O)[O-])c2)C(P2(=O)OCC(C)(C)CO2)=C(C)N1,isssty,0,0,-1,0,0,-1,Train
2391,[Co],isssty,1,-1,0,0,1,1,Train
2392,CCS(=O)(=O)n1ncc(Cl)c(Cl)c1=O,isssty,0,1,-1,0,0,1,Train
2393,CCCCS(=O)(=O)n1ncc(Cl)c(Cl)c1=O,isssty,0,1,-1,1,0,1,Train
2394,[Cu],isssty,0,-1,0,0,0,-1,Train
2395,O=c1c(Cl)c(Cl)cnn1S(=O)(=O)c1ccccc1,isssty,0,0,-1,0,0,-1,Train
2396,O=c1c(Cl)c(Cl)cnn1S(=O)(=O)c1ccc(Cl)cc1Cl,isssty,0,0,-1,0,0,-1,Internal
2397,CCC(=O)n1ncc(Cl)c(Cl)c1=O,isssty,0,0,-1,0,0,-1,Internal
2398,O=c1c(Cl)c(Cl)cnn1S(=O)(=O)c1ccc([N+](=O)[O-])cc1,isssty,1,1,-1,1,0,1,External
2399,O=C(c1ccccc1)n1ncc(Cl)c(Cl)c1=O,isssty,0,0,-1,0,0,-1,Train
2400,O=c1c(Cl)c(Cl)cnn1S(=O)(=O)c1ccc(Cl)cc1,isssty,0,0,-1,0,0,-1,Train
2401,COc1c(Cl)ccc(Cl)c1C(=O)O,isssty,0,0,0,-1,-1,-1,Train
2402,COc1ccc(S(=O)(=O)n2ncc(Cl)c(Cl)c2=O)cc1,isssty,0,0,-1,0,0,-1,Train
2403,Nn1[nH]nc2c3ccccc3nc-2c1=O,isssty,1,1,1,-1,-1,1,Train
2404,Cc1ccc([N+](=O)[O-])c([N+](=O)[O-])c1,isssty,0,1,-1,-1,-1,1,External
2405,[Zn],isssty,0,-1,0,0,0,-1,Train
2406,NC(=S)c1c(Cl)cccc1Cl,isssty,1,0,0,-1,-1,1,Train
2407,CC1=CC2(OC3O[C@H](CO)[C@@H](O)[C@@H](O)[C@@H]3O)C[C@H](C)C(=O)[C@@H]2[C@](C)(O)C12CC2,isssty,1,1,-1,-1,-1,1,Train
2408,C=C(C)C(=O)OCCOC(=O)NCCC(C)CC(C)(C)CNC(=O)OCCOC(=O)C(=C)C,isssty,0,0,0,-1,-1,-1,Train
2409,C=C(C)C(=O)OCC(O)COc1ccc(C(C)(C)c2ccc(OCC(O)COC(=O)C(=C)C)cc2)cc1,isssty,0,0,0,-1,-1,-1,Train
2410,COC(=O)C1=C(C)NC(C)=C(C(=O)OCC(C)=O)C1c1ccccc1[N+](=O)[O-],isssty,0,0,-1,0,0,-1,Train
2411,NC(=O)CN1CC(O)CC1=O,isssty,0,0,-1,0,0,-1,Train
2412,CC(C)c1ccccc1O,isssty,0,0,-1,0,0,-1,Train
2413,O=C(O)COc1ccc2ccccc2c1,isssty,0,0,-1,0,-1,-1,Train
2414,Cc1cc(C)c(N)c(C)c1,isssty,0,1,-1,-1,-1,1,Train
2415,Nc1ccc([N+](=O)[O-])cc1[N+](=O)[O-],isssty,1,-1,-1,-1,-1,1,Train
2416,c1ccc2c(c1)ccc1cc3cnccc3cc12,isssty,1,1,-1,-1,-1,1,Internal
2417,c1ccc2c(c1)c1ccccc1c1cc3cnccc3cc21,isssty,1,1,-1,-1,-1,1,Train
2418,c1ccc2c(c1)cc1ccc3cccc4ncc2c1c34,isssty,1,1,-1,-1,-1,1,Train
2419,c1ccc2c(c1)ccc1cc3c(ccc4ccncc43)cc12,isssty,1,1,-1,-1,-1,1,Train
2420,c1ccc2c(c1)ccc1c3cccnc3ccc21,isssty,1,1,-1,-1,-1,1,External
2421,CC(C)=C1CC[C@H](C)CC1=O,isssty,0,0,-1,0,0,-1,Train
2422,CCOc1ccc(N)cc1,isssty,0,1,-1,-1,-1,1,Train
2423,c1cc2ccc3cccc4ncc(c1)c2c34,isssty,1,1,-1,-1,-1,1,Train
2424,Cc1cccc(Nc2ccncc2S(=O)(=O)NC(=O)NC(C)C)c1,isssty,0,0,-1,0,0,-1,Train
2425,CC(=O)N(O)c1ccc(Cl)c(Cl)c1,isssty,0,0,-1,-1,-1,-1,External
2426,CC(=O)OCC1=CO[C@H](OC(=O)CC(C)C)[C@H]2C1=C[C@@H](OC(=O)CC(C)C)[C@]21CO1,isssty,0,1,-1,0,0,1,External
2427,CC(C)(C)c1cc(Cc2cc(C(C)(C)C)c(O)c(C(C)(C)C)c2)cc(C(C)(C)C)c1O,isssty,0,0,0,-1,-1,-1,External
2428,CCOP(=S)(OCC(C)C)SCCl,isssty,0,0,-1,-1,-1,-1,Train
2429,CCOP(=S)(OCC)SCCl,isssty,0,0,-1,-1,-1,-1,Train
2430,CC(C)COP(=S)(OCC(C)C)SCCl,isssty,0,0,-1,-1,-1,-1,Train
2431,CN(C)CCC=C1c2ccccc2CCc2ccccc21,isssty,0,0,-1,0,0,-1,External
2432,CN(C)CCCN1c2ccccc2CCc2ccccc21,isssty,0,0,-1,0,0,-1,Train
2433,O=C(O)CC(O)C(=O)O,isssty,0,0,-1,-1,-1,-1,Train
2434,CC(O)C(=O)O,isssty,0,0,-1,-1,-1,-1,Train
2435,CCC(C)(C)c1cc(-n2nc3ccccc3n2)c(O)c(C(C)(C)CC)c1,isssty,0,0,0,-1,-1,-1,Train
2436,ONc1ccc2ccccc2c1,isssty,1,1,-1,1,-1,1,Train
2437,CC(C)COC(=O)CCCCC(=O)OCC(C)C,isssty,0,0,0,-1,-1,-1,Train
2438,OC1c2ccccc2Oc2ccccc21,isssty,1,0,-1,-1,-1,1,Train
2439,O=[N+]([N-]c1ccccc1)c1ccccc1,isssty,0,1,-1,-1,-1,1,Train
2440,[Ni],isssty,0,-1,0,0,0,-1,Train
2441,O=C1C=CC(=CNn2[nH]nc3c4ccccc4nc-3c2=O)C=C1,isssty,1,1,1,-1,-1,1,Train
2442,C[C@]12CC[C@H](OC(=O)/C=C/c3cccc(N(CCCl)CCCl)c3)C[C@@H]1CC[C@@H]1[C@@H]2CC[C@]2(C)NC(=O)CC[C@@H]12,isssty,0,0,-1,1,0,1,Train
2443,CN(C)c1ccc(C(=C2C=CC(=N)C=C2)c2ccc(N(C)C)cc2)cc1,isssty,0,0,-1,-1,-1,-1,Train
2444,O=C(O)c1ccc(/C=N/n2[nH]nc3c4ccccc4nc-3c2=O)cc1,isssty,1,1,1,-1,-1,1,Train
2445,COc1cc(Cl)c(OC)cc1Cl,isssty,0,0,-1,-1,-1,-1,Train
2446,CCCCOC(=O)CCCCCCCCC(=O)OCCCC,isssty,0,0,0,-1,-1,-1,Train
2447,O=C(Cl)C(Cl)Cl,isssty,0,1,-1,-1,-1,1,Train
2448,OC[C@H]1OC(O[C@@H]2[C@@H](O)[C@H](O)C(O[C@@H]3[C@@H](O)[C@H](O)[C@H](O)O[C@@H]3CO)O[C@@H]2CO)[C@@H](O)[C@H](O)[C@@H]1O,isssty,0,0,-1,0,0,-1,Train
2449,c1ccc(C(c2ccccc2)c2ccccc2)cc1,isssty,0,0,-1,-1,-1,-1,Train
2450,O=[N+]([O-])c1cc2c3c(ccc2c2ccccc12)[C@H](O)[C@@H](O)C=C3,isssty,-1,1,-1,-1,-1,1,Train
2451,CCC(=O)Nc1ccc(Cl)c(Cl)c1,isssty,0,0,-1,-1,-1,-1,Train
2452,CCc1cc(C(C)(C)C)c(O)c(C(C)(C)C)c1,isssty,0,0,0,-1,-1,-1,Train
2453,O=CN(O)c1ccc(Cl)c(Cl)c1,isssty,0,0,-1,-1,-1,-1,Train
2454,CCC(=O)N(O)c1ccc(Cl)c(Cl)c1,isssty,0,0,-1,-1,-1,-1,Train
2455,O=[N+]([N-]c1ccc(Cl)c(Cl)c1)c1ccc(Cl)c(Cl)c1,isssty,0,0,-1,-1,-1,-1,External
2456,O=[N+]([O-])c1ccc2c3c(cccc13)-c1ccc(O)cc1-2,isssty,1,0,-1,-1,-1,1,External
2457,C=Cc1ccncc1,isssty,0,0,-1,0,-1,-1,Train
2458,CC(C)NCC(O)COc1cccc2ccccc12,isssty,0,0,-1,0,0,-1,Train
2459,CCCCOC(=O)/C=C\C(=O)OCCCC,isssty,0,0,0,-1,-1,-1,Train
2460,[NH3+]CCCCCCCCCCCC(=O)[O-],isssty,0,0,-1,0,0,-1,Internal
2461,C#C[C@]1(O)CC[C@H]2[C@@H]3CCc4cc(OC)ccc4[C@H]3CC[C@@]21C,isssty,0,0,-1,0,-1,-1,Train
2462,C/C(=C(/OCCOc1ccc(Cl)cc1)c1ccc(Cl)cc1Cl)n1ccnc1,isssty,0,0,-1,0,0,-1,Internal
2463,COC1=CC(=O)c2nc(C)c3c([nH]c4ccccc43)c2C1=O,isssty,1,1,0,-1,-1,1,Train
2464,CC(C)(C)c1ccc(OP2OCC3(CO2)COP(Oc2ccc(C(C)(C)C)cc2C(C)(C)C)OC3)c(C(C)(C)C)c1,isssty,0,0,0,-1,-1,-1,Train
2465,Cc1nc2c(c3[nH]c4ccccc4c13)C(=O)C=C(N1CC1)C2=O,isssty,1,1,1,-1,-1,1,Train
2466,Nc1cc([N+](=O)[O-])cc([N+](=O)[O-])c1,isssty,1,1,-1,-1,-1,1,Train
2467,Cc1cc([N+](=O)[O-])cc([N+](=O)[O-])c1O,isssty,0,0,0,-1,-1,-1,External
2468,COc1ccc(/C=C/c2ccc([N+](=O)[O-])cc2)cc1,isssty,1,1,-1,-1,-1,1,Train
2469,CC1(C)CC2=C(C=O)[C@]3(C=O)C[C@]3(C)[C@H](O)[C@@H]2C1,isssty,1,1,-1,-1,-1,1,External
2470,Clc1cccnc1,isssty,0,0,0,-1,-1,-1,External
2471,O=S(=O)(NO)c1cccc2cccnc12,isssty,0,0,-1,0,0,-1,Train
2472,Clc1ccncc1,isssty,0,0,0,-1,-1,-1,Train
2473,Fc1cccnc1,isssty,0,0,0,-1,-1,-1,Train
2474,Nc1snc2ccc(Cl)cc12,isssty,1,1,-1,0,1,1,Train
2475,CCCNc1snc2ccccc12,isssty,0,0,-1,0,0,-1,External
2476,Clc1ccc(Cl)nc1,isssty,0,0,0,-1,-1,-1,Train
2477,Clc1cncc(Cl)c1,isssty,0,0,0,-1,-1,-1,Train
2478,CCC(C)Nc1snc2ccccc12,isssty,0,0,-1,0,0,-1,Internal
2479,Fc1cccc(F)n1,isssty,0,0,0,-1,-1,-1,Train
2480,Cc1cccnc1,isssty,0,0,0,-1,-1,-1,Internal
2481,Nc1snc2ccccc12,isssty,0,1,-1,0,0,1,Internal
2482,CCCCNc1snc2ccccc12,isssty,0,0,-1,0,0,-1,Internal
2483,Cc1ccncc1,isssty,0,0,0,-1,-1,-1,Train
2484,CC(=O)Nc1snc2ccccc12,isssty,0,1,-1,0,1,1,Train
2485,Clc1ccccn1,isssty,1,1,1,-1,-1,1,Train
2486,Fc1ccccn1,isssty,1,0,0,-1,-1,1,Train
2487,Nc1ccc2c(c1)Cc1cc(N)ccc1-2,isssty,1,1,-1,-1,-1,1,Train
2488,Oc1ccc2c(ccc3[nH]c4ccc5ccccc5c4c32)c1,isssty,1,1,-1,-1,-1,1,Train
2489,CC(C)CCNc1snc2ccccc12,isssty,0,0,-1,0,0,-1,Train
2490,c1ccc2sncc2c1,isssty,0,0,-1,0,0,-1,Train
2491,Cc1ccc2nsc(NC(=O)C(Cl)Cl)c2c1,isssty,1,1,-1,0,1,1,Train
2492,O=C1OCCO1,isssty,0,0,-1,0,0,-1,External
2493,Nc1ccc(CCc2ccc(N)cc2)cc1,isssty,1,1,-1,-1,-1,1,Train
2494,O=c1c2ccccc2sn1CC1CO1,isssty,0,0,-1,0,0,-1,Train
2495,Nc1ccc2c(=O)[nH]sc2c1,isssty,0,0,-1,0,0,-1,Train
2496,COC1=CC(=O)c2c(ncc3c2[nH]c2ccncc23)C1=O,isssty,1,1,1,-1,-1,1,Train
2497,O=c1[nH]sc2ccccc12,isssty,0,0,-1,0,0,-1,Train
2498,CC(=O)c1cc(C(C)(C)C)cc2c1CCC2(C)C,isssty,0,0,0,-1,-1,-1,Train
2499,CC1C(C)(C)C2=C(C(=O)CCC2)C1(C)C,isssty,0,0,0,-1,-1,-1,Train
2500,CC(=O)c1cc2c(cc1C)C(C)(C)C(C)C2(C)C,isssty,0,0,0,-1,-1,-1,Train
2501,CN(c1nccc(=O)[nH]1)C1CCN(c2nc3ccccc3n2Cc2ccc(F)cc2)CC1,isssty,0,0,-1,0,0,-1,Train
2502,CC(=O)Nc1snc2c(Cl)cc(Cl)cc12,isssty,0,0,-1,0,0,-1,External
2503,FC(F)(Cl)Cl,isssty,0,0,-1,0,0,-1,External
2504,CCOC(=O)c1[nH]c2ccccc2c1/N=C/c1ccc(NC(C)=O)cc1,isssty,0,0,0,-1,-1,-1,Train
2505,COc1ccc(CN(CC[N+](C)(C)[O-])c2ccccn2)cc1,isssty,0,0,0,-1,-1,-1,Train
2506,O=c1c(C2CCCc3ccccc32)c(O)oc2ccccc12,isssty,0,0,0,-1,-1,-1,Train
2507,O=[N+]([O-])c1ccccc1OS(=O)(=O)c1cccc2cccnc12,isssty,1,1,-1,0,0,1,External
2508,CC(C)=CCC[C@@H](C)CC=O,isssty,0,0,0,-1,-1,-1,External
2509,O=[N+]([O-])c1cccc(OS(=O)(=O)c2cccc3cccnc23)c1,isssty,1,1,-1,0,0,1,Train
2510,O=S(=O)(Oc1ccc(Cl)c(Cl)c1)c1cccc2cccnc12,isssty,1,1,-1,0,0,1,Train
2511,Cc1cccc(NS(=O)(=O)c2cccc3cccnc23)c1,isssty,0,0,-1,0,0,-1,Train
2512,O=S(=O)(Nc1ccccc1Cl)c1cccc2cccnc12,isssty,0,0,-1,0,0,-1,External
2513,Cc1ccc(OS(=O)(=O)c2cccc3cccnc23)c([N+](=O)[O-])c1,isssty,1,1,-1,0,1,1,Train
2514,CC1=C(/C=C/C(C)=C/C=C/C(C)=C/C=C/C=C(C)/C=C/C=C(C)/C=C/C2=C(C)CCCC2(C)C)C(C)(C)CCC1,isssty,0,0,0,-1,-1,-1,Train
2515,CSCCC(NC(=O)C(Cc1c[nH]c2ccccc12)NC(=O)OCc1ccccc1)C(=O)NC(CC(=O)O)C(=O)NC(Cc1ccccc1)C(N)=O,isssty,0,0,-1,0,0,-1,Train
2516,CN(C)c1ccc(NS(=O)(=O)c2cccc3cccnc23)cc1,isssty,1,1,-1,0,0,1,Train
2517,O=[N+]([O-])c1cccc2csnc12,isssty,1,1,-1,1,1,1,Train
2518,O=[N+]([O-])c1cc(NS(=O)(=O)c2cccc3cccnc23)ccc1Cl,isssty,0,0,-1,0,0,-1,Train
2519,O=S(=O)(Nc1ccc(Cl)cc1)c1cccc2cccnc12,isssty,0,0,-1,0,0,-1,Internal
2520,O=S(=O)(Nc1cccc(Cl)c1)c1cccc2cccnc12,isssty,0,0,-1,0,0,-1,Train
2521,O=[N+]([O-])c1cccc2[nH]c3ccccc3c12,isssty,1,-1,-1,-1,0,1,Train
2522,COCC(=O)O,isssty,0,0,0,-1,-1,-1,Train
2523,O=C(O)CC(O)(CC(=O)O)C(=O)O,isssty,0,0,-1,-1,-1,-1,Train
2524,Cc1cc(C)c(N)c(C)c1N,isssty,1,1,-1,1,-1,1,Train
2525,Cn1c([N+](=O)[O-])cnc1C1NC(CO)(CO)CO1,isssty,1,1,1,-1,-1,1,External
2526,COCCc1ccc(OCC(O)CNC(C)C)cc1,isssty,0,0,-1,0,0,-1,Train
2527,O=C(O)c1cc([N+](=O)[O-])cc2cccnc12,isssty,1,1,-1,0,0,1,Train
2528,O=C1CNC(=O)N1,isssty,0,0,0,-1,-1,-1,External
2529,CC(=O)n1ccnc1,isssty,0,0,0,-1,-1,-1,External
2530,CC(C)NCC(O)COc1ccc(CC(N)=O)cc1,isssty,0,0,-1,0,0,-1,External
2531,BrCc1ccc(Br)cc1,isssty,0,0,-1,0,-1,-1,Train
2532,COc1ccc2cc1Oc1ccc(cc1)C[C@@H]1c3c(cc4c(c3Oc3cc5c(cc3OC)CCN(C)[C@@H]5C2)OCO4)CCN1C,isssty,1,1,-1,1,1,1,Train
2533,CC(C)NCC(O)c1ccc(NS(C)(=O)=O)cc1,isssty,0,0,-1,0,0,-1,Internal
2534,CCCCOC(=O)c1cccc2cccnc12,isssty,0,0,-1,0,0,-1,Train
2535,c1c[nH]cn1,isssty,0,0,0,-1,-1,-1,Train
2536,CC(=O)c1cc(N)ccc1OCC(O)CNC(C)(C)C,isssty,0,0,-1,0,0,-1,Train
2537,CC(=O)c1cc(NC(=O)Nc2ccc(OCC(O)CNC(C)(C)C)c(C(C)=O)c2)ccc1OCC(O)CNC(C)(C)C,isssty,0,0,-1,0,0,-1,Train
2538,CC(C)=CCC/C(C)=C/CC/C(C)=C/C(=O)OCC(=O)[C@@]1(O)CC[C@H]2[C@@H]3CCC4=CC(=O)C=C[C@]4(C)[C@H]3[C@@H](O)C[C@@]21C,isssty,0,0,-1,0,0,-1,External
2539,COc1cc(NCCCCCNC(C)C)c2ncccc2c1,isssty,0,0,0,-1,-1,-1,External
2540,C(CCC1CO1)CC1CO1,isssty,-1,1,1,1,0,1,Internal
2541,O=C(O)c1cn(-c2ccc(F)cc2)c2cc(N3CCNCC3)c(F)cc2c1=O.[H+],isssty,0,0,0,-1,-1,-1,Train
2542,COC(=O)C1=C(C)NC(C)=C(C(=O)OC/C=C/c2ccccc2)C1c1cccc([N+](=O)[O-])c1,isssty,0,0,-1,0,0,-1,External
2543,CCOC(=O)CC1OCCc2c1[nH]c1c(CC)cc(O)cc21,isssty,1,0,-1,0,0,1,Train
2544,CCOC(=O)C(SP(=S)(OC)OC)c1ccccc1,isssty,0,-1,0,0,0,-1,Train
2545,CNC(=O)CN(CCN(CCN(CC(=O)[O-])CC(=O)NC)CC(=O)[O-])CC(=O)[O-],isssty,0,0,-1,0,0,-1,Train
2546,CC(=O)[C@]1(O)Cc2c(O)c3c(c(O)c2[C@@H](O[C@H]2C[C@H](N)[C@H](OC(C[C@H](C)O)O[C@@H](C)C=O)[C@H](C)O2)C1)C(=O)c1c(O)cccc1C3=O,isssty,1,1,-1,-1,-1,1,External
2547,C[C@@H](O)[C@H]1C(=O)N2C(C(=O)[O-])=C([C@H]3CCCO3)S[C@H]12,isssty,0,0,-1,0,0,-1,External
2548,CC(=O)N(CC(O)CO)c1c(I)c(C(=O)NCCO)c(I)c(C(=O)NCC(O)CO)c1I,isssty,0,0,-1,0,0,-1,External
2549,Cc1cccc(C)c1NC(=O)CN1CCCC1=O,isssty,0,0,-1,0,0,-1,Train
2550,CCC(C)C(NC(=O)C(Cc1ccc(O)cc1)NC(=O)CNC(=O)C(NC(=O)C(NC(=O)C(CS)NC(=O)C(CC(N)=O)NC(=O)C(CS)NC(=O)C(C)NC(=O)C(Cc1ccc(O)cc1)NC(=O)C(CCCCN)NC(=O)C(CC(=O)O)NC(=O)C(CC(C)C)NC(=O)C(C)NC(=O)C(CCC(=O)O)NC(=O)C(NC(=O)C(Cc1ccc(O)cc1)NC(=O)C(CCSC)NC(=O)C(CS)NC(=O)C(NC(=O)CNC(=O)C(CC(=O)O)NC(=O)C(Cc1cnc[nH]1)NC(=O)C(CC(C)C)NC(=O)C(CS)NC(=O)C(Cc1ccc(O)cc1)NC(=O)CNC(=O)C(CC(=O)O)NC(=O)C(Cc1cnc[nH]1)NC(=O)C(CO)NC(=O)C(CC(C)C)NC(=O)C1CCCN1C(=O)C(CS)NC(=O)C(CCC(=O)O)NC(=O)C(CO)NC(=O)C(CC(=O)O)NC(=O)C(CO)NC(=O)C(N)CC(N)=O)C(C)C)C(C)CC)C(C)C)C(C)C)C(=O)NCC(=O)NC(CCC(=O)O)C(=O)NC(CCCNC(=N)N)C(=O)NC(CS)C(=O)NC(CCC(N)=O)C(=O)NC(Cc1ccc(O)cc1)C(=O)NC(CCCNC(=N)N)C(=O)NC(CC(=O)O)C(=O)NC(CC(C)C)C(=O)NC(CCCCN)C(=O)NC(Cc1c[nH]c2ccccc12)C(=O)NC(Cc1c[nH]c2ccccc12)C(=O)NC(CCC(=O)O)C(=O)NC(CC(C)C)C(=O)NC(CCCNC(=N)N)C(=O)O,isssty,0,0,-1,0,0,-1,Train
2551,CC(=O)O[C@@]1(C(C)=O)CC[C@H]2[C@@H]3C=C(Cl)C4=CC(=O)OC[C@]4(C)[C@H]3CC[C@@]21C,isssty,0,0,-1,0,0,-1,Train
2552,Cc1ccc2n[nH]nc2c1,isssty,0,0,0,-1,-1,-1,Train
2553,CCCOC(C(=O)OC1CC[NH+](C)CC1)(c1ccccc1)c1ccccc1,isssty,0,0,-1,0,0,-1,Internal
2554,COC(=O)Nc1nc2ccc(O)cc2[nH]1,isssty,0,0,-1,0,0,-1,External
2555,CN(C)c1ccc(-c2ccc(N(C)C)cc2)cc1,isssty,1,0,-1,-1,-1,1,Train
2556,CC(=O)OCc1cc(C(C)=O)ccc1OC(C)=O,isssty,-1,1,-1,0,-1,1,Train
2557,CC[C@@H]1OC(=O)[C@H](C)[C@H](OC2CC(C)(OC)C(O)C(C)O2)[C@@H](C)[C@H](OC2OC(C)CC(N(C)C)C2O)[C@](C)(O)C[C@@H](C)/C(=N\OCOCCOC)[C@@H](C)[C@@H](O)[C@]1(C)O,isssty,0,0,-1,0,0,-1,Train
2558,COc1cccc(/C=C/c2ccc([N+](=O)[O-])cc2)c1,isssty,1,1,-1,-1,-1,1,External
2559,O=[N+]([O-])c1ccc(/C=C/c2ccc(Cl)cc2)cc1,isssty,1,1,-1,-1,-1,1,Train
2560,O=[N+]([O-])c1ccc(/C=C/c2cccc([N+](=O)[O-])c2)cc1,isssty,1,1,-1,-1,-1,1,Train
2561,CCCCCCCCCCCCCCCCCC(N)=O,isssty,0,0,-1,0,0,-1,External
2562,O=C(O)COc1ccc(N(CCCl)CCCl)cc1,isssty,0,0,-1,1,0,1,Internal
2563,C[C@]12CC[C@@H](O)C[C@@H]1CC[C@@H]1[C@@H]2CC[C@]2(C)NC(=O)CC[C@@H]12,isssty,0,0,-1,0,0,-1,Internal
2564,Oc1ccc2ccc3[nH]c4ccc5ccccc5c4c3c2c1,isssty,1,1,-1,-1,-1,1,Internal
2565,O=[N+]([O-])c1ccc(/C=C/c2cccc(Cl)c2)cc1,isssty,1,1,-1,-1,-1,1,External
2566,COC(=O)C1=C(C)NC(C)=C(C(=O)OCCN2CCN(C(c3ccccc3)c3ccccc3)CC2)C1c1cccc([N+](=O)[O-])c1,isssty,0,0,-1,0,0,-1,External
2567,CC1(C)[C@H](C=C(Cl)Cl)[C@H]1C(=O)OCc1cccc(Oc2ccccc2)c1,isssty,0,0,-1,-1,-1,-1,Train
2568,CC1(C)[C@H](C(=O)OCc2cccc(Oc3ccccc3)c2)[C@@H]1C=C(Cl)Cl,isssty,0,0,-1,-1,-1,-1,External
2569,COc1cc(S(=O)(=O)[O-])c(C)cc1/N=N/c1c(O)ccc2cc(S(=O)(=O)[O-])ccc12,isssty,0,0,-1,-1,-1,-1,External
2570,OCC(O)C(O)C(OC1OC(CO)C(O)C(O)C1O)C(O)CO,isssty,0,0,-1,0,0,-1,Train
2571,O=NN1CSCC1C(=O)O,isssty,0,0,-1,-1,-1,-1,Train
2572,CCOC(=O)c1[nH]c2ccccc2c1/N=C/c1ccc(C)cc1,isssty,0,0,0,-1,-1,-1,Train
2573,CCOC(=O)c1[nH]c2ccccc2c1/N=C/c1ccc([N+](=O)[O-])cc1,isssty,1,0,0,-1,-1,1,Train
2574,O=C(CCNNC(=O)c1ccncc1)NCc1ccccc1,isssty,0,1,-1,1,0,1,Internal
2575,c1ccc(CSSCc2ccccc2)cc1,isssty,0,0,1,-1,-1,1,Internal
2576,O=NN1CCSC1C(O)C(O)C(O)C(O)CO,isssty,0,1,-1,-1,-1,1,Train
2577,O=S(=O)(Oc1ccc(Cl)cc1Cl)c1cccc2cccnc12,isssty,1,1,-1,0,0,1,Train
2578,O=[N+]([O-])c1ccc(/C=C/c2ccc([N+](=O)[O-])cc2)cc1,isssty,1,1,-1,-1,-1,1,Train
2579,O=[N+]([O-])c1cccc(NS(=O)(=O)c2cccc3cccnc23)c1,isssty,0,0,-1,0,0,-1,Internal
2580,O=S(=O)(Nc1ccc(Cl)cc1Cl)c1cccc2cccnc12,isssty,0,0,-1,0,0,-1,Train
2581,O=NN1CCSC1C(O)C(O)C(O)CO,isssty,0,0,-1,-1,-1,-1,Train
2582,O=S(=O)(Nc1cc(Cl)cc(Cl)c1)c1cccc2cccnc12,isssty,0,0,-1,0,0,-1,Train
2583,CN(C)CCNS(=O)(=O)c1cccc2cccnc12,isssty,0,0,-1,0,0,-1,Train
2584,O=C(O)c1cccc2cccnc12,isssty,0,0,-1,0,0,-1,Internal
2585,O=C(O)c1cc(Cl)cc2cccnc12,isssty,1,1,-1,0,1,1,Train
2586,O=C(O)c1cc(Br)cc2cccnc12,isssty,0,0,-1,0,0,-1,Train
2587,CC(=O)c1cc2c(cc1C)C(C)(C)C(C)C2C(C)C,isssty,0,0,0,-1,-1,-1,Train
2588,Cc1cc(C(=O)O)c2ncccc2c1,isssty,0,0,-1,0,0,-1,Train
2589,CCOC(=O)c1cccc2cccnc12,isssty,0,0,-1,0,0,-1,Internal
2590,Nc1ccc(/C=C/c2ccc([N+](=O)[O-])cc2)cc1,isssty,1,1,-1,-1,-1,1,Train
2591,O=C(OCc1ccccc1)c1cccc2cccnc12,isssty,0,0,-1,0,0,-1,Train
2592,O=C(OCc1ccc(Cl)cc1)c1cccc2cccnc12,isssty,0,0,-1,0,0,-1,Train
2593,O=C(OCc1ccc(Cl)cc1Cl)c1cccc2cccnc12,isssty,0,0,-1,0,0,-1,Internal
2594,O=Cc1cccc2cccnc12,isssty,0,1,-1,0,0,1,External
2595,C(=N/c1ccccc1)\c1cccc2cccnc12,isssty,0,1,-1,0,0,1,Train
2596,Cc1ccc(/N=C/c2cccc3cccnc23)c(C(=O)O)c1,isssty,0,0,-1,0,0,-1,Internal
2597,CCN(CC)CCCC(C)Nc1cc(OC)cc2cccnc12,isssty,1,0,0,-1,-1,1,Train
2598,CCCCOCCOC(=O)COc1ccc(Cl)cc1Cl,isssty,0,0,-1,0,0,-1,Train
2599,Cc1ccc(C)c(C)c1,isssty,0,0,0,-1,-1,-1,Internal
2600,CC(=O)N(O)c1ccc([N+](=O)[O-])cc1,isssty,1,-1,-1,-1,-1,1,Train
2601,CCCCCC(=O)Cc1cc(O)cc2c1C(=O)Oc1cc(O)c(C(=O)O)c(CCCCC)c1O2,isssty,0,0,-1,-1,-1,-1,Internal
2602,C[C@H]1C[C@H]2[C@@H]3CCC4=CC(=O)C=C[C@]4(C)[C@@]3(F)[C@@H](O)C[C@]2(C)[C@@]1(O)C(=O)CO,isssty,0,0,-1,0,-1,-1,Train
2603,CNCCCN1c2ccccc2CCc2ccccc21,isssty,0,0,-1,0,0,-1,Train
2604,CN(C)c1ccc(C(=C2C=CC(=[N+](C)C)C=C2)c2c(O)c(S(=O)(=O)[O-])cc3cc(S(=O)(=O)[O-])ccc23)cc1,isssty,0,0,-1,0,-1,-1,Internal
2605,O=[N+]([O-])O[C@H]1CO[C@H]2[C@@H]1OC[C@H]2O[N+](=O)[O-],isssty,0,0,-1,0,0,-1,Train
2606,COc1cc(CC2NCCc3cc(O)c(O)cc32)cc(OC)c1OC.[H+],isssty,0,0,-1,0,0,-1,Train
2607,FC(F)C(F)C(F)(F)F,isssty,0,0,-1,0,-1,-1,Train
2608,O=[N+]([O-])O[C@H]1CO[C@H]2[C@@H]1OC[C@H]2O,isssty,0,0,-1,0,0,-1,Train
2609,C[NH+]1Cc2c(N)cccc2C(c2ccccc2)C1,isssty,0,0,-1,0,0,-1,Train
2610,C1COCCOCCOCCOCCO1,isssty,0,0,-1,-1,0,-1,Train
2611,C1COCCOCCOCCOCCOCCO1,isssty,0,0,-1,-1,0,-1,Train
2612,COc1cc(/C=C/C(=O)O[C@H]2CC[C@]34C[C@]35CC[C@]3(C)[C@@H]([C@H](C)CCC=C(C)C)CC[C@@]3(C)[C@@H]5CC[C@H]4C2(C)C)ccc1O,isssty,0,0,-1,0,0,-1,Train
2613,C1COCCOCCOCCOCCOCCOCCO1,isssty,0,0,-1,-1,0,-1,External
2614,C1CCC2OCCOCCOCCOCCOC3CCCCC3OCCOCCOCCOCCOC2C1,isssty,0,0,-1,-1,0,-1,External
2615,COc1ccc(-c2noc(CC(=O)O)c2-c2ccc(OC)cc2)cc1,isssty,0,0,-1,0,0,-1,Train
2616,CCCC(=O)NC(C)C(=O)NC(CO)C(=O)NC(CC(C)C)C(=O)NC(CO)C(=O)NC(C(=O)NC(CC)C(=O)NC(C(=O)NC(CC(C)C)C(=O)NCC(=O)NC(CCCCN)C(=O)NC(CC(C)C)C(=O)NC(CO)C(=O)NC(CCC(N)=O)C(=O)NC(CCC(=O)O)C(=O)NC(CC(C)C)C(=O)NC(Cc1cnc[nH]1)C(=O)NC(CCCCN)C(=O)NC(CC(C)C)C(=O)NC(CCC(N)=O)C(=O)NC(C(=O)NC(Cc1ccc(O)cc1)C(=O)N1CCCC1C(=O)NC(CCCNC(=N)N)C(=O)NC(C(=O)NC(CC(=O)O)C(=O)NC(C(=O)NCC(=O)NC(C)C(=O)NCC(=O)NC(C(=O)N1CCCC1C(N)=O)C(C)O)C(C)C)C(C)O)C(C)O)C(C)C)C(C)O,isssty,0,0,-1,0,0,-1,Train
2617,CC(C)OC(=O)C(C)(C)Oc1ccc(C(=O)c2ccc(Cl)cc2)cc1,isssty,0,0,-1,0,0,-1,External
2618,Cc1c(F)c(N2CCNC(C)C2)cc2c1c(=O)c(C(=O)O)cn2C1CC1,isssty,0,0,-1,0,0,-1,Train
2619,CC(C)(Oc1ccc(C(=O)c2ccc(Cl)cc2)cc1)C(=O)O,isssty,0,0,-1,0,0,-1,Train
2620,C/C=C(\C)C(=O)OC1C(OC(C)=O)C2(CO)C(O)CC3(C)C(=CCC4C5(C)CCC(OC6OC(C(=O)O)C(OC7OC(CO)C(O)C(O)C7O)C(O)C6OC6OC(CO)C(O)C(O)C6O)C(C)(CO)C5CCC43C)C2CC1(C)C,isssty,0,0,0,-1,-1,-1,Train
2621,CN1CCN(C2=Nc3ccccc3Oc3ccc(Cl)cc32)CC1,isssty,0,0,-1,0,0,-1,Train
2622,C1CCC(C2(C3CCCCC3)COCCOCCOCCOCCOCCOCCO2)CC1,isssty,0,0,-1,-1,0,-1,Train
2623,C1CCC2OCCOCCOCCOC3CCCCC3OCCOCCOCCOC2C1,isssty,0,0,-1,-1,0,-1,Train
2624,CNC(=O)c1cccc2c(Nc3ccc(NS(C)(=O)=O)cc3OC)c3cccc(C)c3nc12,isssty,0,0,1,-1,1,1,Train
2625,COP(=O)(OC)OC,isssty,0,1,0,-1,-1,1,Train
2626,CC1=C(C(=O)OC(C)C)C(c2cccc([N+](=O)[O-])c2)C(C(=O)OC2CN(C(c3ccccc3)c3ccccc3)C2)=C(N)N1,isssty,0,0,-1,0,0,-1,Train
2627,Cc1cc(C)c(C)c(C)c1,isssty,0,0,0,-1,-1,-1,External
2628,Cc1ccc(C)c(C)c1C,isssty,0,0,0,-1,-1,-1,Train
2629,Cc1cc([N+](=O)[O-])c(C)c2c1[nH]c1ccc([N+](=O)[O-])cc12,isssty,1,1,-1,-1,1,1,Internal
2630,C1CCC2OCCOCCOC3CCCCC3OCCOCCOC2C1,isssty,0,0,-1,-1,0,-1,Train
2631,O[C@@H]1[C@H]2O[C@H]2c2c(cc3ccc4cccc5c6ccccc6c2c3c45)[C@H]1O,isssty,1,1,-1,-1,-1,1,Train
2632,CCOCC=O,isssty,0,0,0,-1,-1,-1,Train
2633,CCCCOCC(=O)O,isssty,0,0,0,-1,-1,-1,External
2634,FC(F)(F)C(F)(F)C(Cl)Cl,isssty,0,0,-1,0,0,-1,Internal
2635,CCOCC(=O)O,isssty,0,0,0,-1,-1,-1,External
2636,CC(=O)c1ccc2c(c1)C(=O)C1(CC1)O2,isssty,0,0,-1,0,0,-1,Train
2637,N[C@H](CSc1c(Cl)c(Cl)c(Cl)c(Cl)c1Cl)C(=O)O,isssty,0,0,0,-1,-1,-1,Train
2638,[Hg],isssty,0,-1,0,0,1,1,External
2639,FC(Cl)C(F)(F)C(F)(F)Cl,isssty,0,0,-1,0,0,-1,Train
2640,CCN(CC)c1ccc(/N=N/c2ccc([N+](=O)[O-])cc2Cl)cc1,isssty,1,0,-1,0,0,1,Train
2641,CCN(CC)c1ccc(/N=N/c2ccc([N+](=O)[O-])cc2C#N)cc1,isssty,1,1,-1,0,1,1,Train
2642,CCN(CC)c1ccc(/N=N/c2c(Cl)cc([N+](=O)[O-])cc2Cl)cc1,isssty,1,0,-1,0,0,1,Train
2643,CCN(CC)c1cc(NC(C)=O)c(/N=N/c2ccc([N+](=O)[O-])cc2)cc1OC,isssty,1,1,-1,1,1,1,Internal
2644,CCC(=O)OCC(=O)C1(OC(=O)CC)C(C)CC2C3C(Cl)CC4=CC(=O)C=CC4(C)C3C(O)CC21C,isssty,0,0,-1,0,0,-1,Train
2645,O=c1oc2ccc([N+](=O)[O-])c3ccc4cccc1c4c23,isssty,1,1,-1,-1,-1,1,Train
2646,CC(C(=O)O)c1ccc(Oc2nccs2)cc1,isssty,0,0,-1,0,0,-1,Train
2647,Cc1ccc(C(=O)n2ncc(Cl)c(Cl)c2=O)cc1,isssty,0,0,-1,0,0,-1,Train
2648,COc1cc(C(C)=O)ccc1O,isssty,0,0,0,-1,-1,-1,Train
2649,COc1cc(C(C)=O)cc(OC)c1O,isssty,0,0,0,-1,-1,-1,Internal
2650,CCCCC(=O)n1ncc(Cl)c(Cl)c1=O,isssty,0,0,-1,0,0,-1,Train
2651,CCOC(=O)[C@H](CCc1ccccc1)N[C@@H](C)C(=O)N(CC(=O)O)C1Cc2ccccc2C1,isssty,0,0,-1,0,0,-1,Train
2652,[Mn],isssty,0,-1,0,0,1,1,Internal
2653,O=c1oc2c([N+](=O)[O-])ccc3ccc4cccc1c4c32,isssty,1,1,-1,-1,-1,1,Train
2654,O=[N+]([O-])c1ccc2c(c1)-c1ccccc1C2,isssty,1,-1,-1,-1,-1,1,Train
2655,COc1ccc(C(=O)n2ncc(Cl)c(Cl)c2=O)cc1,isssty,0,0,-1,0,0,-1,Train
2656,[Pb],isssty,0,-1,1,0,0,1,Internal
2657,CCNc1nc(Cl)nc(NC(C)(C)C#N)n1,isssty,0,0,-1,0,-1,-1,Internal
2658,Cc1nc2c(c3[nH]c4ccccc4c13)C(=O)C(N1CC1)=CC2=O,isssty,1,1,1,-1,-1,1,External
2659,Oc1ccc2ccc3c4ccccc4cc4ccc1c2c43,isssty,1,1,-1,-1,1,1,Train
2660,O=C(O)C(=O)Nc1cccc(-c2nn[nH]n2)c1,isssty,0,0,-1,0,0,-1,Train
2661,CN1CCN=C(c2ccccc2)c2cc(Cl)ccc21,isssty,0,0,-1,0,0,-1,Train
2662,COc1cc(C(=O)OCCC[NH+]2CCC[NH+](CCCOC(=O)c3cc(OC)c(OC)c(OC)c3)CC2)cc(OC)c1OC,isssty,0,0,-1,0,0,-1,External
2663,CNCc1ccc(CSCCN/C(=N\C[C@@H](O)c2ccc(O)cc2)NS(C)(=O)=O)o1,isssty,0,0,-1,0,0,-1,Train
2664,CCOC(=O)c1[nH]c2ccccc2c1NC=C1C=CC(=O)C=C1,isssty,0,0,0,-1,-1,-1,Train
2665,Cc1ccc(S(=O)(=O)n2ncc(Cl)c(Cl)c2=O)cc1,isssty,0,0,-1,0,0,-1,Train
2666,CC1OC(OC2CC(O)(CO)Cc3c(O)c4c(c(O)c32)C(=O)c2ccccc2C4=O)C(I)C(O)C1O,isssty,0,0,1,-1,-1,1,Train
2667,O=C1CN(CCN2CC(=O)N(CN3CCOCC3)C(=O)C2)CC(=O)N1CN1CCOCC1,isssty,1,0,1,-1,-1,1,Train
2668,CCOc1ccc2ccccc2c1,isssty,0,0,-1,0,0,-1,Train
2669,CCCCCCCCCCC,isssty,0,0,-1,-1,-1,-1,Train
2670,O=C1c2c(O)ccc(O)c2C(=O)c2c(NCCNCCO)ccc(NCCNCCO)c21.[H+].[H+],isssty,1,0,-1,0,-1,1,Train
2671,ClCCN(CCCl)CCCl.[H+],isssty,0,0,-1,0,-1,-1,Train
2672,O=C(O)CC(Cl)C(=O)O,isssty,0,0,0,-1,-1,-1,Internal
2673,O=C(CCl)CCl,isssty,0,1,-1,1,-1,1,External
2674,Nc1ccc(O)c(C(=O)O)c1,isssty,0,0,-1,0,0,-1,Train
2675,COP(=O)(OC)C(OC(=O)CCl)C(Cl)(Cl)Cl,isssty,0,0,-1,0,0,-1,Train
2676,O=[N+]([O-])c1cccc2c1ccc1ccccc12,isssty,1,1,-1,-1,-1,1,Train
2677,O=[N+]([O-])c1cccc2c1ccc1cccc([N+](=O)[O-])c12,isssty,1,1,-1,-1,-1,1,Train
2678,O=[N+]([O-])c1cccc2c1c([N+](=O)[O-])cc1ccccc12,isssty,1,1,-1,-1,-1,1,Train
2679,O=[N+]([O-])c1ccc2c(ccc3ccc([N+](=O)[O-])cc32)c1,isssty,1,1,-1,-1,-1,1,Train
2680,O=[N+]([O-])c1ccc2c(c1)cc([N+](=O)[O-])c1ccccc12,isssty,1,1,-1,-1,-1,1,Train
2681,O=[N+]([O-])c1ccc2ccc3cccc([N+](=O)[O-])c3c2c1,isssty,1,1,-1,-1,-1,1,Internal
2682,O=[N+]([O-])c1cccc2c1c([N+](=O)[O-])cc1cccc([N+](=O)[O-])c12,isssty,1,1,-1,-1,-1,1,Internal
2683,CC1CC(C)C(=O)C1=O,isssty,0,0,-1,0,0,-1,External
2684,Cc1cc([N+](=O)[O-])c(C)c2c1[nH]c1ccccc12,isssty,1,0,-1,-1,1,1,Train
2685,CCCCO[C@@H](CC)CO,isssty,0,0,-1,0,0,-1,Train
2686,Oc1cc(Cl)c(O)cc1Cl,isssty,0,0,0,-1,-1,-1,Train
2687,CCN1CCN(C(=O)N[C@@H](C(=O)N[C@@H]2C(=O)N3[C@@H]2SC(C)(C)[C@@H]3C(=O)O)c2ccccc2)C(=O)C1=O,isssty,0,0,-1,0,0,-1,Train
2688,c1cc2ccc3cncc4ccc(c1)c2c34,isssty,1,1,-1,-1,-1,1,Train
2689,O=c1[n-]c(=O)[nH]c(=O)[nH]1,isssty,0,0,-1,0,0,-1,Train
2690,CCCCCC(O)CC(=O)CCC1CCC(O)C(OC)C1,isssty,0,1,-1,1,-1,1,Train
2691,O=S(=O)(O)c1cccc2cccnc12,isssty,0,0,-1,0,0,-1,External
2692,O=C([O-])C[C@H](O)C[C@H](O)/C=C/c1c(C2CC2)nc2ccccc2c1-c1ccc(F)cc1,isssty,0,0,-1,0,0,-1,Train
2693,Cc1cc([N+](=O)[O-])c(C)c2c1[nH]c1ccc(O)cc12,isssty,1,0,-1,-1,1,1,Train
2694,O=[N+]([O-])c1ccc2ccc3c4c(cc5ccc1c2c53)CCC=C4,isssty,1,1,-1,-1,-1,1,Train
2695,Cc1cc(-c2ccc(/N=N/c3c(S(=O)(=O)[O-])cc4cc(S(=O)(=O)[O-])cc(N)c4c3O)c(C)c2)ccc1/N=N/c1c(S(=O)(=O)[O-])cc2cc(S(=O)(=O)[O-])cc(N)c2c1O,isssty,1,1,-1,-1,-1,1,Train
2696,CCOc1ccccc1OCC1CNCCO1,isssty,0,0,-1,0,0,-1,External
2697,COc1cc([C@@H]2c3cc4c(cc3[C@H](O)[C@H]3COC(=O)[C@H]23)OCO4)cc(OC)c1OC,isssty,0,0,0,-1,0,-1,Train
2698,Cc1ccccc1NS(=O)(=O)c1cccc2cccnc12,isssty,0,0,-1,0,0,-1,Internal
2699,COc1cc(/C=C/C(=O)O)cc(OC)c1OC,isssty,0,0,0,-1,-1,-1,Train
2700,CN(C)CCCl,isssty,0,1,-1,1,0,1,Train
2701,O=c1c2ccccc2[se]n1-c1ccccc1,isssty,0,0,-1,0,0,-1,Train
2702,CN(C)c1ccc(C(c2ccccc2)c2ccc(N(C)C)cc2)cc1,isssty,0,0,0,-1,-1,-1,Train
2703,Cc1c2c(cc3ccccc13)-c1ccccc1C1OC21,isssty,1,1,-1,-1,-1,1,Train
2704,Cc1nccc2c1[nH]c1cc(O)ccc12,isssty,0,0,0,-1,-1,-1,External
2705,c1ccc2c(c1)ccc1cc3ccc4ccncc4c3cc12,isssty,1,1,-1,-1,-1,1,Train
2706,CC12CCC(CC1)C(C)(C)O2,isssty,0,0,0,-1,-1,-1,Train
2707,Oc1cc(O)c2ccccc2c1,isssty,1,1,-1,0,0,1,Train
2708,CCc1cccc2c3c([nH]c12)C(CC)(CC(=O)O)OCC3,isssty,0,0,-1,0,0,-1,Train
2709,O=C(NO)c1ccc(O)c(O)c1,isssty,0,0,0,-1,-1,-1,External
2710,C=CC(=C)CCC=C(C)C,isssty,0,0,-1,0,-1,-1,External
2711,CC(=O)c1ccc2[nH]c3c(C)cc([N+](=O)[O-])c(C)c3c2c1,isssty,0,0,-1,-1,0,-1,Train
2712,CC(C)=CCC/C(C)=C/C=C/C(C)=C/C=C/C(C)=C/C=C/C=C(C)/C=C/C=C(C)/C=C/C=C(\C)CCC=C(C)C,isssty,0,0,-1,0,0,-1,External
2713,CCN(CC)c1ccc(/N=N/c2ccc([N+](=O)[O-])cc2)cc1,isssty,1,0,-1,0,0,1,External
2714,CSCC(N)C(=O)O,isssty,0,0,0,-1,-1,-1,Train
2715,CN(C)CCc1cc(O)ccc1CNc1ccccn1,isssty,0,0,0,-1,-1,-1,Train
2716,O=S(=O)(Nc1ccc(Cl)c(Cl)c1)c1cccc2cccnc12,isssty,0,0,-1,0,0,-1,Train
2717,ClCc1ccccn1,isssty,0,1,0,-1,-1,1,Train
2718,COc1cc(-c2cc(OC)cc(C(C)(C)C)c2O)c(O)c(C(C)(C)C)c1,isssty,0,0,0,-1,-1,-1,Train
2719,COc1ccc(O)c(C(C)(C)C)c1,isssty,0,0,0,-1,-1,-1,Train
2720,CC(=O)Nc1ccc(Oc2ccc(N=O)cc2)cc1,isssty,1,1,-1,-1,-1,1,External
2721,CC(=O)Nc1ccc(Oc2ccc(NO)cc2)cc1,isssty,1,1,-1,-1,-1,1,External
2722,Cc1c2ccncc2c(C)c2c1[nH]c1ccc(N)cc12,isssty,1,0,-1,-1,1,1,Train
2723,NC(CSCc1ccccc1)C(=O)O,isssty,0,0,0,-1,-1,-1,Train
2724,CC/C(=C(/c1ccc(OCCN(C)C)cc1)c1ccc(OP(=O)(O)O)cc1)c1ccc(C(C)C)cc1,isssty,0,0,-1,0,0,-1,Train
2725,COc1ccc2cc(CCC(C)=O)ccc2c1,isssty,0,0,0,-1,-1,-1,External
2726,ClCC(Cl)(Cl)Cl,isssty,1,1,-1,-1,-1,1,Train
2727,O=S(=O)(c1ccc(Cl)cc1)c1cc(Cl)c(Cl)cc1Cl,isssty,0,0,0,-1,-1,-1,Train
2728,CC(=O)O[C@H]1C(=O)[C@@]2(C)C([C@H](OC(=O)c3ccccc3)[C@]3(O)C[C@H](OC(=O)[C@H](O)[C@H](NC(=O)c4ccccc4)c4ccccc4)C(C)=C1C3(C)C)[C@]1(OC(C)=O)CO[C@@H]1C[C@H]2O,isssty,0,0,0,-1,-1,-1,Train
2729,CCCCCCC(=O)OCCN1CCN(CCCN2c3ccccc3Sc3ccc(C(F)(F)F)cc32)CC1,isssty,0,0,-1,0,0,-1,Internal
2730,Nc1cc(Cl)ccc1[N+](=O)[O-],isssty,1,0,-1,0,0,1,External
2731,C[n+]1c2n(c(=O)c3ccccc31)CCc1c-2[nH]c2ccccc12,isssty,0,0,-1,0,0,-1,External
2732,c1ccc2c(c1)-c1ccccc1C1NC21,isssty,1,1,-1,-1,1,1,External
2733,O=CC=C(Cl)Cl,isssty,1,1,-1,1,0,1,Train
2734,CS(=O)(=O)n1ncc(Cl)c(Cl)c1=O,isssty,0,1,-1,0,0,1,External
2735,CCCS(=O)(=O)n1ncc(Cl)c(Cl)c1=O,isssty,0,1,-1,1,0,1,External
2736,C[C@H]1COc2c(N3CCN(C)CC3)c(F)cc3c(=O)c(C(=O)O)cn1c23,isssty,0,0,-1,0,0,-1,Internal
2737,CC(=O)n1ncc(Cl)c(Cl)c1=O,isssty,0,0,-1,0,0,-1,External
2738,Cc1cccn2c1nc1ccc(NO)nc12,isssty,1,-1,-1,-1,-1,1,External
2739,CC(=O)N[C@@H](CC(=O)O)C(=O)O,isssty,0,0,-1,0,0,-1,Train
2740,O=C(c1ccc([N+](=O)[O-])cc1)n1ncc(Cl)c(Cl)c1=O,isssty,0,1,-1,1,0,1,External
2741,CCSN(SCC)C(=S)SC[C@@H](NC(C)=O)C(=O)O,isssty,0,0,-1,-1,-1,-1,External
2742,CC(C)C(=O)OCC(C)(C)C(O)C(C)C,isssty,0,0,-1,0,0,-1,Train
2743,C=CCC,isssty,0,0,-1,0,0,-1,Train
2744,C=COC,isssty,0,0,-1,0,0,-1,Train
2745,O=[N+]([O-])c1ccc2ccc3c4c(cc5ccc1c2c53)C=CCC4,isssty,1,1,-1,-1,-1,1,Train
2746,O=[N+]([O-])c1ccc2ccc3cc4c(c5ccc1c2c35)C=CCC4,isssty,1,1,-1,-1,-1,1,External
2747,CC(C)(c1ccc(OCC(O)CO)cc1)c1ccc(OCC(O)CO)cc1,isssty,0,0,-1,0,0,-1,Train
2748,CN1C(=O)CC(=O)N(c2ccccc2)c2cc(Cl)ccc21,isssty,0,0,-1,0,0,-1,External
2749,O=C(O)c1cc(I)cc2cccnc12,isssty,0,0,-1,0,0,-1,Train
2750,CCOc1ccc(C(C)(C)C)cc1NC(=O)C(=O)Nc1ccccc1CC,isssty,0,0,0,-1,-1,-1,Internal
2751,CC(C)(c1ccc(OP(O)O)cc1)c1ccc(OP(O)O)cc1,isssty,0,0,0,-1,-1,-1,Train
2752,CCCCCCCCCCCCCCCCCC(=O)[O-],isssty,0,0,0,-1,-1,-1,Train
2753,CCCCCCCC/C=C\CCCCCCCCCCCC(=O)NCCCCCCCCCCCCCCCCCC,isssty,0,0,0,-1,-1,-1,Train
2754,C[C@]12CC[C@@H](OC(=O)/C=C/c3cccc(N(CCCl)CCCl)c3)C[C@@H]1CC[C@@H]1[C@@H]2CC[C@]2(C)NC(=O)CC[C@@H]12,isssty,0,0,-1,0,0,-1,Train
2755,C[C@]12CC[C@@H](OC(=O)/C=C/c3cccc(N(CCCl)CCCl)c3)CC1=CC[C@@H]1[C@@H]2CC[C@]2(C)NC(=O)CC[C@@H]12,isssty,0,0,-1,1,0,1,Internal
2756,C=C1C2CCC(C2)C1(C)C,isssty,0,0,-1,-1,-1,-1,Train
2757,Cc1ccc2nsc(N)c2c1,isssty,1,1,-1,0,1,1,Internal
2758,Nc1snc2cc(Cl)ccc12,isssty,0,1,-1,0,1,1,External
2759,Nc1snc2c(Cl)cc(Cl)cc12,isssty,0,1,-1,0,1,1,Train
2760,Nc1snc2ccc([N+](=O)[O-])cc12,isssty,1,1,-1,0,1,1,Train
2761,CC(C)Nc1snc2ccccc12,isssty,0,0,-1,0,0,-1,Train
2762,CC(C)CNc1snc2ccccc12,isssty,0,0,-1,0,0,-1,External
2763,CCCCCNc1snc2ccccc12,isssty,0,0,-1,0,0,-1,Train
2764,OC(Nc1snc2ccccc12)C(Cl)(Cl)Cl,isssty,0,0,-1,0,0,-1,Train
2765,O=C(CCl)Nc1snc2ccccc12,isssty,1,1,-1,0,1,1,Train
2766,CC1=CC[C@H]2C[C@@H]1C2(C)C,isssty,0,0,-1,0,-1,-1,Internal
2767,CC1=CC=C(C(C)C)CC1,isssty,0,0,-1,0,-1,-1,Train
2768,Cc1ccc2nsc(NC(=O)C(Cl)(Cl)Cl)c2c1,isssty,1,1,-1,0,0,1,Internal
2769,CC(=O)Nc1snc2ccc(Cl)cc12,isssty,0,1,-1,0,1,1,Train
2770,O=C(CCl)Nc1snc2ccc(Cl)cc12,isssty,1,1,-1,0,1,1,Train
2771,O=[N+]([O-])c1cccc2nscc12,isssty,1,1,-1,1,1,1,Train
2772,O=C(CCl)Nc1snc2cc(Cl)ccc12,isssty,1,1,-1,0,1,1,Train
2773,CN(C(=O)CCl)c1snc2ccccc12,isssty,0,0,-1,0,0,-1,External
2774,CN(C(=O)CCCCl)c1snc2ccccc12,isssty,0,0,-1,0,0,-1,External
2775,CCN(C(=O)CCCCl)c1snc2ccccc12,isssty,0,0,-1,0,0,-1,Train
2776,COC1=CC(=O)c2c(ncc3c4c([nH]c23)CCCC4)C1=O,isssty,1,1,0,-1,-1,1,Train
2777,COC1=CC(=O)c2c(ncc3c2[nH]c2ccccc23)C1=O,isssty,1,1,1,-1,-1,1,Train
2778,COCC=O,isssty,0,0,0,-1,-1,-1,External
2779,NNc1nnc(NN)c2ccccc12,isssty,1,0,1,0,1,1,Train
2780,CNCCN(Cc1ccc(OC)cc1)c1ccccn1,isssty,0,0,0,-1,-1,-1,External
2781,C[C@H]1SCC(C(=O)N[C@@H](Cc2cnc[nH]2)C(=O)N2CCC[C@@H]2C(N)=O)NC1=O,isssty,0,0,-1,0,0,-1,Train
2782,O=C1c2ccccc2-c2c1c1ccccc1c(=O)n2CCNCCO,isssty,0,0,-1,0,-1,-1,Train
2783,C=CCOc1ccccc1OCC(O)CNC(C)C,isssty,0,0,-1,0,0,-1,Train
2784,CC(=O)c1cc(NC(N)=O)ccc1OCC(O)CNC(C)(C)C,isssty,0,1,-1,1,0,1,External
2785,CCNC(=O)Nc1ccc(OCC(O)CNC(C)(C)C)c(C(C)=O)c1,isssty,0,0,-1,0,0,-1,Train
2786,[Ag][I],isssty,0,-1,1,0,-1,1,External
2787,O=C1c2ccccc2C(=O)N1SC1CCCCC1,isssty,0,0,0,-1,-1,-1,Train
2788,FC(Cl)C(F)(F)F,isssty,0,0,-1,0,-1,-1,Train
2789,CCc1ccc(C)cc1,isssty,0,0,0,-1,-1,-1,Train
2790,CC(C)(C)NC(=O)[C@@H]1CC[C@H]2[C@@H]3CC=C4C=C(C(=O)O)CC[C@]4(C)[C@H]3CC[C@]12C,isssty,0,0,0,-1,-1,-1,Train
2791,O=C(NCCCl)Sc1ncnc2nc[nH]c12,isssty,0,0,-1,1,-1,1,External
2792,N#Cc1cccc(/C=C/c2ccc([N+](=O)[O-])cc2)c1,isssty,1,1,-1,-1,-1,1,External
2793,CN(C)CC/C=C1\c2ccccc2COc2ccccc21,isssty,0,0,-1,0,0,-1,Train
2794,N#Cc1cccc(/C=C\c2ccc([N+](=O)[O-])cc2)c1,isssty,1,1,-1,-1,-1,1,Train
2795,c1ccc(CNc2ncnc3nc[nH]c23)cc1,isssty,0,0,-1,-1,-1,-1,Train
2796,P,isssty,0,0,-1,0,0,-1,Train
2797,FC(F)(F)CC(F)(F)F,isssty,0,0,-1,0,-1,-1,Train
2798,CCCCCN(CCCOC)C(=O)C(CCC(=O)O)NC(=O)c1ccc(Cl)c(Cl)c1,isssty,0,0,-1,0,0,-1,External
2799,CO[C@@H]1C[C@](C)(O)Cc2cc3c(c(O)c21)C(=O)c1c(O)cc2c(c1C3=O)OC1OC2(C)[C@@H](O)[C@H](N(C)C)[C@@H]1O,isssty,1,1,-1,0,1,1,Train
2800,O=[N+]([O-])c1ccc2ccc3c([N+](=O)[O-])cccc3c2c1,isssty,1,1,-1,-1,-1,1,Internal
2801,S=c1scc(-c2ccccc2)s1,isssty,0,0,-1,0,0,-1,Train
2802,Cc1cc(C)c(C)cc1C,isssty,0,0,0,-1,-1,-1,Train
2803,O=c1[nH]c2ccccc2n1C1CCN(CCCC(c2ccc(F)cc2)c2ccc(F)cc2)CC1,isssty,0,0,-1,0,0,-1,Train
2804,CN1CCN(C2=c3ccccc3=Nc3ccc(Cl)cc3N2)CC1,isssty,0,0,-1,0,0,-1,Train
2805,COC(=O)Nc1nc2ccc(OS(=O)(=O)c3ccc(F)cc3)cc2[nH]1,isssty,0,0,-1,0,-1,-1,Train
2806,O=[N+]([O-])c1ccc2ccc3ccc([N+](=O)[O-])cc3c2c1,isssty,1,1,-1,-1,-1,1,Internal
2807,O=[N+]([O-])c1ccc2c(c1)c([N+](=O)[O-])cc1ccccc12,isssty,1,1,-1,-1,-1,1,Train
2808,O=[N+]([O-])c1ccc2c([N+](=O)[O-])cc3ccccc3c2c1,isssty,1,1,-1,-1,-1,1,Train
2809,O=[N+]([O-])c1cc2ccccc2c2c([N+](=O)[O-])cccc12,isssty,1,1,-1,-1,-1,1,External
2810,O=[N+]([O-])c1cccc2c1cc([N+](=O)[O-])c1cccc([N+](=O)[O-])c12,isssty,1,1,-1,-1,-1,1,Train
2811,O=[N+]([O-])c1cc2cccc([N+](=O)[O-])c2c2ccccc12,isssty,1,1,-1,-1,-1,1,External
2812,O=[N+]([O-])c1ccc2c(c1)c([N+](=O)[O-])cc1cccc([N+](=O)[O-])c12,isssty,1,1,-1,-1,-1,1,External
2813,O=[N+]([O-])c1ccc2cc([N+](=O)[O-])c3ccc([N+](=O)[O-])cc3c2c1,isssty,1,1,-1,-1,-1,1,Train
2814,O=[N+]([O-])c1ccc2c([N+](=O)[O-])cc3cccc([N+](=O)[O-])c3c2c1,isssty,1,1,-1,-1,-1,1,External
2815,O=[N+]([O-])c1ccc2c(c1)c([N+](=O)[O-])cc1c([N+](=O)[O-])cccc12,isssty,1,1,-1,-1,-1,1,External
2816,NC(=O)NCC(=O)O,isssty,0,0,0,-1,-1,-1,Train
2817,O=[N+]([O-])c1ccc2c([N+](=O)[O-])cc3c([N+](=O)[O-])cccc3c2c1,isssty,1,1,-1,-1,-1,1,External
2818,Cc1oc(=O)oc1CN1CCN(c2cc3c(cc2F)c(=O)c(C(=O)O)c2n3C(C)S2)CC1,isssty,0,0,-1,0,0,-1,Train
2819,C=C1/C(=C\C=C2/CCC[C@@]3(C)C2CC[C@@H]3[C@H](C)/C=C/[C@@H](O)C2CC2)C[C@H](O)C[C@H]1O,isssty,0,0,-1,0,0,-1,Train
2820,CNC(=O)c1cccc(NCC(=O)NCCc2ccc(OC)c(OC)c2)c1,isssty,0,0,-1,0,0,-1,Train
2821,CC(C)NCC(O)COc1cccc2[nH]ccc12,isssty,0,0,-1,0,0,-1,Train
2822,CC1(C)C(C(=O)OC(C#N)c2cccc(Oc3ccccc3)c2)C1(C)C,isssty,0,0,-1,0,0,-1,Train
2823,CC(=O)Nc1cc(O)c2ccc3cccc4ccc1c2c34,isssty,1,-1,-1,-1,-1,1,Train
2824,O=[N+]([O-])c1ccc2c(O)cc3cccc4ccc1c2c43,isssty,1,-1,-1,-1,-1,1,Internal
2825,C[C@H]1COc2c(C3(N)CC3)c(F)cc3c(=O)c(C(=O)O)cn1c23,isssty,0,0,-1,0,0,-1,Train
2826,CC1OC(C)C(OS(=O)(=O)O)C(O)C1O,isssty,0,0,-1,0,0,-1,Train
2827,O=C(Nc1ccccc1)C1=Cc2ccccc2/C(=N\Nc2cc(Cl)ccc2Cl)C1=O,isssty,0,0,-1,-1,-1,-1,Train
2828,NCCc1cnc[nH]1,isssty,0,0,0,-1,-1,-1,Train
2829,C1CCCNCC1,isssty,0,0,-1,0,0,-1,Train
2830,[Cr],isssty,1,-1,0,1,0,1,Internal
2831,Cc1cc(C(=O)NNCc2ccccc2)no1,isssty,0,0,-1,0,0,-1,External
2832,CCCCC(C)C(OC(=O)CC(CC(=O)O)C(=O)O)C(CC(C)CCCCCCC(O)CC(O)C(C)N)OC(=O)CC(CC(=O)O)C(=O)O,isssty,0,0,0,-1,-1,-1,Internal
2833,CCCC[C@H](C)[C@H](OC(=O)CC(CC(=O)O)C(=O)O)[C@@H](C[C@H](C)C[C@@H](O)CCCCCC[C@@H](O)[C@@H](C)N)OC(=O)CC(CC(=O)O)C(=O)O,isssty,0,0,0,-1,-1,-1,Train
2834,Cc1cc(S(=O)(=O)[O-])c2c(C)ccc(C(C)C)cc1-2,isssty,0,0,-1,0,0,-1,Train
2835,CCCCOC(=O)[C@@H](C)Oc1ccc(Oc2ccc(C#N)cc2F)cc1,isssty,0,0,-1,0,0,-1,Internal
2836,O=[N+]([O-])c1ccc2c(c1)cc([N+](=O)[O-])c1ccc([N+](=O)[O-])cc12,isssty,1,1,-1,-1,-1,1,Train
2837,CCCCCCCCCCCC(=O)OCC(C)OC(=O)CCCCC(=O)O,isssty,0,0,0,-1,-1,-1,Train
2838,COC(=O)c1cc(OC)c2c(c1-c1c(C(=O)OC)cc(OC)c3c1OCO3)OCO2,isssty,0,0,-1,0,0,-1,Train
2839,Cn1c(CC(=O)OCCCl)c(C(=O)O)c2ccccc21,isssty,1,0,0,-1,-1,1,External
2840,CCOC(=O)Cc1c(C(=O)O)c2ccccc2n1C,isssty,0,0,0,-1,-1,-1,External
2841,CC(C)C(C(=O)OC(C#N)c1cccc(Oc2ccccc2)c1)c1ccc(Cl)cc1,isssty,0,0,-1,-1,-1,-1,Train
2842,NCCc1c[nH]c2ccccc12,isssty,0,0,-1,0,-1,-1,Train
2843,OCC(CO)NC1CC(O)(CO)C(O)C(O)C1O,isssty,0,0,-1,0,0,-1,Train
2844,C/C=C/C,isssty,0,0,-1,0,0,-1,Train
2845,Cn1c2ccccc2c2nn[n+]([O-])c(C(=O)OCCCl)c21,isssty,1,0,0,-1,-1,1,External
2846,CC(CO)(CO)CO,isssty,0,0,-1,0,0,-1,Train
2847,C=CC[N+](C)(C)CC=C,isssty,0,0,-1,0,0,-1,Train
2848,COC(=O)CC(=O)OC,isssty,0,0,-1,0,0,-1,Train
2849,OCCCCCCO,isssty,0,0,-1,0,0,-1,External
2850,CC(C)OC(=O)CC(=O)OC(C)C,isssty,0,0,-1,0,0,-1,Train
2851,CC1OC(OC2C(CO)OC(OCC3OC(OC(=O)[C@]45CC[C@H](C)[C@@H](C)[C@H]4C4=CCC6[C@@]7(C)C[C@H](O)[C@H](O)[C@@](C)(CO)C7CC[C@@]6(C)[C@]4(C)CC5)C(O)C(O)C3O)C(O)C2O)C(O)C(O)C1O,isssty,0,0,-1,0,0,-1,Train
2852,FC(F)(F)C(F)(F)C(F)(F)C(F)(F)I,isssty,0,0,-1,0,0,-1,Internal
2853,COC1=C(OC)C(=O)C(C/C=C(\C)CC/C=C(\C)CC/C=C(\C)CC/C=C(\C)CC/C=C(\C)CC/C=C(\C)CC/C=C(\C)CC/C=C(\C)CC/C=C(\C)CCC=C(C)C)=C(C)C1=O,isssty,0,0,-1,0,0,-1,Train
2854,Clc1ccc(/N=N/c2ccc(Cl)c(Cl)c2)cc1Cl,isssty,0,0,-1,-1,-1,-1,External
2855,O=[N+]([O-])c1ccc2nscc2c1,isssty,1,1,-1,1,1,1,Train
2856,CC(C)NCC(O)c1ccc2ccccc2c1,isssty,0,0,-1,0,0,-1,Train
2857,O=c1c2nc3ccccc3c-2n[nH]n1/N=C/c1ccc(Cl)cc1,isssty,1,1,0,-1,-1,1,Train
2858,CCNc1snc2ccccc12,isssty,0,0,-1,0,0,-1,Train
2859,CCCCCCCCCCCCCc1ccccc1,isssty,0,0,-1,0,0,-1,Train
2860,O=S(c1cc(Cl)cc(Cl)c1O)c1cc(Cl)cc(Cl)c1O,isssty,1,1,0,-1,-1,1,Train
2861,C1COCCOCCOCCO1,isssty,0,0,-1,-1,0,-1,Internal
2862,CNCCC=C1c2ccccc2CCc2ccccc21,isssty,0,0,-1,0,0,-1,External
2863,CC(C)NNC(=O)c1ccncc1,isssty,0,0,-1,0,0,-1,Train
2864,CN1Cc2c(N)cccc2C(c2ccccc2)C1,isssty,0,0,-1,0,0,-1,Train
2865,O=c1c2nc3ccccc3c-2n[nH]n1/N=C/c1ccccc1,isssty,1,1,1,-1,-1,1,Train
2866,Oc1cccc(Cl)c1,isssty,1,1,-1,-1,-1,1,Train
2867,O=c1c2nc3ccccc3c-2n[nH]n1/N=C/c1ccc([N+](=O)[O-])cc1,isssty,1,1,0,-1,-1,1,External
2868,CC(=O)Nc1ccc(/C=N/n2[nH]nc3c4ccccc4nc-3c2=O)cc1,isssty,1,1,0,-1,-1,1,Train
2869,Nc1cc(Cl)nc(C(=O)O)c1Cl,isssty,0,0,-1,0,0,-1,Train
2870,COC(=O)c1ccc(/C=N/n2[nH]nc3c4ccccc4nc-3c2=O)cc1,isssty,1,1,1,-1,-1,1,External
2871,CCSC(C)CC1CC(=O)C(/C(CC)=N/OC/C=C/Cl)=C(O)C1,isssty,0,0,-1,0,0,-1,Train
2872,CC(C)CN(C(=O)CCCl)c1snc2ccccc12,isssty,0,0,-1,0,0,-1,External
2873,COc1ccc(/C=N/n2[nH]nc3c4ccccc4nc-3c2=O)cc1,isssty,1,1,0,-1,-1,1,External
2874,CCOC(=O)Nc1cccc(OC(=O)Nc2ccccc2)c1,isssty,0,0,-1,0,0,-1,Internal
2875,O=Nc1ccc(-c2ccccc2)cc1,isssty,1,1,-1,-1,-1,1,Train
2876,c12c3c4c5c1c1c6c7c2c2c8c3c3c9c4c4c%10c5c5c1c1c6c6c%11c7c2c2c7c8c3c3c8c9c4c4c9c%10c5c5c1c1c6c6c%11c2c2c7c3c3c8c4c4c9c5c1c1c6c2c3c41,isssty,0,0,-1,0,0,-1,External
2877,Nc1ccc(O)c2c1C(O)=CC(=O)C2=O,isssty,1,0,1,-1,-1,1,Train
2878,Oc1ccc(Cc2ccc(O)cc2)cc1,isssty,0,0,-1,0,0,-1,Train
2879,Nc1ccc(-c2cc(Cl)c(N)cc2[N+](=O)[O-])cc1Cl,isssty,1,1,-1,-1,-1,1,External
2880,O=C(O)c1ccc(Cl)cc1Cl,isssty,0,0,-1,0,0,-1,Train
2881,CC(C)CCCC(C)CCCC(C)CCCCC(C)CCCC(C)CCCC(C)C,isssty,0,0,-1,0,0,-1,Train
2882,O=C(O)CCCc1ccc(NCCCl)cc1,isssty,1,1,-1,1,-1,1,Internal
2883,Nc1cc(S(=O)(=O)[O-])cc2c1C(=O)/C(=N/Nc1ccc(-c3ccc(N/N=C4/C(=O)c5c(N)cc(S(=O)(=O)[O-])cc5C=C4S(=O)(=O)[O-])cc3)cc1)C(S(=O)(=O)[O-])=C2,isssty,1,1,-1,-1,-1,1,Train
2884,O=c1[nH]c(=O)n([C@@H]2C[C@@H](O)[C@H](CO)O2)cc1CO,isssty,0,1,1,-1,0,1,Train
2885,ClC1C(Cl)C(Cl)C(Cl)C(Cl)C1Cl,isssty,0,0,0,-1,-1,-1,Train
2886,c1cc(-c2ccncc2)ccn1,isssty,0,-1,-1,0,1,1,Train
2887,c1ccc(-c2cccnc2)nc1,isssty,0,-1,-1,0,1,1,Train
2888,CCOC(=O)C(C)=O,isssty,0,0,-1,0,0,-1,Train
2889,Cc1ccc2c(c1N)C(=O)c1ccccc1C2=O,isssty,1,-1,-1,-1,-1,1,External
2890,CNNCc1ccc(C(=O)NC(C)C)cc1,isssty,0,0,-1,0,-1,-1,Train
2891,COC(=O)c1ccccc1N,isssty,0,0,0,-1,-1,-1,Train
2892,Nc1ccc(O)c2c1C(=O)C=CC2=O,isssty,1,0,1,-1,-1,1,Train
2893,CC1=CCC2CC1C2(C)C,isssty,0,0,-1,-1,-1,-1,Train
2894,Cc1nccc2c1[nH]c1ccccc12,isssty,0,0,0,-1,-1,-1,Train
2895,COC(=O)C1=C(C)NC(C)=C(C(=O)OCCc2ccc(N3CCN(C(c4ccccc4)c4ccccc4)CC3)cc2)C1c1cccc([N+](=O)[O-])c1,isssty,0,0,-1,0,0,-1,Train
2896,COc1ccc2c(c1)[nH]c1c(C)nccc12,isssty,0,0,0,-1,-1,-1,Train
2897,CCN(CC)c1ccc2c(-c3ccc(S(=O)(=O)[O-])cc3S(=O)(=O)[O-])c3ccc(N(CC)CC)cc3[o+]c2c1,isssty,1,0,-1,-1,-1,1,Train
2898,CC1=NCCc2c1[nH]c1cc(O)ccc21,isssty,0,0,0,-1,-1,-1,Train
2899,c1ccc2c(c1)-c1ccc3ccc4cccc5cc-2c1c3c45,isssty,-1,1,-1,-1,1,1,Train
2900,CC(C)=C[C@H]1[C@H](C(=O)O)C1(C)C,isssty,0,0,-1,0,0,-1,Train
2901,Cc1cc(Cl)ccc1/N=C/N(C)C,isssty,0,0,-1,0,0,-1,Train
2902,CCOC(=O)C1C(C=C(C)C)C1(C)C,isssty,0,0,-1,0,0,-1,External
2903,S=C([S-])NCCNC(=S)[S-].[Zn+2],isssty,0,0,-1,0,0,-1,Train
2904,CC(=O)Nc1ccc(-c2ccccc2)cc1,isssty,1,1,-1,-1,-1,1,Train
2905,Br/C=C\Br,isssty,1,1,-1,-1,-1,1,External
2906,O=C(O)/C=C(\CC(=O)O)C(=O)O,isssty,0,0,-1,0,0,-1,Train
2907,CCC(C)C1NC(=O)C(CCCNC(=N)N)NC(=O)C(CC(=O)O)NC(=O)C(CCSC)NC(=O)C(CCCNC(=N)N)NC(=O)CNC(=O)CNC(=O)C(Cc2ccccc2)NC(=O)C(NC(=O)C(CO)NC(=O)C(CO)NC(=O)C(CCCNC(=N)N)NC(=O)C(CCCNC(=N)N)NC(=O)C(CC(C)C)NC(=O)C(N)CO)CSSCC(C(=O)NC(CC(N)=O)C(=O)NC(CO)C(=O)NC(Cc2ccccc2)C(=O)NC(CCCNC(=N)N)C(=O)NC(Cc2ccc(O)cc2)C(=O)O)NC(=O)CNC(=O)C(CC(C)C)NC(=O)CNC(=O)C(CO)NC(=O)C(CCC(N)=O)NC(=O)C(C)NC(=O)CNC1=O,isssty,0,0,-1,0,0,-1,Train
2908,O=P1(NCCCl)OCCCN1CCCl,isssty,-1,1,-1,1,-1,1,Train
2909,C=C(C)C(=O)/C(=C/C(=O)O)OC,isssty,0,0,-1,-1,-1,-1,Internal
2910,N/C(NO)=C1/C=CC(=O)C(O)=C1,isssty,1,0,0,-1,-1,1,External
2911,NC(NO)=C1C=C(O)C(=O)C(O)=C1,isssty,0,0,0,-1,-1,-1,Train
2912,COc1ccc2c3c([nH]c2c1)C(C)=NCC3,isssty,0,0,0,-1,-1,-1,External
2913,Cc1cc(N(C)C)ccc1/N=N/c1ccccc1,isssty,1,1,-1,-1,-1,1,External
2914,CCN(Cc1cccc(S(=O)(=O)O)c1)c1ccc(C(=C2C=CC(=[N+](CC)Cc3cccc(S(=O)(=O)[O-])c3)C=C2)c2ccc(N(C)C)cc2)cc1,isssty,1,0,-1,-1,-1,1,Train
2915,N[C@@H]1CCCCN1.[Pt+2],isssty,1,1,-1,-1,-1,1,External
2916,COc1cc2c(c3oc(=O)c4c(c13)CCC4=O)[C@H]1[C@@H](O2)O[C@H]2O[C@@H]21,isssty,1,1,-1,-1,-1,1,Internal
2917,O=C(Cl)c1ccccc1,isssty,1,1,-1,-1,-1,1,Train
2918,N#[N+]c1cccc2c1C(=O)c1ccccc1C2=O,isssty,1,1,-1,0,1,1,Train
2919,CCc1ccc2c(c1[N+](=O)[O-])C(=O)c1ccccc1C2=O,isssty,0,1,-1,0,0,1,Train
2920,CCCCOCC1CO1,isssty,-1,1,-1,1,-1,1,External
2921,O=[N+]([O-])c1ccc2c3cccc4cccc(c5c([N+](=O)[O-])ccc1c25)c43,isssty,1,1,-1,-1,-1,1,Train
2922,O=[N+]([O-])c1ccc2c3cccc4ccc([N+](=O)[O-])c(c5cccc1c25)c43,isssty,1,0,-1,-1,-1,1,Train
2923,Nc1cccc(-c2ccccc2)c1,isssty,0,0,-1,-1,-1,-1,Train
2924,Cc1cccc([N+](=O)[O-])c1[N+](=O)[O-],isssty,1,1,-1,-1,-1,1,External
2925,O=c1[nH]cc2ccc3cccc4ccc1c2c34,isssty,0,0,-1,-1,-1,-1,Train
2926,c1ccc2cc3c(ccc4ccncc43)cc2c1,isssty,1,1,-1,-1,-1,1,Train
2927,c1ccc2c(c1)ccc1c2ccc2cccnc21,isssty,1,1,-1,-1,-1,1,Train
2928,O=[N+]([O-])c1ccc2ccc3c([N+](=O)[O-])c4ccccc4c4ccc1c2c34,isssty,1,1,-1,-1,-1,1,Train
2929,Cc1cnc2ccccc2c1,isssty,0,1,-1,-1,-1,1,Train
2930,c1cc2c3c(c1)ccc1cccc(c13)C2,isssty,-1,1,-1,-1,-1,1,Train
2931,CC(C)(S)C(N)C(=O)O,isssty,-1,1,1,-1,-1,1,Train
2932,Cc1ccc2nc3c(ccc4ccccc43)c(C)c2c1,isssty,1,1,1,-1,-1,1,Train
2933,O=Cc1c([N+](=O)[O-])cccc1[N+](=O)[O-],isssty,1,1,-1,-1,-1,1,Train
2934,CC(=O)[C@]1(O)Cc2c(O)c3c(c(O)c2[C@H](OC2CC(N)C(O)C(C)O2)C1)C(=O)c1c(O)cccc1C3=O,isssty,1,1,-1,-1,-1,1,Train
2935,CC1(C)C[C@H]2C=C(C=O)[C@]3(C=O)C[C@@]3(C)[C@H]2C1,isssty,1,1,-1,-1,-1,1,Train
2936,CC1(C)C[C@H]2C=C(C=O)[C@]34C[C@]3(C(=O)OC4O)[C@H]2C1,isssty,1,-1,-1,0,-1,1,External
2937,CCC/C=C/C(=O)O[C@H]1C(C)(C)C[C@@H]2C34CC3(C(C=O)=C[C@@]21O)[C@H](O)OC4=O,isssty,1,-1,-1,0,-1,1,Train
2938,Clc1cccnc1Cl,isssty,0,0,0,-1,-1,-1,Train
2939,Nc1ccn([C@H]2O[C@@H](CO)[C@H](O)[C@H]2O)c(=O)n1,isssty,0,0,0,-1,0,-1,External
2940,Clc1cccc(Cl)n1,isssty,0,0,0,-1,-1,-1,Train
2941,ClCc1ccncc1,isssty,0,0,0,-1,-1,-1,External
2942,O=C(Nc1ccccc1)c1csc([N+](=O)[O-])c1,isssty,1,1,-1,-1,-1,1,Train
2943,Cn1c(NO)nc2c3cccnc3ccc21,isssty,1,-1,-1,-1,-1,1,Train
2944,OC1c2cccc3ccc4c5ccccc5cc1c4c23,isssty,1,-1,-1,-1,-1,1,Train
2945,ClC(Cl)c1ccccc1,isssty,1,1,-1,-1,-1,1,Train
2946,CC1CC(=O)O1,isssty,1,1,-1,-1,-1,1,Train
2947,O=Nc1ccc2c(c1)Cc1ccccc1-2,isssty,1,1,-1,-1,-1,1,Train
2948,O=[N+]([O-])c1ccc2c(CCO)c[nH]c2c1,isssty,1,1,-1,0,1,1,External
2949,O=C1c2c(O)ccc3c2[C@H](c2ccc(O)c4c2[C@H]3[C@@H]2O[C@H]2C4=O)[C@@H]2O[C@@H]12,isssty,1,1,-1,-1,1,1,Train
2950,CN(C)c1ccc(/N=N/c2cccc3ccccc23)cc1,isssty,1,1,-1,1,-1,1,Train
2951,CN(C)c1ccc(/N=N/c2ccc3ccccc3c2)cc1,isssty,1,1,-1,-1,-1,1,Train
2952,Nc1nc2[nH][nH]nc-2c(=O)n1,isssty,0,0,0,-1,0,-1,Train
2953,Cc1c2ccccc2cc2ccc3ccccc3c12,isssty,1,1,-1,-1,-1,1,Train
2954,Oc1cccc2c1ccc1[nH]c3ccc4ccccc4c3c12,isssty,1,1,-1,-1,-1,1,Train
2955,Nc1ccc(Oc2ccccc2)cc1,isssty,1,1,-1,-1,-1,1,Train
2956,NCCC(=O)NC(Cc1cnc[nH]1)C(=O)O,isssty,1,0,-1,1,-1,1,Train
2957,CCN(CCCl)CCCNc1c2ccc(Cl)cc2nc2ccc(OC)cc12,isssty,1,1,-1,0,1,1,Train
2958,O=Nc1ccc(Oc2ccccc2)cc1,isssty,1,1,-1,-1,-1,1,Internal
2959,Cc1ccc2[nH]c3c(C)cc([N+](=O)[O-])c(C)c3c2c1,isssty,1,0,-1,-1,1,1,External
2960,c1ccc2c(c1)ccc1c3ccncc3ccc21,isssty,1,1,-1,-1,-1,1,Train
2961,C=C(C)C=O,isssty,-1,1,-1,-1,-1,1,Train
2962,C[n+]1c2ccccc2cc2ccccc21,isssty,-1,-1,-1,0,1,1,External
2963,C[n+]1c2ccccc2cc2c(N)cccc21,isssty,-1,-1,-1,0,1,1,Train
2964,O=C(O)Cc1ccc(O)c(O)c1,isssty,-1,0,1,0,0,1,Train
2965,O=[N+]([O-])c1ccc2ccc3c4ccccc4c([N+](=O)[O-])c4ccc1c2c43,isssty,1,1,-1,-1,-1,1,Internal
2966,OCc1ccc2ccc3cccc4ccc1c2c34,isssty,1,-1,-1,-1,-1,1,External
2967,O=[N+]([O-])c1cc[n+]([O-])cc1,isssty,-1,1,1,-1,-1,1,Train
2968,O=C(c1ccccc1)[C@@H]1O[C@H]1c1ccc(F)cc1,isssty,0,0,-1,-1,-1,-1,External
2969,COc1cc2c(c3oc(=O)c4c(c13)CCC4=O)C1(O)C=COC1O2,isssty,1,1,-1,-1,-1,1,Train
2970,C[N-][N+](C)=O,isssty,-1,1,-1,0,-1,1,External
2971,CCCCNC(=O)c1cc(N)ccc1Oc1ccccc1,isssty,0,0,0,0,0,0,Internal
2972,CCCCNC(=O)c1cc(N)ccc1Oc1ccc(C)cc1,isssty,1,1,0,0,0,1,External
2973,CCCCNC(=O)c1cc(N)ccc1OC1CCCCC1,isssty,1,1,0,0,0,1,Train
2974,COc1cc([C@H]2c3cc4c(cc3[C@H](O[C@H]3O[C@@H]5CO[C@H](C)O[C@H]5[C@@H](O)[C@@H]3O)[C@H]3COC(=O)[C@H]23)OCO4)cc(OC)c1O,isssty,0,0,0,-1,0,-1,Train
2975,CN(C)/N=N/c1ccc(C(=O)[O-])cc1,isssty,-1,0,-1,-1,-1,-1,Train
2976,COC(=O)C12OC1(C)C(C(C)C)OC2=O,isssty,1,1,-1,-1,-1,1,External
2977,COC(=O)C1=C(C)C(C)(O)OC1=O,isssty,0,0,-1,-1,-1,-1,External
2978,NC(=O)C12OC1C(O)(c1ccccc1)NC2=O,isssty,0,0,-1,-1,-1,-1,Train
2979,C[n+]1ccc(-c2ccccn2)cc1,isssty,1,0,-1,0,0,1,External
2980,C[n+]1cccc(-c2ccc[n+](C)c2)c1,isssty,0,1,-1,0,0,1,Internal
2981,O=CC(O)C(O)C(O)CO,isssty,0,0,0,-1,-1,-1,Train
2982,CCCC([N+](=O)[O-])=[N+]([O-])O,isssty,0,0,0,-1,-1,-1,Train
2983,CCCCC([N+](=O)[O-])=[N+]([O-])O,isssty,0,0,0,-1,-1,-1,Train
2984,CC([O-])C(C)[N+](=O)[O-],isssty,0,0,0,-1,-1,-1,Train
2985,CCC(C(C)O)[N+](=O)[O-],isssty,0,0,0,-1,-1,-1,Train
2986,Nc1ccc(F)cc1,isssty,1,1,-1,-1,-1,1,Train
2987,CC(=O)[C@]1(O)Cc2c(O)c3c(c(O)c2[C@@H](O[C@H]2C[C@H](N)[C@H](O)[C@H](C)O2)C1)C(=O)c1ccccc1C3=O,isssty,1,1,-1,-1,-1,1,Train
2988,COC(=O)c1cc(-c2ccc(N)c(C(=O)OC)c2)ccc1N,isssty,1,0,-1,-1,-1,1,Train
2989,Nc1ccc(/C=C/c2ccccc2)cc1,isssty,1,1,-1,-1,-1,1,Internal
2990,CCC(C)(CCC(C)C)C(=O)OCC1CO1,isssty,-1,1,-1,1,-1,1,Internal
2991,O=C(OCC1CO1)C1CCCCC1C(=O)OCC1CO1,isssty,-1,1,-1,1,-1,1,Train
2992,COCC1CO1,isssty,-1,1,-1,1,-1,1,Train
2993,CC(C)OCC1CO1,isssty,-1,1,-1,1,-1,1,Train
2994,CC(C)(C)OCC1CO1,isssty,-1,1,-1,1,-1,1,External
2995,Cc1ccccc1OCC1CO1,isssty,-1,1,-1,1,-1,1,Train
2996,C(CCOCC1CO1)COCC1CO1,isssty,-1,1,-1,1,-1,1,Internal
2997,CC(C)(COCC1CO1)COCC1CO1,isssty,-1,1,-1,1,-1,1,Train
2998,CN(C)c1ccc(/C=C/c2ccc([N+](=O)[O-])cc2)cc1,isssty,1,1,-1,-1,-1,1,Internal
2999,Cc1c(N)cc([N+](=O)[O-])cc1N,isssty,1,1,-1,-1,-1,1,Train
3000,C[n+]1ccccc1-c1cccc[n+]1C,isssty,1,1,-1,0,0,1,Train
3001,COc1cc(O)c2c(O)c3c(=O)oc(C)cc3c(OC)c2c1,isssty,1,1,1,-1,-1,1,Internal
3002,BrCC(Br)c1ccccc1,isssty,-1,1,-1,-1,-1,1,Internal
3003,O=C1C[C@@H]2NCCCNCCCCN(CCCN1)C(=O)[C@H]1c3cc2ccc3O[C@H]1c1ccc(O)cc1,isssty,1,1,-1,-1,-1,1,Train
3004,CC(=O)[C@]1(O)Cc2c(O)c3c(c(O)c2[C@@H](O[C@H]2C[C@H](N)[C@H](O)[C@H](C)O2)C1)C(=O)c1c(O)cccc1C3=O,isssty,1,1,-1,-1,-1,1,Train
3005,O=c1oc2c(O)c(O)cc3c(=O)oc4c(O)c(O)cc1c4c23,isssty,0,0,0,-1,-1,-1,Train
3006,O=C(OCC1OC(OC(=O)c2cc(O)c(O)c(OC(=O)c3cc(O)c(O)c(O)c3)c2)C(OC(=O)c2cc(O)c(O)c(OC(=O)c3cc(O)c(O)c(O)c3)c2)C(OC(=O)c2cc(O)c(O)c(OC(=O)c3cc(O)c(O)c(O)c3)c2)C1OC(=O)c1cc(O)c(O)c(OC(=O)c2cc(O)c(O)c(O)c2)c1)c1cc(O)c(O)c(OC(=O)c2cc(O)c(O)c(O)c2)c1,isssty,0,0,0,-1,-1,-1,External
3007,C1CS1,isssty,0,1,-1,-1,-1,1,Train
3008,CC(CO)[N+](=O)[O-],isssty,0,0,0,-1,-1,-1,Train
3009,CC(C)c1ccc2oc3nc(N)c(C(=O)O)cc3c(=O)c2c1,isssty,0,0,-1,-1,0,-1,Train
3010,CC(=O)c1ccc(Cl)c(Cl)c1Cl,isssty,-1,1,-1,-1,-1,1,Train
3011,CC(O)C(C)[N+](=O)[O-],isssty,0,1,0,-1,-1,1,Train
3012,CC(C)(N=O)[N+](=O)[O-],isssty,1,0,0,-1,-1,1,Train
3013,O=C1C(=O)c2cccc3cccc1c23,isssty,1,-1,-1,-1,-1,1,Train
3014,CC(=O)/C=C/c1ccccc1,isssty,0,1,-1,-1,-1,1,Internal
3015,COc1ccc2cc1Oc1ccc(cc1)C[C@H]1c3cc(c(OC)cc3CCN1C)Oc1c(OC)c(OC)cc3c1[C@H](C2)N(C)CC3,isssty,1,0,-1,-1,-1,1,Train
3016,Nc1ccc(S(=O)(=O)c2ccc(N)cc2)cc1,isssty,0,0,-1,-1,-1,-1,Train
3017,COc1cccc2c1C(=O)c1c(O)c3c(c(O)c1C2=O)C[C@@](O)(C(=O)CO)C[C@@H]3O[C@H]1C[C@H](N)C[C@H](C)O1,isssty,1,1,-1,-1,-1,1,Train
3018,O=[N+]([O-])c1ccc2c3c4c(cccc4c4ccccc4c13)C1OC21,isssty,1,-1,-1,-1,-1,1,Train
3019,O=[N+]([O-])c1ccc2c3c4c(cccc4c4ccccc4c13)[C@H](O)[C@H]2O,isssty,1,-1,-1,-1,-1,1,Train
3020,O=[N+]([O-])c1ccc2ccc3c(O)ccc4c5ccccc5c1c2c34,isssty,1,-1,-1,-1,-1,1,External
3021,O=C1c2ccccc2CN2C(=O)c3ccccc3CN12,isssty,0,0,0,-1,-1,-1,Train
3022,ClC(Cl)=C(c1ccc(Cl)cc1)c1ccc(Cl)cc1,isssty,0,0,-1,-1,-1,-1,Train
3023,CCCCCCNC(=O)n1cc(F)c(=O)[nH]c1=O,isssty,0,0,0,-1,0,-1,Train
3024,O=c1[nH]c(=O)n(C2CCCO2)cc1F,isssty,0,0,0,-1,0,-1,Train
3025,Cc1cccc2c1ccc1ccccc12,isssty,1,1,-1,-1,-1,1,Train
3026,Cc1ccc2ccc3ccc(C)cc3c2c1,isssty,1,0,-1,-1,-1,1,Internal
3027,O=C1C=Cc2ccc3c4c(ccc1c24)C=CC3=O,isssty,0,0,-1,-1,-1,-1,Train
3028,O=C1C=Cc2ccc3c4c(ccc1c24)C(=O)C=C3,isssty,0,0,-1,-1,-1,-1,Train
3029,O=C(/C=C/c1ccc([N+](=O)[O-])o1)N/N=C/c1ccc([N+](=O)[O-])o1,isssty,1,-1,-1,-1,-1,1,Train
3030,ClCCN(CCCl)c1ccc2ccccc2c1,isssty,-1,1,-1,1,-1,1,Train
3031,O=C(O)c1cc(O)c(O)c(O)c1,isssty,0,0,0,-1,-1,-1,Train
3032,BrCC1CO1,isssty,-1,1,-1,1,-1,1,Train
3033,ClC(Cl)(Cl)CC1CO1,isssty,-1,1,-1,0,-1,1,Train
3034,O=C1c2ccccc2-c2c3c(cc4ccnc1c24)OCO3,isssty,1,1,-1,-1,-1,1,Train
3035,Cc1ccc2c(c1[N+](=O)[O-])C(=O)c1ccccc1C2=O,isssty,1,1,-1,0,1,1,Internal
3036,O=C(Nc1cccc2c1C(=O)c1cccc(Cl)c1C2=O)c1ccccc1,isssty,1,0,-1,0,1,1,Train
3037,O=[N+]([O-])c1ccc2cc3ccccc3cc2c1,isssty,1,1,-1,-1,-1,1,External
3038,FC(F)(Cl)Br,isssty,0,0,-1,1,-1,1,Train
3039,COc1ccc2c(OC)c3ccoc3nc2c1OC,isssty,1,1,-1,0,-1,1,Train
3040,C=CC(=O)OCC1CO1,isssty,-1,1,-1,1,-1,1,Train
3041,C=CCCCCCCCC,isssty,0,0,-1,0,-1,-1,External
3042,C=CCCCCCCCCCCC,isssty,0,0,-1,0,-1,-1,External
3043,C=CCCCCCCCCC,isssty,0,0,-1,0,-1,-1,External
3044,C=CCCCCCCCCCCCCC,isssty,0,0,-1,0,-1,-1,Train
3045,NC(=O)/N=N/C(N)=O,isssty,0,1,-1,-1,-1,1,Train
3046,O=[N+]([O-])c1ccc2ccc3cc4c(c5ccc1c2c35)CCC=C4,isssty,1,1,-1,-1,-1,1,Train
3047,CC(C)(c1ccc(OCC(O)CCl)cc1)c1ccc(OCC(O)CCl)cc1,isssty,0,0,-1,0,-1,-1,External
3048,c1ccc2cc3c(ccc4cccnc43)cc2c1,isssty,1,0,-1,-1,-1,1,Train
3049,c1ccc(-c2ccccn2)nc1,isssty,1,1,-1,0,0,1,Train
3050,CC(=O)Oc1cc([N+](=O)[O-])c2ccc3cccc4ccc1c2c43,isssty,1,1,-1,-1,-1,1,Train
3051,O=C1CCC(=O)N1Br,isssty,0,1,-1,-1,-1,1,Train
3052,c1ccc(-c2ccncc2)nc1,isssty,1,0,-1,0,1,1,External
3053,c1ccc(Cn2ccnc2)cc1,isssty,0,1,-1,-1,-1,1,External
3054,c1ccc(-c2cccc(-c3ccccn3)n2)nc1,isssty,0,1,-1,0,0,1,Train
3055,CC(=O)CCC(C)=O,isssty,0,0,0,-1,-1,-1,Train
3056,c1ccc2c(c1)ccc1nc3ccc4ccccc4c3cc12,isssty,-1,1,-1,-1,1,1,Train
3057,OCC1CCCO1,isssty,0,0,0,-1,-1,-1,External
3058,CC1C=CC(=O)O1,isssty,0,0,0,-1,-1,-1,Internal
3059,Cc1cnccn1,isssty,0,0,0,-1,-1,-1,Train
3060,Cc1nccnc1C,isssty,0,0,0,-1,-1,-1,Train
3061,Cc1cnc(C)cn1,isssty,0,0,0,-1,-1,-1,External
3062,CCc1cnccn1,isssty,0,0,0,-1,-1,-1,External
3063,Cc1cnc(C)c(C)n1,isssty,0,0,0,-1,-1,-1,Train
3064,c1cc[nH]c1,isssty,0,0,0,-1,-1,-1,Train
3065,Cn1cccc1,isssty,0,0,0,-1,-1,-1,Train
3066,Cc1cccs1,isssty,0,0,0,-1,-1,-1,Train
3067,Cc1ccsc1,isssty,0,0,0,-1,-1,-1,Train
3068,CS(C)(=O)=O,isssty,0,0,0,-1,-1,-1,Train
3069,CSSC,isssty,0,0,0,-1,-1,-1,Train
3070,CC1=C(O)C(=O)CC1,isssty,0,0,0,-1,-1,-1,External
3071,O=C1C=CC(=O)O1,isssty,0,0,0,-1,-1,-1,Train
3072,Cc1ccc(C=O)cc1,isssty,0,0,0,-1,-1,-1,Internal
3073,COc1ccccc1O,isssty,0,0,0,-1,-1,-1,External
3074,CCC(C)C=O,isssty,0,0,0,-1,-1,-1,Train
3075,CC(C)CC=O,isssty,0,0,0,-1,-1,-1,Train
3076,CCC(=O)C(C)=O,isssty,0,0,0,-1,-1,-1,Train
3077,Cc1cnc2ccccc2n1,isssty,0,0,0,-1,-1,-1,Train
3078,NC(=O)Nc1nc2ccccc2[nH]1,isssty,1,0,-1,-1,-1,1,Train
3079,BrCc1ccccc1,isssty,0,1,-1,-1,-1,1,Train
3080,CCCC(=O)Cl,isssty,0,0,-1,-1,-1,-1,Train
3081,O=[N+]([O-])c1cc([N+](=O)[O-])c(-c2ccccc2)c([N+](=O)[O-])c1,isssty,1,-1,-1,-1,-1,1,Train
3082,CCC(Cl)[N+](=O)[O-],isssty,1,1,-1,-1,-1,1,External
3083,COc1cccc(/C=C/c2ccc(N)cc2)c1,isssty,1,1,-1,-1,-1,1,Train
3084,O=[N+]([O-])c1ccc(-c2ccc([N+](=O)[O-])cc2[N+](=O)[O-])c([N+](=O)[O-])c1,isssty,1,-1,-1,-1,-1,1,Train
3085,CC(C)CCC[C@H](C)[C@H]1CC[C@H]2[C@@H]3C[C@H]4O[C@@]45C[C@@H](O)CC[C@]5(C)[C@H]3CC[C@]12C,isssty,0,0,0,0,-1,-1,Train
3086,O=[N+]([O-])c1cc([N+](=O)[O-])c2ccccc2c1,isssty,1,1,-1,-1,-1,1,Train
3087,c1ccc2c(c1)Oc1ccccc1O2,isssty,0,0,-1,-1,-1,-1,Train
3088,FCC1CO1,isssty,0,1,-1,-1,-1,1,External
3089,Cc1ccc(/N=N/c2ccc(C)c(N)c2)cc1N,isssty,1,1,-1,-1,-1,1,Train
3090,Cc1ccc([N-][N+](=O)c2ccc(C)c(N)c2)cc1N,isssty,1,0,-1,-1,-1,1,Train
3091,CCC(C)COC(=O)/C=C/c1ccc(/N=C/c2ccc(OC)cc2)cc1,isssty,-1,1,-1,-1,-1,1,Train
3092,Cc1ccc2ccc3cccc4ccc1c2c34,isssty,1,1,-1,-1,-1,1,Train
3093,Nc1ccc(/C=C/C(=O)O)cc1,isssty,0,0,-1,-1,-1,-1,External
3094,O=C(O)/C=C/c1ccccc1[N+](=O)[O-],isssty,0,0,-1,-1,-1,-1,External
3095,Clc1ccc(C(Cl)(Cl)Cl)c(Cl)c1,isssty,1,1,-1,-1,-1,1,Internal
3096,Clc1ccc(C(Cl)(Cl)Cl)cc1Cl,isssty,1,1,-1,-1,-1,1,Train
3097,NNC(=O)CNc1ccc2ccccc2c1,isssty,0,0,-1,-1,0,-1,Train
3098,CN(CC(=O)NN)c1ccc2ccccc2c1,isssty,0,0,-1,-1,0,-1,External
3099,O=[N+]([O-])c1ccc2[nH]ncc2c1,isssty,1,1,-1,-1,-1,1,Train
3100,CC(=O)Nc1cccc2cccnc12,isssty,0,1,-1,-1,-1,1,External
3101,C[NH3+],isssty,0,0,-1,-1,-1,-1,Train
3102,COc1cc(O)c2c(=O)c3cc(O)ccc3oc2c1,isssty,0,0,-1,-1,-1,-1,Train
3103,O=C(O)CC[N+](=O)[O-],isssty,0,1,-1,-1,-1,1,Train
3104,COc1cc2c(CCNC(C)=O)c[nH]c2cc1O,isssty,0,0,-1,-1,-1,-1,Internal
3105,CC(=O)NO,isssty,1,-1,-1,-1,-1,1,Train
3106,CCCOc1cc(/N=N/c2ccccc2)ccc1/N=N/c1c(S(=O)(=O)[O-])cc2ccc(N)cc2c1O,isssty,1,0,-1,-1,-1,1,Train
3107,CCCCOc1cc(/N=N/c2ccc(N(CC)CC)cc2)ccc1/N=N/c1c(S(=O)(=O)[O-])cc2ccc(N)cc2c1O,isssty,1,0,-1,-1,-1,1,Internal
3108,Cn1cnc2c(N)ncnc21,isssty,1,0,-1,-1,-1,1,Train
3109,[H]/N=c1/c2ncn(Cc3ccccc3)c2ncn1O,isssty,1,0,-1,-1,-1,1,Train
3110,O=[N+]([O-])c1ccc(OCC2CO2)cc1,isssty,0,1,-1,-1,-1,1,Train
3111,CCCCOc1cc(/N=N/c2ccccc2)ccc1/N=N/c1c(S(=O)(=O)[O-])cc2ccc(N)cc2c1O,isssty,1,0,-1,-1,-1,1,External
3112,Nc1ncnc2c1ncn2C(c1ccccc1)(c1ccccc1)c1ccccc1,isssty,1,0,-1,-1,-1,1,Train
3113,CCCCCCCOP(=S)([S-])OCCCCCCC,isssty,0,0,0,-1,-1,-1,Train
3114,O=C(O)C1Cc2c([nH]c3ccccc23)CN1,isssty,0,0,-1,-1,-1,-1,Train
3115,CC1NC(C(=O)O)Cc2c1[nH]c1ccccc21,isssty,0,0,-1,-1,-1,-1,Internal
3116,O=C(O)C1Cc2c([nH]c3ccccc23)C(c2ccccc2)N1,isssty,0,0,-1,-1,-1,-1,External
3117,O=C(O)C1Cc2c([nH]c3ccccc23)C(Cc2ccccc2O)N1,isssty,0,0,-1,-1,-1,-1,Internal
3118,c1ccc2c(c1)Cc1ccccc1-2,isssty,0,0,-1,-1,-1,-1,Internal
3119,CC(CF)NCC(O)COc1cccc2[nH]c3ccccc3c12,isssty,0,1,-1,1,-1,1,Train
3120,C[n+]1cccc(-c2ccccn2)c1,isssty,0,0,-1,0,0,-1,Train
3121,Nc1ccc(-c2ccc(N)c([N+](=O)[O-])c2)cc1,isssty,1,1,-1,-1,-1,1,Train
3122,Cc1ccccc1N=O,isssty,0,1,-1,-1,-1,1,Train
3123,Cc1c([N+](=O)[O-])c2ccccc2c2ccc3ccccc3c12,isssty,1,1,-1,-1,-1,1,External
3124,C1CN1,isssty,-1,1,-1,1,-1,1,Train
3125,C/C=C/C=C/CCCCCCCO,isssty,0,0,0,-1,-1,-1,Train
3126,O=[N+]([O-])c1ccc(Br)c([N+](=O)[O-])c1,isssty,1,1,-1,-1,-1,1,Train
3127,CCN(CCCl)CCCNc1c2ccccc2nc2ccccc12,isssty,1,1,-1,0,1,1,Train
3128,Cc1nn(C)c(N)c1C(=O)c1ccccc1F,isssty,1,1,-1,-1,-1,1,Train
3129,CC(=O)N(O)c1ccc2ccc3cccc4ccc1c2c34,isssty,1,-1,-1,-1,-1,1,Train
3130,O=C1C=CC(=O)N1,isssty,1,-1,-1,-1,-1,1,Train
3131,CC[NH+](CCCl)CCC[NH2+]c1c2ccccc2nc2c(OC)cccc12,isssty,1,1,-1,0,1,1,Train
3132,CN(C)c1ccc(CCO)cc1,isssty,1,-1,-1,-1,-1,1,Train
3133,CCCCOc1ccc2nc3cc(Cl)ccc3c(NCCCNCCCl)c2n1,isssty,1,0,-1,0,1,1,Train
3134,ClCCNCCCNc1c2ccccc2nc2c1ccc1cccnc12,isssty,1,1,-1,0,1,1,Internal
3135,ClCCNCCCNc1c2ccccc2nc2c1ccc1ccccc12,isssty,1,1,-1,0,1,1,Train
3136,CCN(CCCl)CCCNc1c2ccccc2nc2c1ccc1cccnc12,isssty,1,1,-1,0,1,1,Train
3137,c1cncc(-c2cccnc2)c1,isssty,0,1,-1,0,0,1,External
3138,OC1C=Cc2c(ccc3c2-c2cccc4cccc-3c24)C1O,isssty,1,1,-1,-1,-1,1,External
3139,Cc1ccc2c(C)c3ccc4ccccc4c3nc2c1,isssty,1,1,1,-1,-1,1,Train
3140,COc1ccc(/C=C/c2ccc(N)cc2)cc1,isssty,1,1,-1,-1,-1,1,Train
3141,Nc1ccc(/C=C/c2cccc(N)c2)cc1,isssty,1,1,-1,-1,-1,1,Internal
3142,Nc1ccc(/C=C/c2cccc(Cl)c2)cc1,isssty,1,1,-1,-1,-1,1,Train
3143,N#Cc1cccc(/C=C/c2ccc(N)cc2)c1,isssty,1,1,-1,-1,-1,1,Train
3144,N#Cc1ccc(/C=C/c2ccc(N)cc2)cc1,isssty,1,1,-1,-1,-1,1,Train
3145,CCOP(=S)(OCC)Oc1ccc([N+](=O)[O-])cc1,isssty,0,1,-1,-1,-1,1,Train
3146,O=[N+]([O-])c1ccc2c3c(c(O)ccc13)-c1ccccc1-2,isssty,1,0,-1,-1,-1,1,Train
3147,Cc1ccc2c(ccc3ccccc32)c1,isssty,1,1,-1,-1,-1,1,Train
3148,Nc1c2ncnc-2ncn1O,isssty,1,0,-1,-1,-1,1,Train
3149,[H]/N=c1/c2ncn(C)c2ncn1O,isssty,1,0,-1,-1,-1,1,Train
3150,Cn1cnc2c(NO)ncnc21,isssty,1,0,-1,-1,-1,1,Train
3151,Nc1ncnc2c1ncn2Cc1ccccc1,isssty,1,0,-1,-1,-1,1,Train
3152,ONc1ncnc2c1ncn2Cc1ccccc1,isssty,1,1,-1,-1,-1,1,Train
3153,Nc1ncnc2c1ncn2C(c1ccccc1)c1ccccc1,isssty,1,0,-1,-1,-1,1,External
3154,[H]/N=c1/c2ncn(C(c3ccccc3)c3ccccc3)c2ncn1O,isssty,1,0,-1,-1,-1,1,Train
3155,[H]/N=c1/c2ncn(C(c3ccccc3)(c3ccccc3)c3ccccc3)c2ncn1O,isssty,1,0,-1,-1,-1,1,Internal
3156,O=C1c2ccccc2C(=O)c2c(O)cc(O)cc21,isssty,1,1,-1,-1,1,1,External
3157,CCOc1cc(/N=N/c2ccc(N(CC)CC)cc2)ccc1/N=N/c1c(S(=O)(=O)[O-])cc2ccc(N)cc2c1O,isssty,1,0,-1,-1,-1,1,External
3158,Nc1ccc2c(ccc3c4ccccc4ccc23)c1,isssty,1,-1,-1,-1,-1,1,External
3159,ClCCNCCCNc1c2ccccc2nc2ccccc12,isssty,1,1,-1,1,1,1,Train
3160,CC[NH+](CCCl)CCCNc1c2ccc(Cl)cc2nc2ccc(OC)[nH+]c12,isssty,1,1,-1,0,1,1,Train
3161,CCCCOc1ccc2nc3cc(Cl)ccc3c(NCCCN(CC)CCCl)c2n1,isssty,1,0,-1,0,1,1,External
3162,OC1C=C2c3ccc4ccccc4c3-c3cccc(c32)C1O,isssty,1,1,-1,-1,-1,1,Train
3163,CNC(=O)Oc1ccc(/N=C/[c-]2cccc2)cc1,isssty,-1,0,-1,0,0,-1,Train
3164,CN(C)CCCCl,isssty,0,1,-1,-1,-1,1,Train
3165,O=C(O)c1c(Cl)cccc1Cl,isssty,0,0,-1,-1,-1,-1,Train
3166,O=Cc1cccc(Cl)c1Cl,isssty,0,0,-1,-1,-1,-1,Train
3167,O=C(O)c1cc(Cl)cc(Cl)c1,isssty,0,0,-1,-1,-1,-1,Train
3168,NC(=S)/N=N/c1ccc(NN=C(N)N)cc1,isssty,-1,-1,-1,0,1,1,Train
3169,Cc1cccc(C(=O)Cl)c1,isssty,0,1,-1,-1,-1,1,Train
3170,O=C(Cl)c1ccccc1C(=O)Cl,isssty,1,1,-1,-1,-1,1,Train
3171,O=C(Cl)Cc1ccccc1,isssty,1,1,-1,-1,-1,1,Train
3172,CC/N=C(\N)N(N=O)[N+](=O)[O-],isssty,-1,1,-1,1,-1,1,Train
3173,O=C(O)c1cc(Cl)ccc1Cl,isssty,0,0,-1,-1,-1,-1,Train
3174,OC(c1ccc(Cl)cc1)(c1ccc(Cl)cc1)C1CC1,isssty,0,0,-1,-1,-1,-1,External
3175,NC(=O)OCC1[C@@H](NC(=O)/C(=N\OCC(=O)O)c2csc(N)n2)C(=O)N1S(=O)(=O)O,isssty,0,0,-1,-1,0,-1,Internal
3176,CC(C)NCC(O)COc1cccc2c1C=CC2,isssty,0,0,0,-1,-1,-1,Train
3177,C[C@@H]1O[C@@H]1C,isssty,-1,1,-1,1,-1,1,Internal
3178,C[C@@H]1O[C@H]1C,isssty,-1,1,-1,1,-1,1,Train
3179,CC1(C)C2CCC1(C)C(O)C2,isssty,0,0,-1,-1,-1,-1,Train
3180,Cc1ccc(C(C)C)c(O)c1,isssty,0,0,-1,-1,-1,-1,Train
3181,BrCCC(Br)Br,isssty,-1,1,-1,-1,-1,1,External
3182,CCN(CCCl)CCCNc1c2ccccc2nc2c1ccc1ccccc12.[H+].[H+],isssty,1,1,-1,0,1,1,Train
3183,COc1ccc2nc3cc(Cl)ccc3c(NCCCNCCCl)c2n1.[H+].[H+],isssty,1,1,-1,0,1,1,Train
3184,CC1=C[C@@H]2O[C@H]3[C@H](O)C[C@@](C)([C@]2(CO)[C@H](O)C1=O)[C@]31CO1,isssty,0,0,-1,-1,-1,-1,External
3185,CC(C)(C)NC[C@@H](O)COc1ccccc1C1CCCC1.CC(C)(C)NC[C@H](O)COc1ccccc1C1CCCC1,isssty,1,0,0,-1,-1,1,Train
3186,COc1c2ccoc2nc2c(OC)cccc12,isssty,1,1,-1,0,-1,1,Train
3187,OC[C@H](O)CCl,isssty,0,1,-1,-1,-1,1,External
3188,OC[C@@H](O)CCl,isssty,0,1,-1,-1,-1,1,Train
3189,c1ccc2c(OCC3CO3)cccc2c1,isssty,-1,1,-1,1,-1,1,Train
3190,Nc1ccc(Oc2ccc(Cl)cc2Cl)cc1,isssty,1,1,-1,-1,-1,1,Internal
3191,COc1cc(Oc2ccc(Cl)cc2Cl)ccc1N,isssty,0,1,-1,-1,-1,1,Train
3192,COC(=O)[C@H](CSCC(C)Br)NC(C)=O,isssty,-1,1,-1,-1,-1,1,Train
3193,CC(C)c1cc(N)cc([N+](=O)[O-])c1N,isssty,0,0,-1,-1,-1,-1,External
3194,COc1cc2c(cc1O)CCNC21CS[C@H]2c3c(OC(C)=O)c(C)c4c(c3[C@@H](COC1=O)N1C(O)C3Cc5cc(C)c(OC)c(O)c5C([C@H]21)N3C)OCO4,isssty,1,0,-1,-1,-1,1,Train
3195,O=C1OC(O)C(C(Br)Br)=C1Br,isssty,1,1,-1,-1,-1,1,Train
3196,O=C1Nc2ccc([N+](=O)[O-])cc2C1=O,isssty,1,1,-1,-1,-1,1,Internal
3197,O=C1OC(O)C(C(Br)Br)=C1Cl,isssty,1,1,-1,-1,-1,1,Internal
3198,O=C(O)C1Cc2c([nH]c3ccccc23)C(CO)N1,isssty,0,0,-1,-1,-1,-1,Train
3199,O=C(O)/C(Cl)=C(\CO)C(Cl)Cl,isssty,0,1,-1,-1,-1,1,Train
3200,O=C/C(=C(\Cl)C(=O)O)C(Cl)Cl,isssty,0,1,-1,-1,-1,1,Train
3201,O=[N+]([O-])c1ccc2c3c1ccc1cccc(c13)C1OC21,isssty,1,1,-1,-1,-1,1,Train
3202,O=[N+]([O-])c1ccc2ccc3cccc4c3c2c1C1OC41,isssty,1,1,-1,-1,-1,1,Train
3203,C=CC(O)C=C,isssty,0,1,-1,0,-1,1,Train
3204,Cn1cnc([N+](=O)[O-])c1Sc1ncnc2nc[nH]c12,isssty,0,1,-1,-1,-1,1,Train
3205,O=[N+]([O-])c1c2c(c3ccc4cccc5ccc1c3c45)CCC=C2,isssty,1,1,-1,-1,-1,1,Train
3206,COc1ccccc1[NH2+]CSC,isssty,1,1,1,-1,-1,1,External
3207,O=[N+]([O-])c1ccc(CO)c([N+](=O)[O-])c1,isssty,1,1,-1,-1,-1,1,Train
3208,Cc1ccc(N)c(O)c1,isssty,0,1,-1,-1,-1,1,Train
3209,CC1=C[C@@H]2O[C@H]3[C@H](O)[C@@H](O)[C@@](C)([C@]2(CO)[C@H](O)C1=O)[C@@]31CO1,isssty,0,0,-1,-1,-1,-1,Internal
3210,C=CCBr,isssty,0,1,-1,-1,-1,1,Train
3211,CC(=O)OC(OC(C)=O)c1ccc([N+](=O)[O-])o1,isssty,1,-1,-1,-1,-1,1,Train
3212,Nc1ccc2ccc3cc4ccccc4c4ccc1c2c34,isssty,1,-1,-1,-1,-1,1,Train
3213,O=[N+]([O-])c1ccc2ccc3cc4c(c5ccc1c2c35)C=C[C@H](O)[C@H]4O,isssty,1,-1,-1,-1,-1,1,External
3214,O=[N+]([O-])c1ccc2ccc3cc4c(c5ccc1c2c35)[C@H](O)[C@@H](O)C=C4,isssty,1,-1,-1,-1,-1,1,Train
3215,COc1cc(/N=N/c2ccccc2)ccc1/N=N/c1c(S(=O)(=O)[O-])cc2ccc(N)cc2c1O,isssty,1,1,-1,-1,-1,1,Internal
3216,CCOc1cc(/N=N/c2ccccc2)ccc1/N=N/c1c(S(=O)(=O)[O-])cc2ccc(N)cc2c1O,isssty,1,1,-1,-1,-1,1,External
3217,Nc1ccc2cc(S(=O)(=O)[O-])c(/N=N/c3ccc(/N=N/c4ccccc4)cc3OCCO)c(O)c2c1,isssty,1,1,-1,-1,-1,1,Train
3218,CCN(CC)c1ccc(/N=N/c2ccc(/N=N/c3c(S(=O)(=O)[O-])cc4ccc(N)cc4c3O)c(OC)c2)cc1,isssty,1,0,-1,-1,-1,1,Train
3219,CCN(CC)c1ccc(/N=N/c2ccc(/N=N/c3c(S(=O)(=O)[O-])cc4ccc(N)cc4c3O)c(OCCO)c2)cc1,isssty,1,0,-1,-1,-1,1,Train
3220,COc1cc(/N=N/c2ccc(N(CCO)CCO)cc2)ccc1N/N=C1\C(=O)c2cc(N)ccc2C=C1S(=O)(=O)[O-],isssty,1,0,-1,-1,-1,1,Train
3221,CCCOc1cc(/N=N/c2ccc(N(CCO)CCO)cc2)ccc1/N=N/c1c(S(=O)(=O)[O-])cc2ccc(N)cc2c1O,isssty,1,0,-1,-1,-1,1,Train
3222,CCc1c(O)c(O)c2c(c1O)=C(O)C(=O)C(=O)C=2O,isssty,1,1,-1,-1,1,1,Train
3223,O=c1ccc2c(cc3ccc4cccc5ccc2c3c45)c1=O,isssty,0,0,0,-1,-1,-1,External
3224,O=C1CCC2(O)c3c(ccc(O)c31)-c1ccc(O)c3c1C2C1OC1C3=O,isssty,1,1,-1,-1,1,1,External
3225,COC(=O)Nc1nc2ccc(C(=O)c3ccc(F)cc3)cc2[nH]1,isssty,0,0,-1,-1,-1,-1,External
3226,c1ccc(/N=N/c2ccccc2)cc1,isssty,-1,1,-1,-1,-1,1,External
3227,CCCCCC/C=C\CCCCCCOC(C)=O,isssty,0,0,0,-1,-1,-1,Train
3228,CC1CS(=O)(=O)CCN1/N=C/c1ccc([N+](=O)[O-])o1,isssty,0,1,1,-1,-1,1,Train
3229,C1=Cc2c3ccc4cccc5ccc(c6cccc1c26)c3c45,isssty,1,1,-1,0,1,1,Train
3230,C1=Cc2cc3cccc4c5ccccc5c5ccc1c2c5c34,isssty,1,1,-1,0,1,1,Train
3231,O=Cc1cccc(Cl)c1,isssty,0,0,-1,-1,-1,-1,Train
3232,O=C(Cl)c1ccccc1Cl,isssty,1,1,-1,-1,-1,1,Train
3233,O=C(Cl)c1cccc(Cl)c1,isssty,1,1,-1,-1,-1,1,External
3234,O=C(Cl)c1c(Cl)cccc1Cl,isssty,1,1,-1,-1,-1,1,Train
3235,Cc1ccccc1C(=O)Cl,isssty,1,1,-1,-1,-1,1,Train
3236,Cc1ccc(C(=O)Cl)cc1,isssty,0,1,-1,-1,-1,1,Train
3237,O=C(O)Cc1ccccc1Cl,isssty,0,0,-1,-1,-1,-1,Train
3238,O=C(O)Cc1ccc(Cl)cc1,isssty,0,0,-1,-1,-1,-1,Internal
3239,O=C(Cl)C(Cl)c1ccccc1,isssty,1,1,-1,-1,-1,1,Train
3240,O=C(Cl)c1ccc(C(=O)Cl)cc1,isssty,1,1,-1,-1,-1,1,Train
3241,O=C(Cl)CCc1ccccc1,isssty,1,1,-1,-1,-1,1,Internal
3242,[O-]c1cccc2[nH+]cccc12,isssty,1,1,-1,-1,-1,1,External
3243,Cc1ccccc1NO,isssty,0,1,-1,-1,-1,1,Train
3244,CCC1=C(c2ccc(O)cc2)C(C)c2cc(O)ccc21,isssty,0,0,-1,-1,-1,-1,External
3245,O=C1/C(=C2/Nc3ccccc3C2=O)Nc2ccccc21,isssty,1,0,-1,-1,-1,1,Train
3246,CC(=O)Nc1ccc2c(=O)c(=O)c3cccc4ccc1c2c43,isssty,1,-1,-1,-1,-1,1,Train
3247,O[C@@H]1[C@H]2O[C@H]2c2c(ccc3c2ccc2ccccc23)[C@H]1O,isssty,1,1,-1,-1,-1,1,Train
3248,CC(C)OS(C)(=O)=O,isssty,1,1,-1,1,-1,1,Train
3249,C1=Cc2c3c1cccc3cc1ccc3ccccc3c21,isssty,1,-1,-1,-1,-1,1,Train
3250,C/C=C\C=C\C,isssty,0,0,-1,0,-1,-1,External
3251,C=C/C=C/C,isssty,0,0,-1,0,-1,-1,Train
3252,C=C/C=C\C,isssty,0,0,-1,0,-1,-1,External
3253,CC1=CCC(O)(C(C)C)CC1,isssty,0,0,0,-1,-1,-1,Train
3254,COC(=O)Nc1nc2ccc(C(=O)c3ccccc3)cc2[nH]1,isssty,1,-1,-1,-1,-1,1,Train
3255,C/C=C/C=C/CCCCCCCOC(C)=O,isssty,0,0,0,-1,-1,-1,Train
3256,Clc1ccc(C(c2ccccc2Cl)C(Cl)Cl)cc1,isssty,0,0,-1,-1,-1,-1,External
3257,Cc1cc(O)c2c(c1)C(=O)c1c(c(O)cc(O)c1-c1c(O)cc(O)c3c1C(=O)c1cc(C)cc(O)c1C3=O)C2=O,isssty,0,0,-1,-1,0,-1,Train
3258,C=CC1=C(C)C(=O)N/C1=C\c1[nH]c(Cc2[nH]c(/C=C3\NC(=O)C(C)=C3C=C)c(C)c2CCC(=O)NCCS(=O)(=O)O)c(CCC(=O)NCCS(=O)(=O)O)c1C,isssty,0,0,0,-1,-1,-1,Train
3259,C=CC1=C(C)/C(=C/c2[nH]c(Cc3[nH]c(/C=C4\NC(=O)C(C)=C4C=C)c(C)c3CCC(=O)O)c(CCC(=O)O)c2C)NC1=O,isssty,0,0,0,-1,-1,-1,Train
3260,COc1cc(COC(=O)CCCCCCC(C)C)ccc1O,isssty,0,0,-1,0,0,-1,External
3261,CC(C)N(N)C(C)C,isssty,-1,0,0,1,-1,1,Train
3262,O=C1c2ccccc2-c2cc([N+](=O)[O-])cc3cccc1c23,isssty,1,-1,-1,-1,-1,1,External
3263,O=c1[nH]c(=O)n(C2CC(O)C(CO)O2)cc1C(F)(F)F,isssty,0,1,-1,-1,0,1,Train
3264,O=[N+]([O-])c1ccc2c(c1)Cc1cccc([N+](=O)[O-])c1-2,isssty,1,1,-1,-1,-1,1,Train
3265,OCC(O)CI,isssty,0,1,-1,-1,-1,1,Train
3266,O=c1[nH][nH]c(=O)c2cc([N+](=O)[O-])ccc12,isssty,1,1,-1,-1,-1,1,Train
3267,Clc1cc(Cl)c2c(c1Cl)C1=NC2/N=C2/c3c(Cl)c(Cl)c(Cl)c(Cl)c3C3/N=C4\N=C(/N=c5/c6c(Cl)c(Cl)c(Cl)c(Cl)c6/c([n]5[Cu][N]23)=N/1)c1c(Cl)c(Cl)c(Cl)c(Cl)c14,isssty,1,0,-1,-1,-1,1,Train
3268,Nc1ccn([C@@H]2CC[C@H](CO)O2)c(=O)n1,isssty,0,0,-1,-1,-1,-1,External
3269,CCN(CC)c1ccc2nc3ccc(=[N+](CC)CC)cc-3oc2c1,isssty,1,0,-1,-1,-1,1,Train
3270,ClC/C=C/CCl,isssty,1,1,-1,-1,-1,1,Train
3271,Nc1c(Oc2ccccc2)cc(O)c2c1C(=O)c1ccccc1C2=O,isssty,1,0,-1,-1,-1,1,Train
3272,CNC(=O)NC,isssty,0,0,-1,-1,-1,-1,External
3273,CC(=O)O[C@H]1[C@H](O)C2OC3C=C(C)C(=O)[C@H](O)C3(CO)C1(C)C21CO1,isssty,0,0,-1,-1,-1,-1,External
3274,O=c1[cH-]c(=O)c1=O,isssty,0,0,-1,-1,-1,-1,Train
3275,c1ccc(OCC2CO2)cc1,isssty,-1,1,-1,1,-1,1,Train
3276,O=c1ccc2cc3ccoc3cc2o1,isssty,0,0,-1,-1,-1,-1,Train
3277,OC[C@@H]1O[C@H](n2cnc3c(NO)ncnc32)[C@@H](O)[C@H]1O,isssty,1,1,0,-1,-1,1,Train
3278,CCCCCCOCC1CO1,isssty,-1,1,-1,1,-1,1,Train
3279,O=CCC=O,isssty,-1,-1,1,-1,-1,1,External
3280,Cc1ccc(OCC2CO2)cc1,isssty,-1,1,-1,1,-1,1,Internal
3281,CC(=O)OCN(C)N=O,isssty,-1,1,-1,1,-1,1,External
3282,CNc1ccc(/N=N/c2ccccc2)cc1,isssty,1,1,-1,-1,-1,1,External
3283,COc1cc(C=O)ccc1O,isssty,0,0,-1,0,-1,-1,Train
3284,Cc1cc(O)c2c(c1)C(=O)c1cc(O)c(O)c(O)c1C2=O,isssty,0,0,-1,0,1,1,Train
3285,C1=CC2OC2C=CO1,isssty,0,0,-1,-1,-1,-1,Train
3286,O[C@H]1[C@H]2O[C@H]2c2c(cc3ccc4cccc5ccc2c3c45)[C@@H]1O,isssty,1,1,-1,-1,-1,1,Train
3287,c1ccc2c(c1)ccc1ncccc12,isssty,1,1,-1,-1,-1,1,Internal
3288,Cc1c([N+](=O)[O-])cc([N+](=O)[O-])c(N)c1[N+](=O)[O-],isssty,1,1,-1,1,1,1,Train
3289,O=[N+]([O-])c1cc([N+](=O)[O-])c2c([N+](=O)[O-])cc([N+](=O)[O-])cc2c1,isssty,1,1,-1,1,1,1,Train
3290,COc1c([N+](=O)[O-])cc([N+](=O)[O-])cc1[N+](=O)[O-],isssty,1,1,-1,0,1,1,Train
3291,O=[N+]([O-])c1cc([N+](=O)[O-])c(Nc2c([N+](=O)[O-])cc([N+](=O)[O-])cc2[N+](=O)[O-])c([N+](=O)[O-])c1,isssty,1,1,-1,0,1,1,Train
3292,CCOC(=O)N(CCCC(=O)c1cccnc1)N=O,isssty,-1,1,-1,-1,-1,1,External
3293,CC(=O)N(O)c1ccc(Oc2ccc(Cl)cc2)cc1,isssty,-1,1,-1,-1,-1,1,Train
3294,Cc1c(C)c2c(N)c3ccccc3nc2c2ccccc12,isssty,1,-1,-1,-1,-1,1,Train
3295,COc1cc(O)c2c(=O)c3c(O)ccc(O)c3oc2c1,isssty,0,0,-1,-1,-1,-1,External
3296,COc1cc(OC)c2c(=O)c3c(O)ccc(OC)c3oc2c1,isssty,0,0,-1,-1,-1,-1,Train
3297,CC(=O)OC1C(=O)OC2C(OC(C)=O)C(=O)OC12,isssty,0,0,-1,-1,0,-1,Train
3298,COC1(O[C@@H]2CC[C@H]3[C@@H]4CC[C@H]5CC6S[C@H]6C[C@]5(C)[C@H]4CC[C@]23C)CCCC1,isssty,0,0,-1,-1,0,-1,Internal
3299,O=c1[nH]c(=O)n(C2CC(O)C(CO)O2)cc1Br,isssty,0,0,-1,-1,0,-1,Train
3300,O=[N+]([O-])c1ccc(-c2ccc([N+](=O)[O-])cc2)cc1,isssty,1,-1,-1,-1,-1,1,Train
3301,CN(C)c1ccc2nc3ccc(N(C)C)cc3[s+]c2c1,isssty,1,1,-1,-1,-1,1,External
3302,COc1cc2c(c3oc(=O)c4c(c13)CCOC4=O)C1C=COC1O2,isssty,1,1,-1,-1,-1,1,External
3303,Fc1cccc2ncccc12,isssty,-1,1,-1,-1,-1,1,Train
3304,Fc1cccc2cccnc12,isssty,-1,1,-1,-1,-1,1,Train
3305,CS(=O)(=O)OCCCCOS(C)(=O)=O,isssty,0,1,-1,-1,0,1,External
3306,O[C@@H]1[C@H]2O[C@H]2c2c(ccc3ccccc23)[C@H]1O,isssty,1,1,-1,-1,-1,1,Train
3307,O[C@H]1[C@H]2O[C@H]2c2c(ccc3ccccc23)[C@@H]1O,isssty,1,1,-1,-1,-1,1,Train
3308,COC(=O)c1cc2c(c3c1c([N+](=O)[O-])cc1c(OC)cccc13)OCO2,isssty,1,1,0,-1,1,1,Train
3309,COC(=O)c1cc2c(c3c1ccc1c(OC)cccc13)OCO2,isssty,1,1,1,-1,1,1,Train
3310,CCN(Cc1cccc(S(=O)(=O)[O-])c1)c1ccc(C(=C2C=CC(=[N+](CC)Cc3cccc(S(=O)(=O)[O-])c3)C=C2)c2ccccc2S(=O)(=O)[O-])cc1,isssty,1,1,-1,-1,-1,1,Train
3311,Nc1cccc2ncccc12,isssty,1,1,-1,-1,-1,1,Train
3312,Nc1cccc2cccnc12,isssty,1,1,-1,-1,-1,1,Train
3313,CC[N+](=O)[O-],isssty,0,0,-1,-1,-1,-1,Train
3314,COc1cccc2c1C(=O)c1c(O)c3c(c(O)c1C2=O)C[C@@](O)(C(C)=O)C[C@@H]3O[C@H]1C[C@H](N)[C@H](O)[C@H](C)O1,isssty,1,1,1,-1,-1,1,Train
3315,O=[N+]([O-])c1cc2ccc3cccc4ccc(c1O)c2c34,isssty,1,1,-1,-1,-1,1,Train
3316,COC(=O)Nc1nc2ccc(/C(=N/O)c3ccc(F)cc3)cc2[nH]1,isssty,1,0,-1,-1,-1,1,Train
3317,CCCOc1cc(/N=N/c2ccc(N(CC)CC)cc2)ccc1N/N=C1\C(=O)c2cc(N)ccc2C=C1S(=O)(=O)[O-],isssty,1,0,-1,-1,-1,1,Train
3318,c1ccc2cc3c4ccccc4c4ccccc4c3cc2c1,isssty,1,1,-1,-1,1,1,Train
3319,O=Nc1ccc2ccccc2c1,isssty,1,1,-1,-1,-1,1,Train
3320,O=[N+]([O-])c1cc2cccc([N+](=O)[O-])c2cc1[N+](=O)[O-],isssty,1,1,-1,1,1,1,Train
3321,O=C/C(Cl)=C(/Cl)C(=O)O,isssty,-1,1,-1,1,-1,1,Train
3322,[N-]=[N+]=NCC(N)C(=O)O,isssty,-1,1,-1,1,-1,1,Train
3323,CC1(C)CC([NH3+])CC(C)(C)N1O,isssty,1,1,0,-1,-1,1,Internal
3324,O=[N+]([O-])c1cc2ccc3cc([N+](=O)[O-])cc4ccc(c1)c2c34,isssty,1,-1,-1,-1,-1,1,Train
3325,Nc1c2ccccc2cc2ccccc12,isssty,1,1,-1,0,1,1,External
3326,C1=C2CCCC(=C[C@@H]3OC13)O2,isssty,0,0,-1,-1,-1,-1,Train
3327,COc1ccc(OC)c(N/N=C2\C(=O)C=Cc3ccccc32)c1,isssty,1,1,-1,-1,-1,1,Train
3328,Cc1cnc2cc3nc(N)n(C)c3c(C)c2n1,isssty,1,-1,-1,-1,-1,1,External
3329,Cc1cnc2cc(CO)c3c(nc(N)n3C)c2n1,isssty,1,1,-1,-1,-1,1,Train
3330,O=Nn1cc(CCO)c2ccccc21,isssty,1,1,-1,1,1,1,Train
3331,CCNNCC,isssty,-1,1,-1,-1,-1,1,External
3332,CCNN,isssty,-1,1,1,-1,-1,1,Train
3333,CCCCNN,isssty,-1,1,1,-1,-1,1,Train
3334,S=C1SSC2=NCCN12,isssty,0,0,-1,-1,-1,-1,Train
3335,CCCCN(N)CCCC,isssty,-1,1,-1,-1,-1,1,Train
3336,c1ccc2c(c1)-c1ccccc1[C@@H]1O[C@H]21,isssty,1,1,-1,-1,-1,1,Train
3337,c1ccc2c(c1)cc1c3c2ccc2cccc(c23)C2NC12,isssty,1,1,-1,-1,-1,1,Train
3338,CSCCl,isssty,0,1,1,-1,-1,1,Train
3339,O=C1C=Cc2c(ccc3ccccc23)C1=O,isssty,0,0,0,-1,-1,-1,External
3340,O[C@@H]1C=Cc2ccc3c(ccc4ccccc43)c2[C@H]1O,isssty,1,1,-1,-1,-1,1,Train
3341,Oc1ccc2ccc3c4c(ccc3c2c1)[C@@H](O)[C@H](O)C=C4,isssty,1,1,-1,-1,-1,1,Train
3342,O=c1c2c(O)cc(O)cc2oc2c(O)ccc(O)c12,isssty,0,0,-1,-1,-1,-1,Train
3343,COc1cc2c(cc1OC)CN(N=O)CC2,isssty,1,1,-1,1,1,1,Train
3344,CC(=O)c1c(O)cc(O)c2c1C(=O)c1cc(O)cc(O)c1C2=O,isssty,0,0,-1,-1,0,-1,Internal
3345,C=CCl,isssty,1,1,-1,1,-1,1,Internal
3346,ClCc1cccnc1,isssty,0,1,0,-1,-1,1,External
3347,O=C1OC(O)C(C(Cl)Br)=C1Cl,isssty,1,1,-1,-1,-1,1,Train
3348,COc1cc(OC)c2c(=O)c3cc(OC)ccc3oc2c1,isssty,0,1,-1,-1,-1,1,Train
3349,[N-]=[N+]=Nc1ccc(F)c([N+](=O)[O-])c1,isssty,1,1,-1,1,1,1,External
3350,CCN(CC)CCOc1ccc(C(=C(Cl)c2ccccc2)c2ccccc2)cc1,isssty,1,-1,-1,-1,-1,1,Train
3351,COc1ccc(N=O)cc1,isssty,1,1,-1,-1,-1,1,Train
3352,CCOc1cc(/N=N/c2ccc(N(CCO)CCO)cc2)ccc1/N=N/c1c(S(=O)(=O)[O-])cc2ccc(N)cc2c1O,isssty,1,0,-1,-1,-1,1,External
3353,Cc1cc2ccccc2c2ccc3c(c12)C=CC(=O)C3=O,isssty,0,1,0,-1,-1,1,Train
3354,Cc1c2ccccc2cc2ccc3c(c12)C=CC(=O)C3=O,isssty,1,0,0,-1,-1,1,Train
3355,Cc1c2ccccc2cc2c3c(ccc12)C(=O)C(=O)C=C3,isssty,0,0,0,-1,-1,-1,Train
3356,N1=NC2[C@@H]3O[C@@H]3C1[C@@H]1O[C@@H]21,isssty,0,0,-1,-1,-1,-1,Train
3357,O=CC1C=COC=C1,isssty,0,0,-1,-1,-1,-1,External
3358,CCN(N=O)/C(N)=N\[N+](=O)[O-],isssty,-1,1,-1,1,1,1,Train
3359,O[C@@H]1c2ccccc2-c2ccc3ccccc3c2[C@H]1O,isssty,0,0,-1,-1,-1,-1,Train
3360,COc1cccc2c1C(=O)c1c(O)c3c(c(O)c1C2=O)C[C@@](O)(/C(C)=N/NC(=O)c1ccccc1)C[C@@H]3OC1CC(N)C(O)C(C)O1,isssty,1,0,-1,-1,-1,1,External
3361,COc1cccc2c1C(=O)c1c(O)c3c(c(O)c1C2=O)C[C@@](O)(C(=O)CO)C[C@H]3O[C@H]1C[C@@H](N)[C@H](O)[C@@H](C)O1,isssty,1,0,-1,-1,-1,1,Train
3362,CC[C@@]1(O)C[C@@H](OC2CC(N(C)C)C(OC3CC(O)C(OC4CC(O)C(O)C(C)O4)C(C)O3)C(C)O2)c2c(cc3c(c2O)C(=O)c2c(O)ccc(O)c2C3=O)[C@@H]1C(=O)OC,isssty,0,-1,1,-1,-1,1,Train
3363,COC1=C(OC)C(=O)/C(=C2/C(C)=C(C(=O)O)NC(c3ccc4c(n3)C(=O)C(N)=C(OC)C4=O)=C2N)C=C1,isssty,-1,-1,1,-1,-1,1,Train
3364,Nc1cc([N+](=O)[O-])c(C(=O)O)c([N+](=O)[O-])c1,isssty,1,1,-1,-1,-1,1,Train
3365,c1cnc2c(c1)ccc1c2ccc2cccnc21,isssty,-1,1,-1,-1,-1,1,External
3366,O=C(O)c1c([N+](=O)[O-])cc([N+](=O)[O-])cc1[N+](=O)[O-],isssty,1,1,-1,-1,-1,1,Internal
3367,Nc1cc([N+](=O)[O-])cc([N+](=O)[O-])c1C(=O)O,isssty,1,0,-1,-1,-1,1,Train
3368,Nc1cc([N+](=O)[O-])cc([N+](=O)[O-])c1CO,isssty,1,1,-1,-1,-1,1,External
3369,Nc1cc([N+](=O)[O-])c(CO)c([N+](=O)[O-])c1,isssty,1,1,-1,-1,-1,1,Train
3370,CC1(C)CC(O)CC(C)(C)N1O,isssty,-1,1,0,-1,-1,1,Train
3371,N#Cc1cccc([N+](=O)[O-])c1,isssty,1,1,-1,0,0,1,Train
3372,CCOc1ccccc1[N+](=O)[O-],isssty,0,1,-1,1,0,1,External
3373,O=C(O)Cc1ccccc1[N+](=O)[O-],isssty,0,1,-1,1,0,1,Internal
3374,O=C(O)Cc1ccc([N+](=O)[O-])cc1,isssty,1,1,-1,0,0,1,External
3375,ClC(Cl)=C(Cl)C(Cl)=C(Cl)Cl,isssty,-1,1,-1,-1,-1,1,External
3376,O=Nc1c(-c2ccc(Cl)cc2)nc2sccn12,isssty,0,0,-1,0,1,1,Train
3377,O=Nc1c(-c2ccc([N+](=O)[O-])cc2)nc2sccn12,isssty,1,1,-1,1,1,1,Train
3378,Cc1cn2c(N=O)c(-c3ccc([N+](=O)[O-])cc3)nc2s1,isssty,1,1,-1,0,0,1,Train
3379,O=[N+]([O-])c1c(-c2ccc(Cl)cc2)nc2sccn12,isssty,1,0,-1,0,1,1,Train
3380,O=[N+]([O-])c1ccc(-c2nc3sccn3c2[N+](=O)[O-])cc1,isssty,1,1,-1,0,1,1,Train
3381,Cc1cn2c([N+](=O)[O-])c(-c3ccc([N+](=O)[O-])cc3)nc2s1,isssty,1,1,-1,1,1,1,External
3382,Cc1ccc(-c2nc3n(c2[N+](=O)[O-])CCS3)cc1,isssty,0,1,-1,0,0,1,Internal
3383,O=[N+]([O-])c1c(-c2ccc(Cl)cc2)nc2n1CCS2,isssty,0,1,-1,0,1,1,Train
3384,O=[N+]([O-])c1ccc(-c2nc3n(c2[N+](=O)[O-])CCS3)cc1,isssty,1,1,-1,0,0,1,Internal
3385,CC(=O)ON(C(C)=O)c1ccc2c(c1)Cc1ccccc1-2,isssty,1,-1,-1,-1,-1,1,Train
3386,CCC(=O)OCc1ccc([N+](=O)[O-])cc1,isssty,0,1,-1,-1,-1,1,External
3387,Clc1cccc2oc3ccccc3c12,isssty,0,0,-1,-1,-1,-1,Train
3388,O=[N+]([O-])c1ccc(CBr)cc1,isssty,0,1,-1,-1,-1,1,Train
3389,Cc1c(/C=N/OCc2ccccc2)c2cc([N+](=O)[O-])ccc2n1Cc1cccc([N+](=O)[O-])c1,isssty,1,0,-1,-1,-1,1,Train
3390,Clc1ccc2oc3ccccc3c2c1,isssty,1,0,-1,-1,-1,1,Internal
3391,Cc1c(/C=N/OCc2ccc(Cl)cc2Cl)c2cc([N+](=O)[O-])ccc2n1Cc1ccc(Cl)cc1,isssty,0,0,-1,-1,-1,-1,External
3392,Clc1cccc2c1oc1ccccc12,isssty,0,0,-1,-1,-1,-1,Train
3393,CCCCc1c(N)ccc2ccccc12,isssty,1,1,-1,-1,-1,1,Train
3394,c1ccc2nc3c(cc2c1)-c1cccc2cccc-3c12,isssty,0,0,-1,-1,-1,-1,Train
3395,C=C(C)C1CCC(=C)C2C3=C(C[C@H](C)C3=O)C(=O)C(C)=C[C@@H]12,isssty,0,0,-1,-1,-1,-1,External
3396,O=C1Nc2cc3ccccc3c3c4c(cc1c23)OCO4,isssty,-1,1,-1,-1,1,1,Internal
3397,C=C(C)C1CCC(=C)C2C3=C(C[C@@H](C)C3=O)C(=O)C(C)=C[C@@H]12,isssty,0,0,-1,-1,-1,-1,Internal
3398,O=C(O)c1cc2c(c3c1c([N+](=O)[O-])cc1c(O)cccc13)OCO2,isssty,-1,1,-1,-1,1,1,External
3399,C=C(C)C1CCC(=C)C2C3=C(C[C@](C)(O)C3=O)C(=O)C(C)=C[C@@H]12,isssty,0,0,-1,-1,-1,-1,Train
3400,C=C(C)C1CCC(=C)C2C3=C(C[C@@](C)(O)C3=O)C(=O)C(C)=C[C@@H]12,isssty,0,0,-1,-1,-1,-1,Train
3401,C=CCc1ccccc1N.[Pd+2],isssty,0,1,-1,-1,-1,1,Train
3402,CCC(C)=[N+]([O-])[O-],isssty,-1,1,1,-1,-1,1,Internal
3403,CC[C-](CC)[N+](=O)[O-],isssty,-1,1,1,-1,-1,1,Train
3404,O=[N+]([O-])[C-]1CCCC1,isssty,-1,1,1,-1,-1,1,Train
3405,Cc1ccc(N/N=N/Cc2ccccc2)cc1,isssty,1,1,-1,-1,-1,1,Train
3406,ClCc1c2ccccc2cc2ccccc12,isssty,1,1,-1,-1,-1,1,Train
3407,C/C=C(/Br)C1=CC(=O)C23CC2C(C)(C)OC3(O)C1=O,isssty,0,1,0,-1,-1,1,Train
3408,NP(=O)(O)N(CCCl)CCCl,isssty,-1,-1,-1,1,-1,1,Train
3409,O=C1CCOP(=O)(N(CCCl)CCCl)N1,isssty,-1,-1,-1,1,-1,1,Internal
3410,O=CN(O)c1ccc(Cl)cc1,isssty,1,1,-1,-1,-1,1,Train
3411,CC(=O)N(O)c1ccc(Cl)cc1,isssty,0,0,-1,-1,-1,-1,Train
3412,O=C(CO)N(O)c1ccc(Cl)cc1,isssty,0,0,-1,-1,-1,-1,Train
3413,CC(C)C(=O)N(O)c1ccc(Cl)cc1,isssty,1,0,-1,-1,-1,1,Train
3414,O=C(O)CCC(=O)N(O)c1ccc(Cl)cc1,isssty,1,1,-1,-1,-1,1,Internal
3415,O=C(O)Nc1ccccc1,isssty,0,0,-1,-1,-1,-1,Internal
3416,O=CN(O)c1ccc(Br)cc1,isssty,1,1,-1,-1,-1,1,External
3417,O=CN(O)c1cccc(Cl)c1,isssty,0,0,-1,-1,-1,-1,External
3418,Cc1ccc(N(O)C=O)cc1,isssty,1,1,-1,-1,-1,1,Internal
3419,CCOC(=O)c1ccc(N(O)C=O)cc1,isssty,0,0,-1,-1,-1,-1,Train
3420,CC(=O)N(O)c1ccccc1,isssty,0,0,-1,-1,-1,-1,External
3421,Nc1ccc(-c2ccc(Cl)cc2)cc1,isssty,1,1,-1,-1,-1,1,Internal
3422,Nc1ccc(-c2ccc([N+](=O)[O-])cc2)cc1,isssty,1,0,-1,-1,-1,1,External
3423,Nc1ccc(CCc2ccccc2)cc1,isssty,1,1,-1,-1,-1,1,Train
3424,Cc1ccccc1-c1ccc(N)cc1,isssty,1,1,-1,-1,-1,1,Train
3425,CC(O)C(=O)O.CCOc1ccc2nc3cc(N)ccc3c(N)c2c1,isssty,1,1,-1,-1,-1,1,Internal
3426,COC(=O)c1oc(NOC(C)=O)c(-c2ccccc2)c1-c1ccccc1,isssty,0,0,-1,-1,-1,-1,Train
3427,COC(=O)c1oc(NO)c(-c2ccccc2)c1-c1ccccc1,isssty,0,0,-1,-1,-1,-1,Internal
3428,COC(=O)c1oc(N(O)C(C)=O)c(-c2ccccc2)c1-c1ccccc1,isssty,0,0,-1,-1,-1,-1,External
3429,COC(=O)c1oc(N(OC(C)=O)C(C)=O)c(-c2ccccc2)c1-c1ccccc1,isssty,0,0,-1,-1,-1,-1,Internal
3430,Nc1ccc([N+](=O)[O-])cc1Cl,isssty,1,0,-1,-1,-1,1,Train
3431,BrCc1ccc2cccc3c2c1-c1ccccc1-3,isssty,1,1,-1,-1,-1,1,External
3432,ClC/C=C\CCl,isssty,1,1,-1,-1,-1,1,Train
3433,BrCc1cc2c3c(cccc3c1)-c1ccccc1-2,isssty,1,1,-1,-1,-1,1,External
3434,BrCc1ccc2c3c(cccc13)-c1ccccc1-2,isssty,1,1,-1,-1,-1,1,Train
3435,O=C([O-])C1=NN(c2ccc(S(=O)(=O)[O-])cc2)C(=O)C1/N=N/c1ccc(S(=O)(=O)[O-])cc1,isssty,0,0,-1,-1,-1,-1,Train
3436,BrCc1cccc2c1-c1cccc3cccc-2c13,isssty,1,1,-1,-1,-1,1,Train
3437,N#[C][Pt-2]([C]#N)([C]#N)[C]#N,isssty,0,0,-1,-1,-1,-1,External
3438,BrCc1ccc2c(c1)-c1cccc3cccc-2c13,isssty,1,1,-1,-1,-1,1,Internal
3439,[Cl][Pt-2]([Cl])([Cl])([Cl])([Cl])[Cl].[H+].[H+],isssty,1,0,-1,-1,-1,1,Train
3440,O=[N+]([O-])c1ccc2c(c1)Oc1cc(Cl)c(Cl)cc1O2,isssty,1,1,-1,-1,-1,1,Internal
3441,O=[N+]([O-])c1cc2c(cc1Cl)Oc1cc(Cl)c(Cl)cc1O2,isssty,1,1,-1,-1,-1,1,External
3442,O=[N+]([O-])c1cc([N+](=O)[O-])c2[nH]c3cnc([N+](=O)[O-])cc3c2c1,isssty,1,-1,-1,-1,-1,1,Train
3443,O=[N+]([O-])c1c(Cl)cc2c(c1Cl)Oc1cc(Cl)c(Cl)cc1O2,isssty,0,0,-1,-1,-1,-1,Train
3444,O=[N+]([O-])c1c(Cl)c(Cl)c2c(c1Cl)Oc1cc(Cl)c(Cl)cc1O2,isssty,1,1,-1,-1,-1,1,Train
3445,O=C(O)C(Cl)=C(C(Cl)Cl)C(Cl)Cl,isssty,1,1,-1,-1,-1,1,External
3446,[Be]=[O],isssty,0,0,-1,-1,-1,-1,Train
3447,c1cc2ccc3nc4ccccc4c4ccc(c1)c2c34,isssty,1,1,-1,-1,-1,1,External
3448,[O-][n+]1c2ccccc2c2ccc3cccc4ccc1c2c34,isssty,1,1,-1,-1,-1,1,Train
3449,CC1(C(N)=O)CO1,isssty,-1,1,-1,-1,-1,1,Train
3450,C=CCc1cccc[c]1[Pt][c]1ccccc1CC=C,isssty,1,0,-1,-1,-1,1,Train
3451,Nc1cc([N+](=O)[O-])ccc1CO,isssty,1,1,-1,-1,-1,1,Train
3452,Nc1ccc(CO)c([N+](=O)[O-])c1,isssty,1,1,-1,-1,-1,1,Internal
3453,Cn1cnc2c3cccnc3ccc21,isssty,1,1,-1,-1,-1,1,External
3454,Cc1cnc2ccc3c(ncn3C)c2n1,isssty,0,0,-1,-1,-1,-1,External
3455,Cc1cc2c(C(C)C)c(O)c(O)c(C=O)c2c(O)c1-c1c(C)cc2c(C(C)C)c(O)c(O)c(C=O)c2c1O,isssty,0,0,-1,-1,-1,-1,Train
3456,CNc1ccc2ncccc2c1N,isssty,0,0,-1,-1,-1,-1,Train
3457,CNc1c(C)cc2ncccc2c1N,isssty,0,0,-1,-1,-1,-1,Train
3458,CNc1ccc2ncc(C)nc2c1N,isssty,0,0,-1,-1,-1,-1,External
3459,CC(C)CCCC(C)C1CCC2C3CC=C4CC(OCCO)CCC4(C)C3CCC12C,isssty,0,0,-1,-1,-1,-1,Train
3460,Nc1nc(-c2cccc([N+](=O)[O-])c2)nc2c1ncn2[C@H]1O[C@@H](CO)[C@H](O)[C@@H]1O,isssty,0,1,-1,-1,-1,1,Internal
3461,Oc1ccc(ON2P(Oc3ccc(O)cc3)N=P(Oc3ccc(O)cc3)(Oc3ccc(O)cc3)N(Oc3ccc(O)cc3)P2Oc2ccc(O)cc2)cc1,isssty,0,0,-1,-1,-1,-1,Internal
3462,COc1ccc(CC2CO2)cc1,isssty,-1,1,-1,1,-1,1,Train
3463,CC(=O)OCCCCONC(=O)c1ccccc1,isssty,1,1,-1,-1,-1,1,External
3464,COC(=O)c1cc(Cc2ccc(N)c(C(=O)OC)c2)ccc1N,isssty,1,1,-1,-1,-1,1,Train
3465,CC(=O)ON(OCc1ccccc1)C(=O)c1ccccc1,isssty,1,1,-1,-1,-1,1,Train
3466,CC(=O)c1cc(Cc2ccc(N)c(C(C)=O)c2)ccc1N,isssty,1,1,-1,-1,-1,1,Internal
3467,CC(C)OC(=O)c1cc(Cc2ccc(N)c(C(=O)OC(C)C)c2)ccc1N,isssty,0,0,-1,-1,-1,-1,External
3468,CCSc1cc(Cc2ccc(N)c(SCC)c2)ccc1N,isssty,1,1,-1,-1,-1,1,Train
3469,COc1cc(OC)c2c(c1)O[C@@H]1OC=C[C@H]21,isssty,1,1,-1,-1,-1,1,Internal
3470,C1=CC2OC2c2ccc3c4c5c(cccc5cc3c21)C=C4,isssty,1,-1,-1,-1,-1,1,Internal
3471,Cc1c([N-][N+](=O)c2cccc([N+](=O)[O-])c2C)cccc1[N+](=O)[O-],isssty,0,0,-1,-1,-1,-1,Train
3472,Cc1c(N)cccc1/N=N/c1cccc(N)c1C,isssty,1,1,-1,-1,-1,1,External
3473,Cc1ccc2cc3ccccc3c(C)c2c1,isssty,1,1,-1,-1,-1,1,External
3474,Cc1c2ccccc2c(C)c2ccccc12,isssty,1,1,-1,-1,-1,1,Train
3475,Cc1ccc2c(C)c3ccccc3c(C)c2c1,isssty,1,1,-1,-1,-1,1,External
3476,Cc1cc2c(C)c3ccccc3c(C)c2cc1C,isssty,1,1,-1,-1,-1,1,Train
3477,O=C1C=CC(=O)c2c(O)cccc21,isssty,0,1,-1,-1,-1,1,External
3478,Nc1ccc2c(n1)[nH]c1ccccc12,isssty,1,1,-1,-1,-1,1,Train
3479,CCCOC(=O)c1cc(Cc2ccc(N)c(C(=O)OCCC)c2)ccc1N,isssty,0,0,-1,-1,-1,-1,Train
3480,CS(=O)(=O)OCCC[NH2+]CCCOS(C)(=O)=O,isssty,0,0,0,-1,1,1,Train
3481,Cc1cc(Cc2ccc(N)c(C)c2)ccc1N,isssty,0,0,-1,-1,-1,-1,Train
3482,O=C(CCBr)N1CCN(C(=O)CCBr)CC1,isssty,0,1,0,-1,0,1,Internal
3483,O=c1c2c(O)cc(O)cc2oc2c(O)ccc(O[C@H]3O[C@H](CO)[C@H](O)[C@@H](O)[C@@H]3O)c12,isssty,0,1,-1,-1,-1,1,Train
3484,COc1cc(O)c2c(=O)c3c(O[C@@H]4O[C@@H](CO)[C@@H](O)[C@H](O)[C@@H]4O)ccc(O)c3oc2c1,isssty,0,1,-1,-1,-1,1,Train
3485,OC[C@@H]1O[C@H](n2cnc3c(=S)nc[nH]c32)[C@@H](O)[C@H]1O,isssty,0,1,0,-1,0,1,Train
3486,CCN(CC)CCCN,isssty,0,0,-1,-1,-1,-1,External
3487,O=C(N/N=C/c1ccc([N+](=O)[O-])o1)c1ccc(O)cc1,isssty,-1,1,-1,-1,-1,1,External
3488,Cc1ccc(N)c([N+](=O)[O-])c1,isssty,0,0,-1,-1,-1,-1,Train
3489,C[C@H](CCC(=O)O)[C@H]1CC[C@H]2[C@@H]3[C@H](O)C[C@@H]4C[C@@H](O)CC[C@]4(C)[C@H]3CC[C@]12C,isssty,1,0,-1,-1,-1,1,Train
3490,O=C1NCCCN1/N=C/c1ccc([N+](=O)[O-])o1,isssty,1,1,-1,-1,-1,1,External
3491,O=[N+]([O-])c1c2c(cc3ccccc13)C=C[C@@H](O)[C@@H]2O,isssty,0,0,-1,-1,-1,-1,Train
3492,O=[N+]([O-])c1c2c(cc3ccccc13)[C@@H](O)[C@H](O)C=C2,isssty,1,0,-1,-1,-1,1,Train
3493,C[C@@H]1C[C@@]2(C)[C@@H](CC[C@@H]3[C@@H]2CC[C@]2(C)[C@H](O)CC[C@@H]32)CC1=O,isssty,0,0,-1,-1,-1,-1,Train
3494,CS(=O)(=O)OCC(O)C(O)COS(C)(=O)=O,isssty,-1,1,-1,1,-1,1,Internal
3495,Nc1ccc(Oc2ccc(N)c(N)c2)cc1,isssty,1,1,-1,-1,-1,1,Train
3496,Clc1cc2ccccc2c2ccccc12,isssty,1,0,-1,-1,-1,1,External
3497,Clc1cccc2cc3ccccc3cc12,isssty,0,0,-1,-1,-1,-1,External
3498,Clc1ccc2cc3ccccc3cc2c1,isssty,1,0,-1,-1,-1,1,Train
3499,O=P1(N(CCCl)CCCl)NC(O)CCO1,isssty,-1,-1,-1,1,-1,1,Train
3500,C1CCNC1,isssty,0,0,-1,-1,-1,-1,Train
3501,OCCN1CCNCC1,isssty,0,0,-1,-1,-1,-1,Train
3502,CN1CCOCC1,isssty,0,0,-1,-1,-1,-1,Train
3503,C/C=C/C1=CC(=O)[C@]23C[C@@H]2C(C)(C)O[C@]3(O)C1=O,isssty,0,1,1,-1,-1,1,Train
3504,Cc1c2ccccc2c(CBr)c2ccc3ccccc3c12,isssty,1,1,-1,-1,-1,1,Train
3505,CN(C)Cc1ccccc1,isssty,0,0,-1,-1,-1,-1,Train
3506,COP(=S)(OC)Oc1ccc(N=O)c(C)c1,isssty,1,1,-1,-1,-1,1,Train
3507,COP(=S)(OC)Oc1ccc(N)c(C)c1,isssty,0,1,-1,-1,-1,1,Internal
3508,O=CN(O)c1ccc(F)cc1,isssty,1,1,-1,-1,-1,1,Train
3509,COc1ccc2c3c(cccc13)C(=O)N(C)C2=O,isssty,0,0,-1,-1,-1,-1,Train
3510,N#CCCC(=O)/C=C/c1ccc(C(=O)O)cc1,isssty,0,0,-1,-1,-1,-1,Train
3511,CC(=O)N(O)c1ccc(Br)cc1,isssty,0,0,-1,-1,-1,-1,Train
3512,Cc1cc([N+](=O)[O-])ccc1[N+](=O)[O-],isssty,1,-1,-1,-1,-1,1,External
3513,COP(=S)(NC(C)C)Oc1ccccc1C(=O)OC(C)C,isssty,0,0,-1,-1,-1,-1,Train
3514,ClC(Cl)=C(Cl)c1cccc(Cl)c1Cl,isssty,0,0,-1,-1,-1,-1,Train
3515,ClC(Cl)=C(Cl)c1ccc(Cl)c(Cl)c1Cl,isssty,0,0,-1,-1,-1,-1,External
3516,Cl/C=C(/Cl)c1c(Cl)c(Cl)c(Cl)c(Cl)c1Cl,isssty,0,0,-1,-1,-1,-1,Train
3517,Cc1ccc(NCCCl)cc1,isssty,1,1,-1,-1,-1,1,Train
3518,Cl/C=C(\Cl)c1c(Cl)c(Cl)c(Cl)c(Cl)c1Cl,isssty,0,0,-1,-1,-1,-1,External
3519,ClC(Cl)=Cc1c(Cl)c(Cl)c(Cl)c(Cl)c1Cl,isssty,0,0,-1,-1,-1,-1,Internal
3520,ClC(Cl)=C(Cl)c1c(Cl)c(Cl)c(Cl)c(Cl)c1Cl,isssty,0,0,-1,-1,-1,-1,Train
3521,CC(=O)Nc1ccc(Oc2ccc(N)cc2)cc1,isssty,1,1,-1,-1,-1,1,Train
3522,CC(=O)Nc1ccc(Oc2ccc(NC(C)=O)cc2)cc1,isssty,0,0,-1,-1,-1,-1,Train
3523,CC(=O)Nc1ccc(Cc2ccc(N)cc2)cc1,isssty,0,0,-1,-1,-1,-1,Train
3524,CC(=O)Nc1ccc(S(=O)(=O)c2ccc(N)cc2)cc1,isssty,0,0,-1,-1,-1,-1,Train
3525,CC(=O)Nc1ccc(S(=O)(=O)c2ccc(NC(C)=O)cc2)cc1,isssty,0,0,-1,-1,-1,-1,Train
3526,Cc1ccc(/N=N/c2c(O)ccc3ccccc23)cc1C,isssty,0,0,-1,-1,-1,-1,External
3527,Cc1cccc(C)c1N/N=C1\C(=O)C=Cc2ccccc21,isssty,0,0,-1,-1,-1,-1,External
3528,Cc1ccc(C)c(N/N=C2/C(=O)C=Cc3ccccc32)c1,isssty,0,0,-1,-1,-1,-1,Train
3529,Cc1cccc(N/N=C2\C(=O)C=Cc3ccccc32)c1C,isssty,0,0,-1,-1,-1,-1,Internal
3530,C/C=N/N(C)C=O,isssty,-1,-1,-1,0,0,-1,Train
3531,CCc1ccccc1N,isssty,0,0,-1,-1,-1,-1,External
3532,O=[N+]([O-])c1ccc2ccc3cccc4c5ccccc5c1c2c34,isssty,1,0,-1,-1,-1,1,External
3533,O=S(=O)(O)c1ccc(O)c2ncccc12,isssty,1,1,-1,-1,-1,1,Internal
3534,Oc1c(Cl)cc(Cl)c2cccnc12,isssty,0,0,-1,-1,-1,-1,External
3535,c1ccc2cnccc2c1,isssty,0,0,-1,-1,-1,-1,Train
3536,C=C[C@H]1CN2CC[C@H]1C[C@H]2[C@H](O)c1ccnc2ccc(OC)cc12,isssty,0,0,-1,-1,-1,-1,Train
3537,C=CC1CN2CCC1CC2C(O)c1ccnc2ccc(OC)cc12,isssty,0,0,-1,-1,-1,-1,Train
3538,Nc1ccc(N)c(S(=O)(=O)O)c1,isssty,0,0,-1,-1,-1,-1,External
3539,Fc1ccc2ncccc2c1,isssty,-1,1,-1,-1,-1,1,Train
3540,CCCOc1ccc(N)cc1N,isssty,-1,-1,-1,-1,1,1,Train
3541,Cn1c(N)nc2c3ccc(=O)[nH]c3ccc21,isssty,1,-1,-1,-1,-1,1,Train
3542,O=Nc1cc2c3ccccc3ccc2c2ccccc12,isssty,1,1,-1,-1,-1,1,Train
3543,C1=Cc2c3cc4ccccc4cc3cc3cccc1c23,isssty,1,-1,-1,-1,-1,1,Train
3544,O=C([O-])c1c[n+](=O)c2ccccc2n1O,isssty,1,1,-1,-1,-1,1,Train
3545,CC(C)(C)OC(=O)/N=N/C=C1\C=[N+]([O-])c2ccccc2N1O,isssty,1,1,-1,-1,-1,1,Train
3546,CC(=O)/N=N/C=C1\C=[N+]([O-])c2ccccc2N1O,isssty,1,1,-1,-1,-1,1,Train
3547,Cc1c(C(=O)NCCO)[n+]([O-])c2ccccc2[n+]1[O-],isssty,1,1,-1,-1,-1,1,External
3548,O=[N+]([O-])c1ccccc1/C=C/c1ccccc1,isssty,1,1,-1,-1,-1,1,External
3549,O=C(/C=C/c1cccc([N+](=O)[O-])c1)c1ccccc1,isssty,0,0,-1,-1,-1,-1,Train
3550,O=C(/C=C/c1ccccc1[N+](=O)[O-])c1ccccc1,isssty,0,0,-1,-1,-1,-1,Train
3551,O=C(/C=C/c1ccc([N+](=O)[O-])cc1)c1ccc([N+](=O)[O-])cc1,isssty,1,0,-1,-1,-1,1,Train
3552,O=S(=O)([O-])c1cc(S(=O)(=O)[O-])c2c(/N=N/c3ccc(S(=O)(=O)[O-])c4ccccc34)c(O)ccc2c1,isssty,0,0,-1,-1,-1,-1,Internal
3553,O=[N+]([O-])c1cccc([N+](=O)[O-])c1CO,isssty,0,0,-1,-1,-1,-1,Internal
3554,CCN(Cc1cccc(S(=O)(=O)[O-])c1)c1ccc(C(=C2C=CC(=[N+](CC)Cc3cccc(S(=O)(=O)[O-])c3)C=C2)c2ccc(S(=O)(=O)[O-])cc2)cc1,isssty,1,1,-1,-1,-1,1,Train
3555,Nc1cccc(N)c1C(=O)O,isssty,1,0,-1,-1,-1,1,Train
3556,CC(=O)Nc1cccc(N)c1C(=O)O,isssty,1,0,-1,-1,-1,1,Train
3557,C=Cc1ccc([N+](=O)[O-])cc1,isssty,1,1,-1,-1,-1,1,Train
3558,Nc1cccc([N+](=O)[O-])c1CO,isssty,0,0,-1,-1,-1,-1,External
3559,Nc1ccc2ccccc2n1,isssty,0,1,-1,-1,-1,1,Train
3560,CNc1ccc2nc(C)cnc2c1C,isssty,1,1,-1,-1,-1,1,Train
3561,Nc1cnc2ccccc2c1,isssty,1,1,-1,-1,-1,1,Train
3562,CNc1ccc2ncc(C)nc2c1C,isssty,1,1,-1,-1,-1,1,External
3563,CNc1ccc2ncc(-c3ccccc3)nc2c1C,isssty,1,1,-1,-1,-1,1,Train
3564,Nc1ccnc2ccccc12,isssty,0,0,-1,-1,-1,-1,Train
3565,Nc1cc2c3c(ccc2c2ccccc12)[C@H](O)[C@@H](O)C=C3,isssty,0,1,-1,-1,-1,1,External
3566,Nc1ccc2ncccc2c1,isssty,0,0,-1,-1,-1,-1,External
3567,COC(=O)C1=CCCN(N=O)C1,isssty,1,1,-1,-1,-1,1,Train
3568,Nc1ccc2cccnc2c1,isssty,1,1,-1,-1,-1,1,Train
3569,O=[N+]([O-])C1=Cc2cccc3cccc(c23)O1,isssty,0,1,-1,-1,-1,1,Internal
3570,COc1ccc2c3c(cccc13)OC([N+](=O)[O-])=C2,isssty,0,1,-1,-1,-1,1,External
3571,O=[N+]([O-])c1cnc2c(c1)nc1ccccn12,isssty,1,-1,-1,-1,-1,1,Train
3572,CC1=C(N=O)CNc2c1nc1c(C)cccn21,isssty,1,-1,-1,-1,-1,1,Train
3573,Cc1c([N+](=O)[O-])cnc2c1nc1c(C)cccn12,isssty,1,-1,-1,-1,-1,1,External
3574,CC(=O)Nc1ccc2ncccc2c1,isssty,0,1,-1,-1,-1,1,Train
3575,CC(=O)Nc1ccc2cccnc2c1,isssty,1,1,-1,-1,-1,1,Train
3576,CC(=O)Nc1ccc2ccccc2n1,isssty,0,0,-1,-1,-1,-1,Train
3577,O=C1NCCN1/N=C/c1ccc([N+](=O)[O-])o1,isssty,1,1,-1,-1,-1,1,Train
3578,CC(=O)Nc1cnc2ccccc2c1,isssty,0,0,-1,-1,-1,-1,Train
3579,CC(=O)Nc1ccnc2ccccc12,isssty,0,0,-1,-1,-1,-1,Train
3580,COc1cc2c(c3oc(=O)c4c(c13)CC[C@H]4O)[C@@H]1C=CO[C@@H]1O2,isssty,1,1,-1,-1,-1,1,Train
3581,CC(=O)Nc1cccc2ncccc12,isssty,0,0,-1,-1,-1,-1,Train
3582,CCc1ccccc1[N+](=O)[O-],isssty,0,0,-1,-1,-1,-1,Train
3583,CCc1ccc([N+](=O)[O-])cc1,isssty,0,0,-1,-1,-1,-1,Train
3584,O=[N+]([O-])c1cccc(O)c1[N+](=O)[O-],isssty,1,1,-1,-1,-1,1,Train
3585,O=[N+]([O-])c1ccc([N+](=O)[O-])c(O)c1,isssty,1,1,-1,-1,-1,1,External
3586,O=[N+]([O-])c1cccc([N+](=O)[O-])c1O,isssty,0,0,-1,-1,-1,-1,Train
3587,O=[N+]([O-])c1ccc(O)cc1[N+](=O)[O-],isssty,0,1,-1,-1,-1,1,Train
3588,Nc1c([N+](=O)[O-])cccc1[N+](=O)[O-],isssty,1,1,-1,-1,-1,1,Train
3589,COC(=O)c1oc([N+](=O)[O-])c(Cl)c1Cl,isssty,1,1,-1,-1,-1,1,Train
3590,CNS(=O)(=O)c1ccc(NC(C)=O)cc1,isssty,0,0,-1,-1,-1,-1,Train
3591,O=[N+]([O-])c1ccc(Br)cc1,isssty,0,1,-1,-1,-1,1,Train
3592,Cc1ccc(Cl)cc1[N+](=O)[O-],isssty,0,0,-1,-1,-1,-1,External
3593,Cc1cccc([N+](=O)[O-])c1C,isssty,0,0,-1,-1,-1,-1,Train
3594,Cc1cccc(C)c1[N+](=O)[O-],isssty,0,0,-1,-1,-1,-1,Train
3595,Cc1cc(C)cc([N+](=O)[O-])c1,isssty,0,0,-1,-1,-1,-1,External
3596,Cc1ccc(C)c([N+](=O)[O-])c1,isssty,0,1,-1,-1,-1,1,External
3597,Cc1cc(C)c([N+](=O)[O-])cc1[N+](=O)[O-],isssty,0,1,-1,-1,-1,1,Train
3598,O=C(O)c1ccc(Cl)c([N+](=O)[O-])c1,isssty,1,1,-1,-1,-1,1,Train
3599,O=C(O)c1ccc([N+](=O)[O-])c([N+](=O)[O-])c1,isssty,1,1,-1,-1,-1,1,External
3600,O=C(O)c1cc([N+](=O)[O-])cc([N+](=O)[O-])c1,isssty,1,1,-1,-1,-1,1,Train
3601,O=[N+]([O-])c1ccccc1S(=O)(=O)O,isssty,0,0,-1,-1,-1,-1,Internal
3602,O=[N+]([O-])c1cccc(S(=O)(=O)O)c1,isssty,0,0,-1,-1,-1,-1,Train
3603,O=[N+]([O-])c1ccc(S(=O)(=O)O)cc1,isssty,0,0,-1,-1,-1,-1,Internal
3604,O=[N+]([O-])c1cc(CCl)cc([N+](=O)[O-])c1,isssty,1,1,-1,-1,-1,1,Train
3605,NNc1ccc([N+](=O)[O-])cc1,isssty,1,1,-1,-1,-1,1,Train
3606,NNc1ccc([N+](=O)[O-])cc1[N+](=O)[O-],isssty,1,1,-1,-1,-1,1,Train
3607,N#CSc1ccc([N+](=O)[O-])cc1[N+](=O)[O-],isssty,1,1,-1,-1,-1,1,Train
3608,S=C=NCCc1ccccc1,isssty,1,0,-1,-1,-1,1,Train
3609,Cn1cc(C[C@@]2(O)C(=O)O[C@@H]3[C@H](O)CO[C@@]32O)c2ccccc21,isssty,1,1,-1,-1,-1,1,Train
3610,CCn1cc(C(=O)O)c(=O)c2cc3c(cc21)OCO3,isssty,-1,-1,1,-1,-1,1,Internal
3611,CC(=O)c1ccco1,isssty,1,0,-1,-1,-1,1,Train
3612,O=Cc1cccc(-c2ccccc2)c1,isssty,0,0,-1,-1,-1,-1,Train
3613,O=C1c2ccccc2-c2ccc3ccccc3c21,isssty,0,0,-1,-1,-1,-1,Train
3614,O=C1c2ccc3ccccc3c2-c2c1ccc1ccccc21,isssty,1,1,-1,-1,-1,1,Train
3615,Cc1cc2ncccc2c2ncn(C)c12,isssty,0,0,-1,-1,-1,-1,Train
3616,CC1CCC(NC(=O)N(CCCl)N=O)CC1,isssty,-1,1,-1,1,-1,1,Train
3617,CCC(=O)Nc1snc2ccccc12,isssty,-1,0,-1,-1,0,-1,Train
3618,O=C1c2ccccc2C([N+](=O)[O-])c2ccccc21,isssty,0,0,-1,-1,-1,-1,Train
3619,N#CC1=Cc2cccc3cccc1c23,isssty,0,1,-1,-1,-1,1,Train
3620,Nc1ccc(Oc2ccc(N)c(Cl)c2)cc1Cl,isssty,1,1,-1,-1,-1,1,Internal
3621,O=[N+]([O-])c1ccc2ncccc2c1,isssty,1,1,-1,-1,-1,1,Train
3622,c1ccc2c(c1)-c1cc3ccc4ccccc4c3cc1C1OC21,isssty,0,0,-1,-1,1,1,Train
3623,CCC(C)Br,isssty,-1,1,-1,1,-1,1,Train
3624,COCC(O)Cn1cc([N+](=O)[O-])nc1Cl,isssty,1,1,-1,-1,-1,1,Train
3625,COc1ccc2c(c1O)C(=O)c1ccccc1C2=O,isssty,0,0,-1,-1,-1,-1,Train
3626,Cc1ccc2c(c1)C(=O)c1cc(O)ccc1C2=O,isssty,1,1,-1,-1,-1,1,Train
3627,Cc1cc(O)c2c(c1O)C(=O)c1ccccc1C2=O,isssty,1,1,-1,-1,-1,1,Train
3628,COCc1c(O)cc2c(c1O)C(=O)c1ccccc1C2=O,isssty,1,1,-1,-1,-1,1,External
3629,COc1c(CO)c(O)cc2c1C(=O)c1ccccc1C2=O,isssty,0,1,-1,-1,-1,1,Internal
3630,COc1cc2c(c(OC)c1CO)C(=O)c1ccccc1C2=O,isssty,0,0,-1,-1,-1,-1,External
3631,CC(=O)OCc1c(O)cc2c(c1O)C(=O)c1ccccc1C2=O,isssty,1,1,-1,-1,-1,1,Train
3632,O=Cc1c(O)cc2c(c1O)C(=O)c1ccccc1C2=O,isssty,0,0,-1,-1,-1,-1,External
3633,COc1c(C=O)c(O)cc2c1C(=O)c1ccccc1C2=O,isssty,0,0,-1,-1,-1,-1,Internal
3634,O=C1c2ccccc2C(=O)c2c1cc(O)c(C(=O)O)c2O,isssty,0,0,-1,-1,-1,-1,External
3635,Nc1ncnc2c1ncn2[C@H]1O[C@@H](CO)C[C@@H]1O,isssty,1,1,-1,-1,-1,1,Train
3636,Oc1ccc2ccc3c4ccc5ccccc5c4c4c(c3c2c1O)O4,isssty,1,1,-1,-1,-1,1,Train
3637,CC1=C(/C=C/C(C)=C/C=C/C(C)=C/C=C/C=C(C)/C=C/C=C(C)/C=C/C2=C(C)C(=O)CCC2(C)C)C(C)(C)CCC1=O,isssty,0,0,-1,-1,-1,-1,Internal
3638,C#CCc1ccc(COC(=O)C2C(C=C(C)C)C2(C)C)o1,isssty,0,1,-1,-1,-1,1,External
3639,C[C@@H]1CC[C@@H]2[C@H](C)[C@H]3[C@H](C[C@H]4[C@@H]5CC=C6C[C@H](O)CC[C@]6(C)[C@H]5CC[C@]34C)N2C1,isssty,0,0,-1,-1,-1,-1,Train
3640,C[C@@H]1CC[C@@H]2[C@H](C)[C@H]3[C@H](C[C@H]4[C@@H]5CC=C6C[C@H](O[C@H]7O[C@H](CO)[C@H](O[C@H]8O[C@@H](C)[C@H](O)[C@@H](O)[C@@H]8O)[C@H](O)[C@@H]7O[C@H]7O[C@@H](C)[C@H](O)[C@@H](O)[C@@H]7O)CC[C@]6(C)[C@H]5CC[C@]34C)N2C1,isssty,0,0,-1,-1,-1,-1,Train
3641,CC(=O)Nc1nc2c3cccnc3cc(C)c2n1C,isssty,1,-1,-1,-1,-1,1,External
3642,CCN(CC)N([O-])N=O,isssty,-1,1,-1,1,-1,1,Train
3643,CC(=O)Nc1nc2c3cccnc3ccc2n1C,isssty,1,-1,-1,-1,-1,1,External
3644,Oc1c2c(c3c(ccc4c3ccc3ccc5ccccc5c34)c1O)O2,isssty,1,1,-1,-1,-1,1,External
3645,C=COc1ccccc1,isssty,0,-1,-1,1,-1,1,External
3646,CCCCN(N=O)C(N)=O,isssty,-1,1,-1,1,-1,1,Train
3647,CCON(OC(C)=O)C(=O)c1ccccc1,isssty,1,1,-1,-1,-1,1,Train
3648,CC(=O)OCCCCCCCCONC(=O)c1ccccc1,isssty,1,1,-1,-1,-1,1,Train
3649,O=[N+]([O-])c1ccc2c(c1)nc(/C=N/OCc1ccccc1[N+](=O)[O-])n2Cc1ccccc1,isssty,1,1,-1,-1,-1,1,External
3650,O=[N+]([O-])c1cccc(CO/N=C/c2nc3cc([N+](=O)[O-])ccc3n2Cc2ccc(Cl)cc2)c1,isssty,0,0,-1,-1,-1,-1,Train
3651,O=[N+]([O-])c1ccc2c(c1)nc(/C=N/OCc1ccccc1[N+](=O)[O-])n2Cc1ccc(Cl)cc1Cl,isssty,1,1,-1,-1,-1,1,Train
3652,O=[N+]([O-])c1cccc(CO/N=C/c2nc3cc([N+](=O)[O-])ccc3n2Cc2ccc(F)cc2)c1,isssty,0,0,-1,-1,-1,-1,Train
3653,Cc1c(/C=N/OCc2cccc([N+](=O)[O-])c2)c2cc([N+](=O)[O-])ccc2n1Cc1ccccc1,isssty,1,1,-1,-1,-1,1,External
3654,Cc1c(/C=N/OCc2ccc(Cl)cc2)c2cc([N+](=O)[O-])ccc2n1Cc1ccccc1,isssty,0,0,-1,-1,-1,-1,Internal
3655,Cc1c(Cn2ccnc2)c2cc([N+](=O)[O-])ccc2n1Cc1ccccc1,isssty,1,1,-1,-1,-1,1,Internal
3656,ClCc1ccc2ccc3cccc4ccc1c2c34,isssty,1,1,-1,-1,-1,1,Train
3657,COc1ccc2nc3c(cc2c1)-c1cccc2cccc-3c12,isssty,1,1,-1,-1,-1,1,Internal
3658,Cc1ccc2nc3c(cc2c1)-c1cccc2cccc-3c12,isssty,0,0,-1,-1,-1,-1,Train
3659,Nc1ncnc2c1ncn2[C@@H]1C[C@@H](O)[C@H](CO)O1,isssty,0,0,-1,-1,-1,-1,Train
3660,O=C1CCCc2ccc3c([N+](=O)[O-])c4ccccc4cc3c21,isssty,0,0,-1,-1,-1,-1,Train
3661,CC1CCCC2(C)CCCCC12O,isssty,0,0,-1,-1,-1,-1,Train
3662,CC1(O)CC2CCC1(C)C2(C)C,isssty,0,0,-1,-1,-1,-1,Internal
3663,CC[C@@H](CO)NCCN[C@@H](CC)CO,isssty,0,0,-1,-1,-1,-1,Train
3664,C#CC(OC(=O)C1C(C=C(C)C)C1(C)C)/C(C)=C/CC,isssty,0,0,-1,-1,-1,-1,External
3665,[Cl][Pt-2]([Cl])([Cl])[Cl],isssty,1,1,-1,-1,-1,1,Train
3666,O[C@H]1[C@H]2O[C@H]2c2c(ccc3c4c5c(cccc5cc23)C=C4)[C@@H]1O,isssty,1,-1,-1,-1,-1,1,External
3667,O=N[O-].O=N[O-].[Pt+2],isssty,0,0,-1,-1,-1,-1,Train
3668,O=[N+]([O-])[Pt-2]([N+](=O)[O-])([N+](=O)[O-])[N+](=O)[O-],isssty,0,0,-1,-1,-1,-1,Train
3669,N#C[S][Pt-2]([S]C#N)([S]C#N)([S]C#N)([S]C#N)[S]C#N,isssty,0,0,-1,-1,-1,-1,Train
3670,[Br][Pt-2]([Br])([Br])([Br])([Br])[Br],isssty,0,0,-1,-1,-1,-1,External
3671,COCCOCCOP1(OCCOCCOC)=NP(OCCOCCOC)(OCCOCCOC)=NP(OCCOCCOC)(OCCOCCOC)=N1,isssty,0,0,-1,-1,-1,-1,External
3672,CP1(C)=NP(C)(C)=NP(C)(C)=N1,isssty,0,0,-1,-1,-1,-1,Train
3673,O=C(O)c1ccc(ON2P(Oc3ccc(C(=O)O)cc3)N=P(Oc3ccc(C(=O)O)cc3)(Oc3ccc(C(=O)O)cc3)N(Oc3ccc(C(=O)O)cc3)P2Oc2ccc(C(=O)O)cc2)cc1,isssty,0,0,-1,-1,-1,-1,External
3674,OCC1OC(O)C(O)C(OP2(OC3C(O)C(O)OC(CO)C3O)=NP(OC3C(O)C(O)OC(CO)C3O)(OC3C(O)C(O)OC(CO)C3O)=NP(OC3C(O)C(O)OC(CO)C3O)(OC3C(O)C(O)OC(CO)C3O)=N2)C1O,isssty,0,0,-1,-1,-1,-1,External
3675,Nc1cccc2c1-c1ccccc1C2,isssty,1,1,-1,0,0,1,Train
3676,Nc1ccc2c(ccc3ccccc32)c1,isssty,1,1,-1,1,1,1,Train
3677,CC(N)CCN,isssty,0,0,-1,-1,-1,-1,External
3678,[NH3+][C@H]1CCC[C@H]([NH3+])C1,isssty,0,0,-1,-1,-1,-1,External
3679,CC1(C)CC(N)CC(C)(CN)C1,isssty,0,0,-1,-1,-1,-1,Train
3680,Nc1ccc2ccc3ccccc3c2c1,isssty,1,1,-1,1,1,1,External
3681,Nc1ccc(Oc2cccc(Oc3ccc(N)cc3)c2)cc1,isssty,1,1,-1,-1,-1,1,Train
3682,CN1CCNCC1,isssty,0,0,-1,-1,-1,-1,Train
3683,C[C@]12C=CC(=O)C=C1CC[C@@H]1[C@@H]2[C@H](O)C[C@@]2(C)[C@H]1CC[C@]2(O)C(=O)CO,isssty,0,0,-1,-1,-1,-1,Internal
3684,CN(C)C(=N)N(C)C,isssty,0,0,-1,-1,-1,-1,External
3685,CN1CCN(C)CC1,isssty,0,0,-1,-1,-1,-1,Train
3686,Nc1cc2ccc3cccc4ccc(c1)c2c34,isssty,1,1,-1,0,1,1,Train
3687,Cc1c(N=O)cccc1[N+](=O)[O-],isssty,0,0,-1,-1,-1,-1,Train
3688,C1CN2CCN1CC2,isssty,0,0,-1,-1,-1,-1,External
3689,Cc1c(N)cccc1[N-][N+](=O)c1cccc(N)c1C,isssty,1,0,-1,-1,-1,1,Internal
3690,CC(c1ccccc1)N(C)C,isssty,0,0,-1,-1,-1,-1,Train
3691,CC(=O)c1cccc([N-][N+](=O)c2ccc(N)c(C(C)=O)c2C)c1C,isssty,0,0,-1,-1,-1,-1,External
3692,CC(=O)c1cccc(/N=N/c2ccc(N)c(C(C)=O)c2C)c1C,isssty,0,0,-1,-1,-1,-1,Train
3693,CCCCN(CC(O)c1ccc(O)cc1)N=O,isssty,0,0,-1,-1,-1,-1,Train
3694,Nc1ccc2c3c(cccc13)-c1ccccc1-2,isssty,1,1,-1,0,1,1,Train
3695,CON(C)C(=O)Nc1ccc(Br)cc1,isssty,0,0,-1,-1,-1,-1,Train
3696,CNC(=O)N(C)c1nc2ccccc2s1,isssty,0,0,-1,-1,-1,-1,Train
3697,N[C@H](Cc1ccc(O)cc1)C(=O)O,isssty,0,0,-1,-1,-1,-1,Train
3698,COC1C(C(=O)O)OC(OC2C(C(=O)O)OC(C)C(O)C2O)C(O)C1O,isssty,0,0,-1,-1,-1,-1,Train
3699,O=[N+]([O-])c1ccc2[nH]c3ccc([N+](=O)[O-])cc3c2c1,isssty,1,-1,-1,-1,-1,1,Train
3700,O=[N+]([O-])c1cc2c(cc1O)[nH]c1ccccc12,isssty,1,-1,-1,-1,-1,1,Train
3701,O=[N+]([O-])c1cc2c([nH]c3ccccc32)c([N+](=O)[O-])c1O,isssty,1,-1,-1,-1,-1,1,Train
3702,O=[N+]([O-])c1ccc2[nH]c3c([N+](=O)[O-])c(O)c([N+](=O)[O-])cc3c2c1,isssty,1,-1,-1,-1,-1,1,Internal
3703,C1CSCSC1,isssty,1,1,-1,-1,-1,1,External
3704,c1ccc2c(c1)-c1c(ccc3ccccc13)C1OC21,isssty,1,1,-1,-1,-1,1,Train
3705,c1ccc2c(c1)-c1c(ccc3ccccc13)C1NC21,isssty,1,1,-1,-1,-1,1,Train
3706,CC(=O)Nc1ccc(S(N)(=O)=O)cc1,isssty,0,0,-1,-1,-1,-1,Internal
3707,CNS(=O)(=O)c1ccc(N)cc1,isssty,0,0,-1,-1,-1,-1,Train
3708,CCN(CC)S(=O)(=O)c1ccc(N)cc1,isssty,0,0,-1,-1,-1,-1,Train
3709,CCN(CC)S(=O)(=O)c1ccc(NC(C)=O)cc1,isssty,0,0,-1,-1,-1,-1,Train
3710,CC(=O)Nc1ccc(S(=O)(=O)Nc2ccccn2)cc1,isssty,0,0,-1,-1,-1,-1,External
3711,O=[N+]([O-])N(c1ccccn1)S(=O)(=O)c1ccccc1,isssty,0,0,-1,-1,-1,-1,Train
3712,O=C1OC2C(O)COC2(O)[C@@]1(O)Cc1c[nH]c2ccccc12,isssty,0,0,-1,-1,-1,-1,External
3713,CC(=O)/C=C(\C)[O][Al]([O]/C(C)=C/C(C)=O)[O]/C(C)=C/C(C)=O,isssty,0,0,-1,-1,-1,-1,Train
3714,O=C/C=C/c1ccccc1Cl,isssty,1,1,-1,-1,-1,1,Train
3715,[N-]=[N+]=C1C=NC(=O)NC1=O,isssty,1,1,-1,-1,-1,1,External
3716,Cn1c2ccccc2c2ccccc21,isssty,0,1,-1,-1,-1,1,Train
3717,CC(Cl)=C=O,isssty,-1,1,-1,1,-1,1,Internal
3718,CC(C)=C(Cl)C=O,isssty,0,1,-1,-1,-1,1,Train
3719,CCCN(CCC)CCc1cccc2[nH]c3c(C)ccc(C)c3c12,isssty,1,1,-1,-1,-1,1,Train
3720,CC(=O)c1cccn1[N+](=O)[O-],isssty,1,1,-1,-1,-1,1,Train
3721,CC(=O)c1c([N+](=O)[O-])cc([N+](=O)[O-])n1[N+](=O)[O-],isssty,1,1,-1,-1,-1,1,Train
3722,Nc1ccccc1SCSc1ccccc1N,isssty,0,1,-1,-1,-1,1,Train
3723,Cn1c2ccc3ccccc3c2c2c3ccccc3ccc21,isssty,-1,1,-1,-1,-1,1,Train
3724,O=C1/C(=C2\Nc3ccc(S(=O)(=O)[O-])cc3C2=O)Nc2ccc(S(=O)(=O)[O-])cc21,isssty,0,0,-1,-1,-1,-1,Train
3725,Cc1ccc(/N=N/c2c(O)c(C(=O)[O-])cc3ccccc23)c(S(=O)(=O)[O-])c1,isssty,0,0,-1,-1,-1,-1,External
3726,Nc1c(/N=N/c2ccc([N+](=O)[O-])cc2)c(S(=O)(=O)[O-])cc2cc(S(=O)(=O)[O-])c(/N=N/c3ccccc3)c(O)c12,isssty,1,1,-1,-1,-1,1,Train
3727,Nc1ccc2cc(S(=O)(=O)[O-])cc(O)c2c1/N=N/c1ccc([N+](=O)[O-])cc1S(=O)(=O)[O-],isssty,0,0,-1,-1,-1,-1,Train
3728,O=c1cc(-c2ccccc2)cc(-c2ccccc2)n1/N=C/c1ccc([N+](=O)[O-])o1,isssty,0,1,0,-1,-1,1,External
3729,O=C1c2ccccc2C(=O)c2cc(CO)ccc21,isssty,0,0,-1,-1,-1,-1,Train
3730,Cc1cc2cc3ccccc3cc2c2ccccc12,isssty,-1,1,-1,-1,-1,1,External
3731,Cc1cc2ccccc2c2cc3ccccc3cc12,isssty,-1,1,-1,-1,-1,1,Internal
3732,Nc1ccc(Cc2ccc(N)cc2[N+](=O)[O-])c([N+](=O)[O-])c1,isssty,1,1,-1,-1,-1,1,Train
3733,Cc1ccc2cc3ccc4ccccc4c3cc2c1,isssty,-1,1,-1,-1,-1,1,Train
3734,Nc1cccc2c1Cc1ccccc1-2,isssty,1,1,-1,0,1,1,Train
3735,Nc1ccc2c(c1)-c1ccccc1C2,isssty,1,1,-1,0,1,1,Train
3736,Nc1cccc2c1ccc1ccccc12,isssty,1,1,-1,0,1,1,External
3737,Nc1cc2ccccc2c2ccccc12,isssty,1,1,-1,1,1,1,Train
3738,Nc1cc2cccc3ccc4cccc1c4c32,isssty,1,1,-1,0,1,1,External
3739,Nc1ccc2cccc3c2c1-c1ccccc1-3,isssty,1,1,-1,0,1,1,Internal
3740,Nc1cc2c3c(cccc3c1)-c1ccccc1-2,isssty,1,1,-1,1,1,1,Train
3741,Nc1cccc2c1-c1cccc3cccc-2c13,isssty,1,1,-1,0,1,1,External
3742,Nc1ccc2c(c1)-c1cccc3cccc-2c13,isssty,1,1,-1,0,1,1,External
3743,CCOCC1CO1,isssty,-1,1,-1,1,-1,1,Train
3744,CSc1cc(SC)c(N)c(C)c1N,isssty,1,-1,-1,-1,-1,1,Train
3745,Cc1cc2ccccc2c2cc([N+](=O)[O-])c3ccccc3c12,isssty,1,1,-1,-1,-1,1,External
3746,COC(=O)c1cc(Oc2ccc(Cl)cc2Cl)ccc1[N+](=O)[O-],isssty,-1,-1,-1,-1,-1,-1,Train
3747,O=[N+]([O-])c1cc2cc3ccc4cccc5ccc(c2o1)c3c45,isssty,1,-1,-1,-1,-1,1,External
3748,CC1=CCC(=O)O1,isssty,0,0,-1,-1,-1,-1,External
3749,CCCNNCCC,isssty,-1,1,1,-1,-1,1,External
3750,CCCCNNCCCC,isssty,-1,1,1,-1,-1,1,Train
3751,CCCN(N)CCC,isssty,-1,1,1,-1,-1,1,Train
3752,CCCNN,isssty,-1,1,1,-1,-1,1,Internal
3753,O=C(CBr)c1ccc(Br)cc1,isssty,0,0,-1,-1,-1,-1,Train
3754,C[C@]12CC[C@H]3c4ccc(O)cc4CC[C@@H]3[C@H]1C[C@H](O)C2=O,isssty,0,0,-1,-1,-1,-1,Train
3755,CC(C)=CCC/C(C)=C/CO,isssty,0,0,-1,-1,-1,-1,Train
3756,C/C=C/[C@@H]1OC(=O)C=C[C@H]1O,isssty,0,0,-1,-1,-1,-1,Train
3757,CCc1cccc(CC)c1NC(=O)CO,isssty,0,1,-1,-1,-1,1,Train
3758,CCc1cccc(CC)c1NC(=O)CCl,isssty,0,1,-1,-1,-1,1,Train
3759,CCc1cccc(CC)c1N=O,isssty,1,1,-1,-1,-1,1,Train
3760,CCc1cccc(CC)c1N(COC)C(=O)CO,isssty,0,0,-1,-1,-1,-1,Train
3761,CC(C)(/N=N/C(C)(C)C(=N)N)C(=N)N,isssty,1,1,-1,-1,-1,1,Train
3762,Cc1ccc2c(c1O)C(=O)c1ccccc1C2=O,isssty,1,1,-1,-1,-1,1,Train
3763,CC(C)NCC(O)COc1cccc2[nH]c3ccccc3c12,isssty,0,0,-1,-1,-1,-1,External
3764,CC(C)(C)NCC(O)COc1cccc2c1C[C@@H](O)[C@@H](O)C2,isssty,0,0,-1,-1,-1,-1,External
3765,C=C(C)C1C=C2C(COC(=O)CCCCCCCCCCCCCCCCC)=CC=C2C(C)=CC1,isssty,0,1,-1,-1,-1,1,Train
3766,C=C(C)c1ccc(C)c2ccc(C=O)c-2c1,isssty,1,1,-1,-1,-1,1,Train
3767,C=C(C)c1ccc(C)c2ccc(CO)c-2c1,isssty,1,1,-1,-1,-1,1,Train
3768,Cc1cc(O)c2c(c1)C(=O)C(c1c(C)cc3c(c1O)C(=O)C=CC3=O)=CC2=O,isssty,0,0,-1,-1,-1,-1,Train
3769,Cn1c2ccccc2c2cc([N+](=O)[O-])ccc21,isssty,1,1,-1,-1,-1,1,Train
3770,[O-][n+]1cc2cnccc2cn1,isssty,1,0,-1,-1,-1,1,Train
3771,[O-][n+]1ccc2cnncc2c1,isssty,1,1,-1,-1,-1,1,Train
3772,NNc1nncc2cnccc12,isssty,1,1,-1,-1,-1,1,Train
3773,Cc1ccc(C)c2c1[nH]c1ccccc12,isssty,1,0,-1,-1,-1,1,Train
3774,Cc1ccc(C)c2c1[nH]c1ccc([N+](=O)[O-])cc12,isssty,1,1,-1,-1,-1,1,Train
3775,COc1nncc2ccncc12,isssty,0,0,-1,-1,-1,-1,Train
3776,Clc1nncc2cnccc12,isssty,0,0,-1,-1,-1,-1,Train
3777,c1cnc2cnncc2c1,isssty,0,0,-1,-1,-1,-1,Internal
3778,[O-][n+]1cc2cccnc2cn1,isssty,0,0,-1,-1,-1,-1,Train
3779,[O-][n+]1cc2ncccc2cn1,isssty,0,0,-1,-1,-1,-1,Train
3780,NNc1nncc2cccnc12,isssty,1,1,-1,-1,-1,1,Train
3781,COc1nncc2ncccc12,isssty,0,0,-1,-1,-1,-1,Train
3782,COc1nncc2cccnc12,isssty,0,0,-1,-1,-1,-1,Train
3783,Cc1ccccc1OCC(O)CNCCOc1ccc(C(N)=O)cc1,isssty,0,0,-1,-1,-1,-1,Train
3784,[O-][n+]1cc2ccccc2cn1,isssty,0,0,-1,-1,-1,-1,Train
3785,COc1nncc2ccccc12,isssty,0,0,-1,-1,-1,-1,Train
3786,Cc1cc(N)c(C)c2c1[nH]c1ccc(O)cc12,isssty,1,0,-1,-1,-1,1,Train
3787,COc1ccc2[nH]c3c(C)cc(N)c(C)c3c2c1,isssty,1,0,-1,-1,-1,1,Train
3788,Cn1c2ccccc2c2cc(N)ccc21,isssty,1,1,-1,-1,-1,1,Train
3789,CCc1cccc2cc(C(O)CNC(C)(C)C)oc12,isssty,0,0,-1,-1,-1,-1,External
3790,Cc1ccc2[nH]c3c(C)ccc(C)c3c2c1,isssty,1,0,-1,-1,-1,1,Train
3791,CC(C)(C)NC[C@H](O)COc1nsnc1N1CCOCC1,isssty,0,0,-1,-1,-1,-1,Train
3792,COC1=CC(=C2NC(c3ccccc3)=C(c3ccccc3)N2)C=CC1=O,isssty,0,1,-1,-1,-1,1,External
3793,O=S(=O)([O-])c1ccc2cc(O)ccc2c1,isssty,0,0,-1,-1,-1,-1,Train
3794,O=S(=O)([O-])c1cc(S(=O)(=O)[O-])c2cc(O)ccc2c1,isssty,0,0,-1,-1,-1,-1,Train
3795,O=Cc1ccccc1O,isssty,0,0,-1,-1,-1,-1,Train
3796,Cc1c(O)cc2c(c1O)C(=O)c1cccc(O)c1C2=O,isssty,1,1,-1,-1,-1,1,Train
3797,Nc1ccc(-c2cc(Cl)c(N)c(Cl)c2)cc1Cl,isssty,1,1,-1,-1,-1,1,Train
3798,COc1ccc(-c2nc(-c3ccc(C)cc3)c(-c3ccc(C)cc3)[nH]2)cc1OC,isssty,1,1,-1,-1,-1,1,External
3799,COc1ccc(-c2nc(-c3ccccc3)[nH]c2-c2ccc(OC)cc2)cc1,isssty,1,1,-1,-1,-1,1,Train
3800,Cc1ccc(-c2nc(-c3ccc(C)cc3C)[nH]c2-c2ccc(C)cc2)cc1,isssty,1,1,-1,-1,-1,1,Train
3801,COc1ccc(-c2nc(-c3ccccc3)c(-c3ccccc3)[nH]2)cc1,isssty,1,1,-1,-1,-1,1,Train
3802,CCN(CC)C(=S)S[C@@H]1O[C@@H](CO)[C@H](O)[C@@H](O)[C@H]1O,isssty,0,0,-1,-1,-1,-1,Train
3803,COCCN(CCOC)c1cc(NC(C)=O)c(-n2nc3c(Br)cc(N)c(Cl)c3n2)cc1OC,isssty,1,1,-1,-1,-1,1,Train
3804,C1=Cc2cc3ccccc3c3cccc1c23,isssty,1,1,-1,-1,-1,1,Train
3805,OCc1c2ccccc2c2ccc3cccc4ccc1c2c43,isssty,1,1,-1,-1,-1,1,Internal
3806,Cc1c2ccccc2c(CO)c2ccc3ccccc3c12,isssty,-1,1,-1,-1,-1,1,Train
3807,Cc1c2ccncc2c(C)c2c1[nH]c1ccccc12,isssty,1,-1,1,-1,-1,1,Train
3808,CC(CCc1ccccc1)NCC(O)c1ccc(O)c(C(N)=O)c1,isssty,0,0,-1,-1,-1,-1,Train
3809,COc1c(Cl)ccc2oc3cc4c(c(OC)c3c(=O)c12)C1C=COC1O4,isssty,1,1,-1,-1,-1,1,External
3810,CC(C)(C)NCC(O)c1ccc(O)c(NC(N)=O)c1,isssty,0,0,-1,-1,-1,-1,Train
3811,CC(C)(O)CCc1ccc(O)c2c(=O)c3c(O)c4c(cc3oc12)O[C@H]1OC=C[C@@H]41,isssty,1,1,-1,-1,-1,1,Train
3812,COc1c2c(cc3oc4c(CCC(C)(C)O)ccc(O)c4c(=O)c13)O[C@H]1OC=C[C@@H]21,isssty,1,1,-1,-1,-1,1,Train
3813,CC(C)(O)CCc1ccc(O)c2c(=O)c3c(O)c4c(cc3oc12)O[C@H]1OC=C[C@@]41O,isssty,1,1,-1,-1,-1,1,External
3814,CC(C)=CCc1ccc(O)c2c(=O)c3c(O)c4c(cc3oc12)O[C@H]1OC=C[C@@]41O,isssty,1,1,-1,-1,-1,1,Train
3815,COc1cc2c(c3oc(=O)c4c(c13)[C@H](O)CC4=O)[C@@H]1C=CO[C@@H]1O2,isssty,-1,1,-1,-1,-1,1,Train
3816,CC(=O)Nc1ccc(Cc2ccc(NC(C)=O)cc2)cc1,isssty,0,0,-1,-1,-1,-1,Train
3817,CN(C)c1ccc(/C=C/C(=O)c2ccccc2)cc1,isssty,0,0,-1,-1,-1,-1,Train
3818,COc1cccc2c1C(=O)c1c(O)c3c(c(O)c1C2=O)CC(O)(C(C)=O)CC3O,isssty,1,0,-1,-1,-1,1,Train
3819,CC(=O)[C@]1(O)Cc2c(O)c3c(c(O)c2[C@@H](O)C1)C(=O)c1c(O)cccc1C3=O,isssty,1,0,-1,-1,-1,1,Train
3820,CC[C@@]1(O)C[C@@H](O)c2c(cc3c(c2O)C(=O)c2c(O)cccc2C3=O)[C@@H]1C(=O)OC,isssty,1,0,-1,-1,-1,1,Train
3821,O=C(/C=C/c1ccc(F)cc1)c1ccccc1,isssty,0,0,-1,-1,-1,-1,Train
3822,COc1cc(C)cc2c(O)c(-c3c(C)cc4c(O)ccc(O)c4c3OC)cc(O)c12,isssty,0,0,-1,-1,-1,-1,Train
3823,[H]/N=C(\N)c1ccc(OCCCCCOc2ccc(/C(N)=N/[H])cc2)cc1,isssty,0,0,-1,-1,-1,-1,Train
3824,[H]/N=C(\N)c1ccc(-c2cc3ccc(/C(N)=N/[H])cc3s2)cc1,isssty,0,0,-1,-1,-1,-1,External
3825,c1cc(-c2cc3ccc(C4=NCCN4)cc3[nH]2)ccc1C1=NCCN1,isssty,0,0,-1,-1,-1,-1,Train
3826,[H]/N=C(\N)c1ccc2c(c1)=NC(=C(N)N)C=2,isssty,0,0,-1,-1,-1,-1,Train
3827,COc1ccc(/N=N/c2ccc(N(C)C)cc2)cc1,isssty,1,-1,-1,-1,-1,1,Train
3828,[H]/N=C(\N)c1ccc2c(c1)=NC(=C(N)N)C=2N,isssty,0,0,-1,-1,-1,-1,Train
3829,[O-][n+]1cc2ccncc2cn1,isssty,0,0,-1,-1,-1,-1,Train
3830,NNc1nncc2ccncc12,isssty,1,1,-1,-1,-1,1,Train
3831,O=C(/C=C/c1ccc(O)cc1)c1ccccc1,isssty,0,0,-1,-1,-1,-1,Train
3832,O=C(O)C1C2C=CC(C2)C1(C(=O)O)[N+](=O)[O-],isssty,0,0,-1,-1,-1,-1,Train
3833,COc1nncc2cnccc12,isssty,0,0,-1,-1,-1,-1,Train
3834,CC(C)(C)c1cc(/C=C/c2cc(C(C)(C)C)c(O)c(C(C)(C)C)c2)cc(C(C)(C)C)c1O,isssty,0,0,-1,-1,-1,-1,Train
3835,CC(C)(C)C1=CC(=CC=C2C=C(C(C)(C)C)C(=O)C(C(C)(C)C)=C2)C=C(C(C)(C)C)C1=O,isssty,0,0,-1,-1,-1,-1,Train
3836,CC(C)(C)OOC1(C)C=C(C(C)(C)C)C(=O)C(C(C)(C)C)=C1,isssty,0,0,-1,-1,-1,-1,External
3837,Oc1ccc2ccc3c4ccccc4ccc3c2c1,isssty,0,1,-1,-1,-1,1,Train
3838,CC(=O)C1=C(C(C)(C)C)C(=O)C(C(C)(C)C)=C1,isssty,0,0,-1,-1,-1,-1,Train
3839,Oc1cc2ccccc2c2ccc3ccccc3c12,isssty,0,0,-1,-1,-1,-1,Internal
3840,Clc1nncc2ccncc12,isssty,0,0,-1,-1,-1,-1,External
3841,CCCC(=O)Nc1ccc(OCC(O)CNC(C)C)c(C(C)=O)c1,isssty,0,0,-1,-1,-1,-1,Train
3842,NNc1nncc2ncccc12,isssty,1,1,-1,-1,-1,1,Train
3843,Clc1nncc2ccccc12,isssty,0,0,-1,-1,-1,-1,Train
3844,Clc1nncc2cccnc12,isssty,1,1,-1,-1,-1,1,Train
3845,Clc1nncc2ncccc12,isssty,0,0,-1,-1,-1,-1,Train
3846,Cc1cc(/N=N/c2ccccc2C)c(N)cc1N,isssty,-1,1,-1,-1,-1,1,External
3847,Cc1ccccc1/N=N/c1ccc(N)c(C)c1N,isssty,-1,1,-1,-1,-1,1,Train
3848,CC(C)(C)c1cc(-c2ccccc2)ccc1[N+](=O)[O-],isssty,0,0,-1,-1,-1,-1,External
3849,CC(C)(C)c1ccc(-c2ccc(N=O)cc2)cc1,isssty,1,1,-1,-1,-1,1,External
3850,COc1cc([N+](=O)[O-])c(O)c(C(C)(C)C)c1,isssty,0,0,-1,-1,-1,-1,Train
3851,COC1=CC(=O)C(=O)C(C(C)(C)C)=C1,isssty,0,0,-1,-1,-1,-1,External
3852,CCOP(=O)(NC(C)CC)Oc1cc(C)ccc1[N+](=O)[O-],isssty,0,0,-1,-1,-1,-1,External
3853,CC(C)(C)c1cc(-c2ccccc2)ccc1NO,isssty,1,1,-1,-1,-1,1,Internal
3854,CCOP(=O)(OCC)Oc1cc(C)nc(C(C)C)n1,isssty,0,1,-1,-1,-1,1,External
3855,COP(=O)(OC)Oc1ccc([N+](=O)[O-])c(C)c1,isssty,1,0,-1,-1,-1,1,Train
3856,CC(=O)/C(=N\O)C(=O)N(c1ccccc1)N(C)N=O,isssty,1,1,-1,-1,-1,1,Train
3857,CCOP(=O)(OCC)Oc1cc(-c2ccccc2)on1,isssty,0,0,-1,-1,-1,-1,Train
3858,CCOP(=O)(OCC)Oc1ccc([N+](=O)[O-])cc1,isssty,1,1,-1,-1,-1,1,Internal
3859,C=C[C@@H]1CN2CC[C@@H]1C[C@H]2[C@@H](OC(=O)OCC)c1ccnc2ccc(OC)cc12,isssty,0,0,-1,-1,-1,-1,Internal
3860,O=C(/C=C/c1ccc(Oc2ccccc2)cc1)c1ccccc1,isssty,0,0,-1,-1,-1,-1,Train
3861,O=C(/C=C/c1ccccc1)c1ccc(-c2ccccc2)cc1,isssty,0,0,-1,-1,-1,-1,Train
3862,O=[N+]([O-])c1ccc(Sc2ccccc2)cc1,isssty,1,-1,-1,-1,-1,1,Train
3863,CC(C)c1ccc(/C=C/c2ccc([N+](=O)[O-])cc2)cc1,isssty,1,1,-1,-1,-1,1,Train
3864,CC(C)c1ccc(/C=C/c2ccc(N)cc2)cc1,isssty,1,1,-1,-1,-1,1,Train
3865,CC(C)(C)c1ccc(/C=C/c2ccc(N)cc2)cc1,isssty,0,0,-1,-1,-1,-1,External
3866,Cc1ccc(N=O)cc1[N+](=O)[O-],isssty,0,0,-1,-1,-1,-1,External
3867,CCN(CC)C(=S)SSC[C@H](NC(=O)CC[C@@H](N)C(=O)O)C(=O)NCC(=O)O,isssty,0,0,-1,-1,-1,-1,Train
3868,O=[N+]([O-])c1cc2[nH]c3ccc4ccccc4c3c2c2ccccc12,isssty,1,0,-1,-1,-1,1,External
3869,O=[N+]([O-])c1cc2[nH]c3ccc4ccccc4c3c2c2cc(O)ccc12,isssty,1,1,-1,-1,-1,1,External
3870,O=[N+]([O-])c1cc2[nH]c3ccc4ccc(O)cc4c3c2c2ccccc12,isssty,1,1,-1,-1,-1,1,Train
3871,O=[N+]([O-])c1cc2[nH]c3ccc4ccccc4c3c2c2ccc(O)cc12,isssty,1,1,-1,-1,-1,1,Train
3872,O=[N+]([O-])c1cc2[nH]c3ccc4c(O)cccc4c3c2c2ccccc12,isssty,1,1,-1,-1,-1,1,Train
3873,Cc1ccc(N)cc1/N=N/c1cc(N)ccc1C,isssty,1,1,-1,-1,-1,1,Train
3874,O=C(Cc1ccccc1)NC(Cc1ccc(Cl)cc1)C(=O)[O-],isssty,0,1,-1,0,0,1,External
3875,O=NN1CC(Cl)C(Cl)C1,isssty,-1,1,-1,1,-1,1,Train
3876,[N-]=[N+]=NCC(O)CO,isssty,-1,1,-1,1,-1,1,Train
3877,O=c1cc([O-])c1=O,isssty,0,0,-1,-1,-1,-1,Train
3878,C/C=C(\Cl)C1=CC(=O)[C@@]23C[C@@H]2C(C)(C)O[C@]3(O)C1=O,isssty,0,0,1,-1,-1,1,Internal
3879,C/C=C(\Cl)C1=C(Cl)C(=O)[C@@]23C[C@@H]2C(C)(C)O[C@]3(O)C1=O,isssty,0,1,1,-1,-1,1,Train
3880,C/C=C/C1=CC(=O)C23CC2C(C)(C)OC3(O)C1=O,isssty,0,1,1,-1,-1,1,Train
3881,C/C=C(/Br)C1=C(Cl)C(=O)C23CC2C(C)(C)OC3(O)C1=O,isssty,0,1,1,-1,-1,1,Train
3882,CCCCc1c(N)ccc2c1Cc1ccccc1-2,isssty,1,1,-1,-1,-1,1,Train
3883,CC(=O)OCc1ccc([N+](=O)[O-])cc1,isssty,0,1,-1,-1,-1,1,Train
3884,CCCC(=O)OCc1ccc([N+](=O)[O-])cc1,isssty,0,1,-1,-1,-1,1,Internal
3885,O=C(OCc1ccc([N+](=O)[O-])cc1)c1ccccc1,isssty,0,1,-1,-1,-1,1,External
3886,Cc1cccc(/N=N/c2ccc(N(C)C)cc2)c1,isssty,1,1,-1,-1,-1,1,Train
3887,Cc1ccc(/N=N/NCc2ccc([N+](=O)[O-])cc2)cc1,isssty,1,1,-1,-1,-1,1,Train
3888,O=C1c2ccccc2C(=O)N1CCl,isssty,1,1,-1,-1,-1,1,Train
3889,O=C1c2ccc([N+](=O)[O-])cc2C(=O)N1CCl,isssty,1,1,-1,-1,-1,1,Train
3890,CC(C)/N=C(\NC(C)C)OCc1ccc([N+](=O)[O-])cc1,isssty,1,1,-1,-1,-1,1,Train
3891,CC(=O)Oc1ccc2c(CBr)cc(=O)oc2c1,isssty,0,0,-1,-1,-1,-1,Train
3892,COc1ccc2c(CBr)cc(=O)oc2c1,isssty,0,0,-1,-1,-1,-1,Train
3893,COc1ccc2oc3cc(O)cc(O)c3c(=O)c2c1,isssty,1,1,-1,-1,-1,1,Train
3894,COc1cccc(C(=O)CBr)c1,isssty,0,0,-1,-1,-1,-1,Train
3895,Cc1ccc(CC2CO2)cc1,isssty,-1,1,-1,1,-1,1,Train
3896,Nc1ccc2c(c1)oc1ccccc12,isssty,1,0,-1,-1,-1,1,Train
3897,O=S(=O)([O-])c1ccc(/N=N/c2c(O)ccc3cc(S(=O)(=O)[O-])cc(S(=O)(=O)[O-])c23)cc1,isssty,0,0,-1,-1,-1,-1,Train
3898,O=S(=O)([O-])c1ccc(/N=N/c2c(O)c(S(=O)(=O)[O-])cc3cc(S(=O)(=O)[O-])ccc23)cc1,isssty,0,0,-1,-1,-1,-1,Train
3899,O=S(=O)([O-])c1ccc(N=NNc2ccc(S(=O)(=O)[O-])cc2)cc1,isssty,0,0,-1,-1,-1,-1,Train
3900,O=S(=O)([O-])c1ccc2c(/N=N/c3ccccc3)c(O)ccc2c1,isssty,0,0,-1,-1,-1,-1,Internal
3901,CC(C)(C)NCC(O)COc1cccc2c1CCCC2=O,isssty,0,0,-1,-1,-1,-1,External
3902,Clc1ccc(CC2CO2)cc1,isssty,-1,1,-1,1,-1,1,Train
3903,CC(C)c1c(N)ccc2ccccc12,isssty,1,1,-1,-1,-1,1,Train
3904,Nc1ccc(S(=O)(=O)[O-])cc1,isssty,0,0,-1,-1,-1,-1,Train
3905,O=S(=O)([O-])c1ccc2cc(Oc3ccc4cc(S(=O)(=O)[O-])ccc4c3)ccc2c1,isssty,0,0,-1,-1,-1,-1,Train
3906,Cn1c([N+](=O)[O-])nc2ncc(-c3ccccc3)cc21,isssty,1,-1,-1,-1,-1,1,Train
3907,Cn1c(N=[N+]=[N-])nc2ncc(-c3ccccc3)cc21,isssty,1,-1,-1,-1,-1,1,Train
3908,CC(C)Sc1cc(Cc2ccc(N)c(SC(C)C)c2)ccc1N,isssty,1,1,-1,-1,-1,1,Internal
3909,CC1=C[C@@H]2c3cccc4[nH]cc(c34)C[C@H]2N(C)C1,isssty,1,1,-1,-1,0,1,Train
3910,Cc1ccc(N/N=C2\C(=O)C=Cc3ccccc32)cc1,isssty,0,0,-1,-1,-1,-1,Train
3911,O=c1c2cc(O)ccc2oc2cc(O)cc(O)c12,isssty,0,1,-1,-1,-1,1,Internal
3912,COc1cc2c3c(cc4ccccc4c3c1OC)N(C=O)CC2,isssty,1,1,-1,-1,-1,1,Train
3913,COc1ccccc1CC1CO1,isssty,-1,1,-1,1,-1,1,Internal
3914,Cc1ccc(C(C)C)cc1O,isssty,0,0,-1,-1,-1,-1,External
3915,COc1cc(CC2CO2)ccc1O,isssty,-1,1,-1,1,-1,1,Train
3916,Cc1ccc2ccccc2n1,isssty,-1,1,-1,-1,-1,1,Internal
3917,Cc1ccc(/N=N/c2c(O)ccc3ccccc23)c(S(=O)(=O)[O-])c1,isssty,0,0,-1,-1,-1,-1,Train
3918,O=[NH+][O-],isssty,-1,0,0,1,-1,1,Internal
3919,COc1ccc(CC2CO2)cc1OC,isssty,-1,1,-1,1,-1,1,Train
3920,Cc1cc(O)c2c(=O)c3c(O)cc(O)c4c5c(O)cc(O)c6c(=O)c7c(O)cc(C)c8c1c2c(c34)c(c78)c65,isssty,0,0,-1,-1,-1,-1,Train
3921,O/N=c1\ccn(O)c2ccccc12,isssty,-1,1,-1,-1,1,1,External
3922,CN(C)c1ccc(/N=N/c2ccc3ncsc3c2)cc1,isssty,1,-1,-1,-1,-1,1,Train
3923,c1ccc(-c2ccc(CC3CO3)cc2)cc1,isssty,-1,1,-1,1,-1,1,Train
3924,O=C(/C=C/c1ccccc1)c1ccc(Br)cc1,isssty,0,0,-1,-1,-1,-1,Train
3925,O=C([O-])c1ccc(/C=C/c2ccc([N+](=O)[O-])o2)cc1,isssty,1,1,-1,-1,-1,1,External
3926,N#CCCC(=O)CCc1ccc(C(=O)O)cc1,isssty,1,0,-1,-1,-1,1,Train
3927,NC(Cc1ccc(O)c(O)c1)C(=O)O,isssty,-1,1,-1,-1,-1,1,Train
3928,COc1cc2c(c3oc(=O)c4c(c13)CCC4=O)C1CCOC1O2,isssty,1,1,-1,-1,-1,1,Train
3929,c1ccc2c(c1)-c1cc3ccccc3cc1C1NC21,isssty,1,1,-1,-1,-1,1,External
3930,c1ccc(CCC2CO2)cc1,isssty,-1,1,-1,1,-1,1,Train
3931,O=c1ccc2cc3cc4cccc5ccc(c2c1)c3c54,isssty,0,1,-1,-1,-1,1,External
3932,c1ccc2c(c1)cc1c3c2ccc2cccc(c23)C1,isssty,1,1,-1,-1,-1,1,Train
3933,CCc1c(N)ccc2ccccc12,isssty,1,1,-1,-1,-1,1,Train
3934,O=S(=O)([O-])c1ccc2cc(O)c(S(=O)(=O)[O-])cc2c1,isssty,0,0,-1,-1,-1,-1,Train
3935,CCOC(=O)N(C)C,isssty,0,0,-1,1,-1,1,Train
3936,COc1ccc(CCC2CO2)cc1,isssty,-1,1,-1,1,-1,1,Train
3937,O=[N+]([O-])c1c2c(c3ccc4cccc5ccc1c3c45)C=CCC2,isssty,0,0,-1,-1,-1,-1,Train
3938,c1ccc2c(CCC3CO3)cccc2c1,isssty,-1,1,-1,1,-1,1,Internal
3939,CN(N)C=O,isssty,-1,-1,-1,0,0,-1,Train
3940,CC(=O)c1oc([N+](=O)[O-])c(Cl)c1Cl,isssty,1,1,-1,-1,-1,1,Train
3941,O=C(CBr)c1oc([N+](=O)[O-])c(Cl)c1Cl,isssty,1,1,-1,-1,-1,1,Train
3942,C[C@@H]1CC[C@]2(OC1)O[C@H]1C[C@H]3[C@@H]4CC=C5C[C@H](O[C@H]6O[C@@H](CO)[C@@H](O[C@@H]7O[C@@H](C)[C@H](O)[C@@H](O)[C@H]7O)[C@H](O)[C@@H]6O[C@@H]6O[C@@H](C)[C@@H](O)[C@H](O)[C@@H]6O)CC[C@]5(C)[C@H]4CC[C@]3(C)[C@H]1[C@H]2C,isssty,0,0,-1,-1,-1,-1,Train
3943,C[C@@H]1CC[C@]2(OC1)O[C@H]1C[C@H]3[C@@H]4CC=C5C[C@H](O[C@H]6O[C@@H](CO)[C@@H](O)[C@@H](O[C@H]7O[C@H](CO)[C@@H](O)[C@@H](O)[C@H]7O)[C@@H]6O[C@@H]6O[C@@H](C)[C@@H](O)[C@H](O)[C@H]6O)CC[C@]5(C)[C@H]4CC[C@]3(C)[C@H]1[C@H]2C,isssty,0,0,-1,-1,-1,-1,Train
3944,CO[C@]1(CC[C@@H](C)CO[C@@H]2O[C@H](CO)[C@@H](O)[C@H](O)[C@@H]2O)O[C@H]2C[C@H]3[C@@H]4CC=C5C[C@H](O[C@H]6O[C@H](CO)[C@@H](O[C@H]7O[C@@H](C)[C@@H](O)[C@@H](O)[C@H]7O)[C@H](O)C6O[C@@H]6O[C@H](C)[C@H](O)[C@@H](O)[C@@H]6O)CC[C@]5(C)[C@H]4CC[C@]3(C)[C@H]2[C@H]1C,isssty,0,0,-1,-1,-1,-1,External
3945,CNc1ccc2nccnc2c1C,isssty,1,0,-1,-1,-1,1,Internal
3946,CO[C@]1(CC[C@@H](C)CO[C@@H]2O[C@H](CO)[C@@H](O)[C@H](O)[C@@H]2O)O[C@H]2C[C@H]3[C@@H]4CC=C5C[C@H](O[C@H]6O[C@@H](CO)[C@H](O)[C@H](O[C@H]7O[C@@H](CO)[C@H](O)[C@@H](O)[C@@H]7O)C6O[C@@H]6O[C@@H](C)[C@H](O)[C@@H](O)[C@@H]6O)CC[C@]5(C)[C@H]4CC[C@]3(C)[C@H]2[C@H]1C,isssty,0,0,-1,-1,-1,-1,Internal
3947,CNc1ccc2nc(C)c(C)nc2c1C,isssty,1,1,-1,-1,-1,1,Train
3948,CCc1nc2ccc(NC)c(C)c2nc1CC,isssty,1,1,-1,-1,-1,1,Train
3949,Cc1nc2ccc(N)c(C)c2nc1C,isssty,1,1,-1,-1,-1,1,Train
3950,Cc1nc2ccc(N(C)C)c(C)c2nc1C,isssty,1,1,-1,-1,-1,1,Train
3951,Cc1nc2ccc(N)cc2nc1C,isssty,1,1,-1,-1,-1,1,Internal
3952,CC(=O)c1ccc(N=O)cc1,isssty,1,1,-1,-1,-1,1,Train
3953,C=C1C(=O)O[C@@H]2[C@H]1CC[C@H](C)[C@@H]1C=CC(=O)[C@@]21C,isssty,0,0,-1,-1,-1,-1,External
3954,CC(C)S(=O)(=O)Cl,isssty,1,1,-1,-1,-1,1,External
3955,CC(=O)c1oc([N+](=O)[O-])c(-c2ccccc2)c1-c1ccccc1,isssty,1,1,-1,-1,-1,1,Train
3956,O=C(CBr)c1oc([N+](=O)[O-])c(-c2ccccc2)c1-c1ccccc1,isssty,1,1,-1,-1,-1,1,Train
3957,CC(C)C(=O)Nc1snc2ccccc12,isssty,-1,0,-1,-1,0,-1,Internal
3958,CC(C)CC(=O)Nc1snc2ccccc12,isssty,-1,0,-1,-1,0,-1,Internal
3959,CCCCCCCC(=O)Nc1snc2ccccc12,isssty,-1,0,-1,-1,0,-1,External
3960,O=C(Nc1snc2ccccc12)c1ccccc1,isssty,-1,1,-1,-1,0,1,External
3961,O=C(Nc1ccccc1)Nc1snc2ccccc12,isssty,-1,0,-1,-1,0,-1,Train
3962,CCC(=O)Nc1snc2ccc(C)cc12,isssty,-1,0,-1,-1,0,-1,Train
3963,CCCC(=O)Nc1snc2ccc(Cl)cc12,isssty,-1,0,-1,-1,0,-1,External
3964,CCCCC(=O)Nc1snc2ccc(Cl)cc12,isssty,-1,0,-1,-1,0,-1,Internal
3965,CC(C)CC(=O)Nc1snc2ccc(Cl)cc12,isssty,-1,0,-1,-1,0,-1,Train
3966,CCCC(=O)Nc1snc2cc(Cl)ccc12,isssty,-1,0,-1,-1,0,-1,External
3967,N[C@H](CS/C(Cl)=C(\Cl)C(Cl)=C(Cl)Cl)C(=O)O,isssty,-1,1,-1,-1,-1,1,Train
3968,N[C@H](CSC(Cl)=C(Cl)Cl)C(=O)O,isssty,-1,1,-1,-1,-1,1,Train
3969,Cl/C=C(\Cl)C(Cl)Cl,isssty,1,1,-1,1,-1,1,Train
3970,[Cl][Be][Cl],isssty,0,0,-1,-1,-1,-1,Train
3971,O[C@@H]1[C@H]2O[C@H]2c2c(ccc3c4ccccc4c4ccccc4c23)[C@H]1O,isssty,1,1,-1,-1,-1,1,Train
3972,O=C1CCCc2c1ccc1c([N+](=O)[O-])c3ccccc3cc21,isssty,0,0,-1,-1,-1,-1,Train
3973,COc1cc2oc(-c3ccc(O)cc3)c(O)c(=O)c2cc1OC,isssty,0,0,-1,-1,-1,-1,External
3974,CCN(CC(O)C1=CC(=O)C(=[N+]=[N-])C=C1)N=O,isssty,1,1,-1,-1,-1,1,Train
3975,C[N+](C)(C)NCCC(=O)[O-],isssty,0,0,-1,-1,-1,-1,Train
3976,COc1cccc2c1C(=O)c1c(O)c3c(c(O)c1C2=O)C[C@@](O)(C(=O)CO)C[C@@H]3O,isssty,1,1,-1,-1,-1,1,Train
3977,CC1(OO)c2ccccc2-c2ccccc21,isssty,1,1,-1,-1,-1,1,External
3978,O=[N+]([O-])c1cc2c(cc3ccc4cccc5ccc2c3c45)o1,isssty,1,-1,-1,-1,-1,1,Internal
3979,Nc1ccc2ncsc2c1,isssty,-1,0,-1,-1,-1,-1,Train
3980,Nc1cc(S(=O)(=O)[O-])cc2cc(S(=O)(=O)[O-])c(/N=N/c3ccccc3)c(O)c12,isssty,0,0,-1,-1,-1,-1,Train
3981,O=[N+]([O-])c1ccc2c3c1ccc1cccc(c13)[C@@H](O)[C@@H]2O,isssty,1,1,-1,-1,-1,1,Train
3982,O[C@H]1c2cccc3ccc4cccc(c4c23)[C@@H]1O,isssty,0,0,-1,-1,-1,-1,External
3983,CCC(C)OS(C)(=O)=O,isssty,1,1,-1,-1,-1,1,Train
3984,O=c1c(=O)c2ccc([N+](=O)[O-])c3ccc4cccc1c4c32,isssty,1,1,-1,-1,-1,1,Train
3985,O=c1c(=O)c2c([N+](=O)[O-])ccc3ccc4cccc1c4c32,isssty,1,1,-1,-1,-1,1,Internal
3986,O=c1c(=O)c2cccc3ccc4cccc1c4c32,isssty,0,0,-1,-1,-1,-1,Train
3987,O=[N+]([O-])c1ccc2c(c1)sc1ccccc12,isssty,1,-1,-1,-1,-1,1,Train
3988,O=c1oc2cccc3ccc4cccc1c4c32,isssty,0,0,-1,-1,-1,-1,Train
3989,Cc1cc(C)c(N)cc1C,isssty,0,1,-1,-1,-1,1,External
3990,[O]=[Sb](=[O])[O][Sb](=[O])=[O],isssty,0,0,-1,-1,-1,-1,Train
3991,Cc1ccc(C)c2c1c1ccccc1n2C,isssty,1,1,-1,-1,-1,1,Train
3992,Cn1c2ccccc2c2ccc([N+](=O)[O-])cc21,isssty,1,1,-1,-1,-1,1,Train
3993,Cc1c([N+](=O)[O-])cc(C)c2c1c1ccccc1n2C,isssty,1,1,-1,-1,-1,1,Train
3994,O=C(c1ccccc1)C1OC1c1ccccc1,isssty,0,1,-1,-1,-1,1,Train
3995,Cc1cc(N)c(C)c2c1[nH]c1ccccc12,isssty,1,0,-1,-1,-1,1,Train
3996,CC(=O)Nc1ccc(/C=C/C(=O)c2ccccc2)cc1,isssty,1,1,-1,-1,-1,1,Train
3997,CC(=O)Nc1ccc(C(=O)/C=C/c2ccccc2)cc1,isssty,0,0,-1,-1,-1,-1,Train
3998,CC(=O)Nc1ccc([C@@H]2O[C@H]2C(=O)c2ccccc2)cc1,isssty,1,1,-1,-1,-1,1,Train
3999,CC(=O)Nc1ccc(C(=O)[C@@H]2O[C@H]2c2ccccc2)cc1,isssty,0,1,-1,-1,-1,1,Train
4000,CCN(CCC#N)c1cc(NC(C)=O)c(-n2nc3c(Br)cc(N)c(Cl)c3n2)cc1OC,isssty,1,1,-1,-1,-1,1,Internal
4001,CC(C)(c1ccc(OCC(O)CO)cc1)c1ccc(OCC2CO2)cc1,isssty,-1,1,-1,1,-1,1,External
4002,O=C(/C=C/c1ccc(Br)cc1)c1ccccc1,isssty,0,0,-1,-1,-1,-1,Train
4003,c1ccc(-c2nc(-c3ccccc3)c(-c3ccccc3)[nH]2)cc1,isssty,1,1,-1,-1,-1,1,Train
4004,CC(=O)Nc1ccccc1C,isssty,0,0,-1,-1,-1,-1,Train
4005,COc1ccc(-c2nc(-c3ccc(OC)cc3)c(-c3ccc(OC)cc3)[nH]2)cc1,isssty,1,0,-1,-1,-1,1,Train
4006,O=C(c1ccc(Br)cc1)[C@H]1O[C@@H]1c1ccccc1,isssty,0,0,-1,-1,-1,-1,Train
4007,CC(=O)ON(C(C)=O)c1ccccc1C,isssty,0,0,-1,-1,-1,-1,Train
4008,O=C(/C=C/c1ccccc1)c1ccc(F)cc1,isssty,0,0,-1,-1,-1,-1,External
4009,C[C@]12CC[C@@H]3c4cc(O)c(O)cc4CC[C@H]3[C@@H]1CC[C@H]2O,isssty,0,0,-1,-1,-1,-1,External
4010,C[C@]12CC[C@@H]3c4ccc(O)c(O)c4CC[C@H]3[C@@H]1CC[C@H]2O,isssty,0,0,-1,-1,-1,-1,Train
4011,O=C(c1ccc(F)cc1)[C@H]1O[C@@H]1c1ccccc1,isssty,0,1,-1,-1,-1,1,Train
4012,NC(N)=C1C=c2ccc(Br)cc2=N1,isssty,0,0,-1,-1,-1,-1,Train
4013,COC(=O)C1=CCCN(C)C1,isssty,0,1,-1,-1,-1,1,Train
4014,O=C(/C=C/c1ccccc1)c1ccc(O)cc1,isssty,0,0,-1,-1,-1,-1,Train
4015,COc1ccc(/C=C/C(=O)c2ccccc2)cc1,isssty,0,0,-1,-1,-1,-1,Train
4016,CC(C)(C)c1cc(-c2ccccc2)ccc1N=O,isssty,1,1,-1,-1,-1,1,Train
4017,CC(C)(C)c1ccc(-c2ccc([N+](=O)[O-])cc2)cc1,isssty,0,0,-1,-1,-1,-1,External
4018,COc1ccc(C(=O)/C=C/c2ccccc2)cc1,isssty,0,0,-1,-1,-1,-1,Train
4019,COc1ccc(C(=O)C2OC2c2ccccc2)cc1,isssty,0,0,-1,-1,-1,-1,Train
4020,O=C(c1ccccc1)C1OC1c1ccc([N+](=O)[O-])cc1,isssty,0,0,-1,-1,-1,-1,Train
4021,COc1ccc(N(CCCl)CCCl)c2oc([N+](=O)[O-])cc12,isssty,-1,1,-1,-1,-1,1,Train
4022,Cc1ccc2nc3c(ccc4ccccc43)cc2c1,isssty,0,1,1,-1,-1,1,External
4023,Cc1ccc2cc3ccc4ccccc4c3nc2c1,isssty,0,1,0,-1,-1,1,Train
4024,Cc1cccc2nc3c(ccc4ccccc43)cc12,isssty,0,0,1,-1,-1,1,Train
4025,Cc1cc2c(C)c3ccccc3nc2c2ccccc12,isssty,0,1,1,-1,-1,1,Train
4026,O=C(c1ccccc1)C1OC1c1ccc(Oc2ccccc2)cc1,isssty,0,0,-1,-1,-1,-1,Train
4027,Cc1c2ccccc2nc2c1ccc1ccccc12,isssty,0,0,1,-1,-1,1,External
4028,O=C(/C=C/c1ccc(-c2ccccc2)cc1)c1ccccc1,isssty,0,0,-1,-1,-1,-1,Train
4029,Cc1cc(C)c2nc3c(ccc4ccccc43)c(C)c2c1,isssty,1,1,0,-1,-1,1,Train
4030,Cc1cc2nc3c(ccc4ccccc43)c(C)c2cc1C,isssty,0,0,1,-1,-1,1,Train
4031,Cc1c2cccc(C)c2nc2c1ccc1ccccc12,isssty,1,0,1,-1,-1,1,Train
4032,O=C(c1ccccc1)C1OC1c1ccc(-c2ccccc2)cc1,isssty,0,0,-1,-1,-1,-1,Train
4033,O=C(c1ccc(-c2ccccc2)cc1)C1OC1c1ccccc1,isssty,0,0,-1,-1,-1,-1,Train
4034,Cc1ccc(/C=C/c2ccc(N)cc2)cc1,isssty,1,1,-1,-1,-1,1,Train
4035,CCc1ccc(/C=C/c2ccc(N)cc2)cc1,isssty,1,1,-1,-1,-1,1,Train
4036,CCC(C)c1ccc(/C=C/c2ccc(N)cc2)cc1,isssty,1,1,-1,-1,-1,1,Train
4037,CCC(C)c1ccc(/C=C/c2ccc([N+](=O)[O-])cc2)cc1,isssty,1,1,-1,-1,-1,1,External
4038,CCc1ccc(/C=C/c2ccc([N+](=O)[O-])cc2)cc1,isssty,1,1,-1,-1,-1,1,External
4039,Cc1ccc(NO)cc1[N+](=O)[O-],isssty,0,0,-1,-1,-1,-1,Internal
4040,COc1cc(O)c2c(=O)c3cc(OC)ccc3oc2c1,isssty,0,1,-1,-1,-1,1,Train
4041,Cc1ccc([N+](=O)[O-])cc1[N-][N+](=O)c1cc([N+](=O)[O-])ccc1C,isssty,0,0,-1,-1,-1,-1,External
4042,Cc1ccc([N-][N+](=O)c2ccc(C)c([N+](=O)[O-])c2)cc1[N+](=O)[O-],isssty,0,0,-1,-1,-1,-1,Train
4043,CC(=O)N(C(C)=O)c1cc(/N=N/c2ccc(C)cc2)ccc1C,isssty,0,0,-1,-1,-1,-1,Train
4044,CC(C)(C)c1c(N)ccc2ccccc12,isssty,0,0,-1,-1,-1,-1,Train
4045,CCc1c(N)ccc2c1Cc1ccccc1-2,isssty,1,1,-1,-1,-1,1,Train
4046,CC(C)c1c(N)ccc2c1Cc1ccccc1-2,isssty,1,1,-1,-1,-1,1,External
4047,CC(C)(C)c1c(N)ccc2c1Cc1ccccc1-2,isssty,0,0,-1,-1,-1,-1,Train
4048,CCc1cc(-c2ccccc2)ccc1N,isssty,1,1,-1,-1,-1,1,Train
4049,CC(C)c1cc(-c2ccccc2)ccc1N,isssty,1,1,-1,-1,-1,1,Train
4050,CC(C)(C)c1cc(-c2ccccc2)ccc1N,isssty,1,1,-1,-1,-1,1,External
4051,CCc1cc(-c2ccccc2)cc(CC)c1N,isssty,0,0,-1,-1,-1,-1,Train
4052,CC(C)c1cc(-c2ccccc2)cc(C(C)C)c1N,isssty,0,0,-1,-1,-1,-1,Train
4053,c1cc2ccc3ccnc4ccc(c1)c2c34,isssty,1,1,-1,-1,-1,1,Train
4054,COc1ccc(-c2nc(-c3ccc(C)cc3C)[nH]c2-c2ccc(OC)cc2)cc1,isssty,1,1,-1,-1,-1,1,Internal
4055,O=c1cc2ccc3cccc4ccc([nH]1)c2c34,isssty,1,1,-1,-1,-1,1,Train
4056,CC[C@@]1(O)C[C@@H](OC2CC(N(C)C)C(O)C(C)O2)c2c(cc3c(c2O)C(=O)c2c(O)ccc(O)c2C3=O)[C@@H]1C(=O)OC,isssty,-1,-1,1,-1,1,1,Train
4057,CCOP(=O)(OCC)Oc1nc(Cl)c(Cl)cc1Cl,isssty,0,0,-1,-1,-1,-1,Train
4058,CCOP(=O)(Oc1ccc([N+](=O)[O-])cc1)c1ccccc1,isssty,1,0,-1,-1,-1,1,External
4059,O=[N+]([O-])c1cccc2cc3ccccc3cc12,isssty,1,1,-1,-1,-1,1,Train
4060,CCOP(=O)(NC(C)C)Oc1ccccc1C(=O)OC(C)C,isssty,1,0,-1,-1,-1,1,Train
4061,COc1ccc([C@H]2O[C@@H]2C(=O)c2ccccc2)cc1,isssty,0,1,-1,-1,-1,1,Train
4062,CCN(CC)c1ccc(/N=N/c2c(Br)cc([N+](=O)[O-])cc2[N+](=O)[O-])c(NC(C)=O)c1,isssty,1,-1,-1,-1,-1,1,Train
4063,CCN(CCC#N)c1ccc(/N=N/c2c(Cl)cc([N+](=O)[O-])cc2Cl)cc1,isssty,1,-1,-1,-1,-1,1,Internal
4064,[N-]=[N+]=C1C=CC(=O)C=C1,isssty,1,1,-1,-1,-1,1,Train
4065,c1cnc2c(c1)ccc1c3cccnc3ccc12,isssty,-1,1,-1,-1,-1,1,External
4066,N#Cc1cc([N+](=O)[O-])ccc1N,isssty,1,1,-1,-1,-1,1,Train
4067,[Cl][Ga]([Cl])[Cl],isssty,0,0,-1,-1,-1,-1,Train
4068,[Cl][Sb]([Cl])[Cl],isssty,0,0,-1,-1,-1,-1,External
4069,CC(C)COS(=O)(=O)c1ccccc1,isssty,1,1,-1,-1,-1,1,Train
4070,COc1ccc(N(CCCl)CCCl)c2cc([N+](=O)[O-])oc12,isssty,-1,1,-1,-1,-1,1,External
4071,O=[N+]([O-])c1cc2cc(N(CCCl)CCCl)ccc2o1,isssty,-1,1,-1,-1,-1,1,External
4072,O=C1c2ccccc2C(=O)c2cc(O)ccc21,isssty,1,0,-1,-1,-1,1,Train
4073,COc1ccc2oc([N+](=O)[O-])cc2c1N(CCCl)CCCl,isssty,-1,1,-1,-1,-1,1,Train
4074,O=[N+]([O-])c1cc2ccc(N(CCCl)CCCl)cc2o1,isssty,-1,1,-1,-1,-1,1,External
4075,O=C1c2ccccc2C(=O)c2c1cc(O[C@@H]1O[C@H](CO[C@@H]3OC[C@@H](O)[C@H](O)[C@H]3O)[C@@H](O)[C@H](O)[C@@H]1O)c(CO)c2O,isssty,0,1,-1,-1,-1,1,Internal
4076,CC12CC[C@@H]3c4ccc(O)c(O)c4CCC3[C@@H]1CCC2=O,isssty,0,0,-1,-1,-1,-1,Train
4077,C[C@]12CC[C@@H]3c4cc(O)c(O)cc4CC[C@H]3[C@@H]1CCC2=O,isssty,0,0,-1,-1,-1,-1,Train
4078,c1ccc2c(c1)cc1sc3cccc4ccc2c1c43,isssty,1,0,-1,-1,-1,1,Train
4079,O=S1(=O)c2cccc3ccc4c5ccccc5cc1c4c23,isssty,1,1,-1,-1,-1,1,Train
4080,Cc1ccc([N+](=O)[O-])c(S(=O)(=O)O)c1[N+](=O)[O-],isssty,0,0,-1,-1,-1,-1,External
4081,Cc1cc(S(=O)(=O)O)c([N+](=O)[O-])cc1[N+](=O)[O-],isssty,0,0,-1,-1,-1,-1,Train
4082,Oc1ccc2ccc3c4c(cc5ccc1c2c53)[C@@H](O)[C@H](O)C=C4,isssty,1,1,-1,-1,1,1,Internal
4083,CNc1ccc2nc3ccc(N)cc3[s+]c2c1,isssty,1,1,-1,-1,-1,1,External
4084,CNc1ccc2nc3ccc(N(C)C)cc3[s+]c2c1,isssty,1,1,-1,-1,-1,1,External
4085,CN(C)c1ccc2nc3ccc(N)cc3[s+]c2c1,isssty,1,1,-1,-1,-1,1,Train
4086,O=[N+]([O-])NC1=NCCN1Cc1ccc(Cl)nc1,isssty,1,0,-1,-1,-1,1,Train
4087,O=NC1=Cc2nc3ccccn3c2NC1,isssty,1,-1,-1,-1,-1,1,Train
4088,O=c1c(O[C@H]2O[C@H](CO)[C@H](O)[C@@H](O)[C@@H]2O)c(-c2ccc(O)c(O)c2)oc2cc(O)cc(O)c12,isssty,1,1,-1,-1,-1,1,Train
4089,Cc1c(N)cnc2c1nc1c(C)cccn12,isssty,1,-1,-1,-1,-1,1,Train
4090,COP(N)(=O)SC,isssty,1,0,-1,-1,-1,1,Internal
4091,Cc1ccc(N(N)c2ccc(C)cc2)cc1,isssty,-1,1,1,-1,-1,1,External
4092,CC(C)CN(N)CC(C)C,isssty,-1,1,0,-1,-1,1,Train
4093,CCN(N)c1ccccc1,isssty,-1,1,1,-1,-1,1,Train
4094,CN(C)c1ccc(/N=N/c2ccc(S(=O)(=O)[O-])cc2)cc1,isssty,-1,-1,1,-1,-1,1,Train
4095,O=[N+]([O-])c1cc2[nH]c3cc([N+](=O)[O-])c4ccccc4c3c2c2ccccc12,isssty,1,1,-1,-1,-1,1,Train
4096,CC(=O)N[C@@H](CS/C(Cl)=C(\Cl)C(Cl)=C(Cl)Cl)C(=O)O,isssty,-1,1,-1,-1,-1,1,External
4097,O=C1c2cc(O)cc(O)c2C(=O)c2c(O)cc(CO)cc21,isssty,-1,-1,-1,-1,1,1,Train
4098,Cc1ccc(N)cc1[N-][N+](=O)c1cc(N)ccc1C,isssty,0,1,-1,-1,-1,1,Train
4099,O=[N+]([O-])c1cc2[nH]c3ccc4ccccc4c3c2c2cccc(O)c12,isssty,1,1,-1,-1,-1,1,Train
4100,Nc1cc(Cl)cc(Cl)c1,isssty,0,0,-1,-1,-1,-1,Train
4101,Nc1ccc(Cl)c(Cl)c1Cl,isssty,0,0,-1,-1,-1,-1,Train
4102,Cc1c(C)c2c(Cl)c3ccccc3nc2c2ccccc12,isssty,1,-1,-1,-1,1,1,Train
4103,Nc1cc(Cl)c(Cl)c(Cl)c1,isssty,0,0,-1,-1,-1,-1,Train
4104,O=C(O)CCC(=O)Nc1ccc(Cl)cc1,isssty,0,0,-1,-1,-1,-1,Train
4105,NC(=O)CCC(=O)Nc1ccc(Cl)c(Cl)c1,isssty,0,0,-1,-1,-1,-1,Train
4106,O=C(O)CCC(=O)Nc1cc(Cl)cc(Cl)c1,isssty,0,0,-1,-1,-1,-1,Train
4107,NC(=O)CCC(=O)Nc1ccc(Cl)c(Cl)c1Cl,isssty,0,0,-1,-1,-1,-1,External
4108,NC(=O)CCC(=O)Nc1cc(Cl)c(Cl)c(Cl)c1,isssty,0,0,-1,-1,-1,-1,External
4109,O=C1CCC(=O)N1c1ccc(Cl)cc1,isssty,0,0,-1,-1,-1,-1,Train
4110,O=C1CCC(=O)N1c1ccc(Cl)c(Cl)c1,isssty,0,0,-1,-1,-1,-1,External
4111,O=C1CCC(=O)N1c1cc(Cl)cc(Cl)c1,isssty,0,0,-1,-1,-1,-1,Train
4112,O=C1CCC(=O)N1c1ccc(Cl)c(Cl)c1Cl,isssty,0,0,-1,-1,-1,-1,External
4113,O=C1CCC(=O)N1c1cc(Cl)c(Cl)c(Cl)c1,isssty,0,0,-1,-1,-1,-1,Train
4114,CC(=O)NN,isssty,-1,1,-1,1,-1,1,Train
4115,CCN(CC)C1=[SH][Zn+2]2([SH]=C([SH-]->2)N(CC)CC)<-[SH-]1,isssty,0,0,-1,-1,-1,-1,Train
4116,CCN(/C([S-])=[SH]/[Zn+2]/[SH]=C(\[S-])N(CC)c1ccccc1)c1ccccc1,isssty,0,0,-1,-1,-1,-1,External
4117,c1ccc2sc(SNC3CCCCC3)nc2c1,isssty,0,0,-1,-1,-1,-1,Train
4118,c1ccc2sc(SN3CCOCC3)nc2c1,isssty,0,0,-1,-1,-1,-1,External
4119,Nc1ccc(N(c2ccc3ccccc3c2)c2ccc3ccccc3c2)cc1,isssty,0,0,-1,-1,-1,-1,Train
4120,C=Cc1ccc(O)c(C=C)c1,isssty,0,0,-1,-1,-1,-1,Internal
4121,CCCC(c1cc(C(C)(C)C)c(O)cc1C)c1cc(C(C)(C)C)c(O)cc1C,isssty,0,0,-1,-1,-1,-1,External
4122,Oc1ccc(C2(c3ccc(O)cc3)CCCCC2)cc1,isssty,0,0,-1,-1,-1,-1,Internal
4123,Cc1cc(Cc2cc(C)cc(C(C)(C)C)c2O)c(O)c(C(C)(C)C)c1,isssty,0,0,-1,-1,-1,-1,Train
4124,CCOc1ccc2c(c1)C(C)=CC(C)(C)N2,isssty,0,0,-1,-1,-1,-1,External
4125,O=C1C=Cc2cccc3cccc1c23,isssty,-1,1,-1,-1,-1,1,Train
4126,Cc1ccc2ccc3ccccc3c2c1C,isssty,0,0,-1,-1,-1,-1,Internal
4127,Cc1cc(C)c2c(ccc3ccccc32)c1,isssty,0,1,-1,-1,-1,1,Train
4128,Cc1cc(C)c2ccc3ccccc3c2c1,isssty,1,1,-1,-1,-1,1,Train
4129,Cc1ccc(C)c2c1ccc1ccccc12,isssty,1,1,-1,-1,-1,1,Train
4130,C=C(C=O)CCC,isssty,-1,1,-1,-1,-1,1,Train
4131,C=C(C=O)CC,isssty,-1,1,-1,-1,-1,1,Train
4132,ClCc1cc2cccc3ccc4cc5ccccc5c1c4c32,isssty,1,1,-1,-1,-1,1,External
4133,[O-]B1OB2OB([O-])OB(O1)O2,isssty,0,0,-1,-1,-1,-1,Internal
4134,ClCc1cc2c3ccccc3cc3ccc4cccc1c4c32,isssty,1,1,-1,-1,-1,1,Internal
4135,CC1=C(/C=C/C(C)=C/C=C/C(C)=C/C=C/C=C(C)/C=C/C=C(\C)C=O)C(C)(C)CCC1,isssty,0,0,-1,-1,-1,-1,External
4136,Nc1nc(NO)c2ncn([C@H]3O[C@@H](CO)[C@H](O)[C@@H]3O)c2n1,isssty,-1,1,-1,-1,-1,1,External
4137,O=C1c2c(O)ccc(O)c2C(=O)c2c(NCCNCCO)ccc(NCCNCCO)c21,isssty,1,-1,-1,-1,-1,1,Train
4138,CCOC(C)C(=O)C(O)O,isssty,-1,-1,1,-1,-1,1,External
4139,Nc1ccc(Nc2ccc([N+](=O)[O-])cc2)cc1,isssty,1,-1,-1,-1,-1,1,External
4140,CC(=O)Nc1ccc(Nc2ccc([N+](=O)[O-])cc2)cc1,isssty,1,-1,-1,-1,-1,1,Train
4141,Cc1ccc(Nc2ccc([N+](=O)[O-])cc2)cc1,isssty,1,-1,-1,-1,-1,1,Train
4142,COc1ccc(N)cc1N,isssty,-1,-1,-1,-1,1,1,Train
4143,c1ccc2c(c1)-c1cc3ccccc3cc1C1OC21,isssty,1,1,-1,-1,-1,1,External
4144,O=[N+]([O-])c1ccc2ccc3nc4ccccc4c4ccc1c2c34,isssty,1,-1,-1,-1,-1,1,Train
4145,O=[N+]([O-])c1ccc2ccc3c4ccccc4nc4ccc1c2c43,isssty,1,-1,-1,-1,-1,1,Internal
4146,O=[N+]([O-])c1ccc2ccc3c4c(ccc1c24)c1ccccc1[n+]3[O-],isssty,1,-1,-1,-1,-1,1,Internal
4147,O=[N+]([O-])c1ccc2ccc3c4ccccc4[n+]([O-])c4ccc1c2c34,isssty,1,-1,-1,-1,-1,1,Internal
4148,O=C1OCC(CCl)=C1Cl,isssty,-1,1,-1,-1,-1,1,Train
4149,O[C@H]1C=Cc2c(ccc3c4c5c(cccc5cc23)C=C4)[C@@H]1O,isssty,1,-1,-1,-1,-1,1,Internal
4150,COC(COC(N)=O)C1=C(N2CC2)C(=O)C(C)=C(N2CC2)C1=O,isssty,1,1,-1,-1,1,1,Train
4151,CCc1c2ccccc2cc2c1ccc1ccccc12,isssty,1,-1,-1,-1,-1,1,External
4152,[Cl][Cr]([Cl])[Cl],isssty,1,-1,0,-1,-1,1,Train
4153,BrCc1c2ccccc2cc2ccccc12,isssty,1,1,-1,-1,-1,1,Train
4154,CC1(C)CC2=C(C=O)[C@@]3(C=O)C[C@@]3(C)[C@@H](O)[C@@]2(O)C1,isssty,1,1,-1,-1,-1,1,Train
4155,CC(=O)O[C@@H]1[C@@]2(O)CC(C)(C)CC2=C(C=O)[C@]2(C=O)C[C@]12C,isssty,0,1,-1,-1,-1,1,Train
4156,CC1(C)CC2=C(C=O)[C@@]3(C=O)C[C@@]3(C)[C@@H](O)[C@]2(O)C1,isssty,1,1,-1,-1,-1,1,Train
4157,O=Nc1ccc2ccc3cc4ccccc4c4ccc1c2c34,isssty,1,-1,-1,-1,-1,1,Train
4158,O=Nc1ccc2ccc3c4ccccc4cc4ccc1c2c43,isssty,1,-1,-1,-1,-1,1,Train
4159,O=[N+]([O-])c1ccc2c3c(c4cccc5ccc1c2c54)CCCC3,isssty,1,-1,-1,-1,-1,1,Train
4160,C/C(C=O)=C(/Cl)C(=O)O,isssty,1,1,-1,-1,-1,1,Internal
4161,O=C(O)/C(Cl)=C(\CCl)C(Cl)Cl,isssty,1,1,-1,-1,-1,1,Train
4162,O=C(O)/C=C(\CCl)C(Cl)Cl,isssty,0,1,-1,-1,-1,1,Train
4163,Cc1ccnc2ccccc12,isssty,-1,1,-1,-1,-1,1,Train
4164,CCOc1ccc(N)cc1N,isssty,-1,-1,-1,-1,1,1,Train
4165,O=[N+]([O-])c1c2c3c(ccc4cccc(c43)CC2)c2ccccc12,isssty,1,0,-1,-1,-1,1,External
4166,O=NN1CCOC(O)C1,isssty,-1,1,-1,1,-1,1,Train
4167,O=[N+]([O-])c1ccc2ccc3cc4c(c5ccc1c2c35)CCCC4,isssty,1,0,-1,-1,-1,1,Train
4168,O=[N+]([O-])c1ccc2ccc3c4c(cc5ccc1c2c53)CCCC4,isssty,1,0,-1,-1,-1,1,External
4169,O=CCCl,isssty,-1,1,-1,1,-1,1,Train
4170,O[C@H]1[C@H]2O[C@@H]2C=C[C@H]1O,isssty,0,-1,-1,1,-1,1,Train
4171,O[C@@H]1[C@@H]2O[C@H]2C=C[C@@H]1O,isssty,0,-1,-1,1,-1,1,Train
4172,Nc1ccc2nc3cc(N)ccc3nc2c1,isssty,1,-1,-1,-1,-1,1,External
4173,Cn1c(-c2ccccc2)c(/N=N/c2scc[n+]2C)c2ccccc21,isssty,-1,-1,-1,-1,1,1,Train
4174,C1=CC2=C3OC3=C3c4c(ccc5ccccc45)CC(=C1)C23,isssty,1,-1,-1,-1,-1,1,Internal
4175,O=[N+]([O-])c1ccccc1Br,isssty,0,1,-1,-1,-1,1,Train
4176,O=[N+]([O-])c1cccc(Br)c1,isssty,0,1,-1,-1,-1,1,External
4177,CC1(C)C[C@@H]2[C@]3(C)C[C@@]3(C=O)C(C=O)=C[C@]2(O)C1,isssty,1,1,-1,-1,-1,1,Train
4178,COC(=O)C12C[C@]1(C=O)C(C=O)=C[C@@H]1CC(C)(C)C[C@@H]12,isssty,1,1,-1,-1,-1,1,Train
4179,CC1(C)CC2C(O)(C=C(C=O)C34CC23C(=O)OC4O)C1,isssty,1,1,-1,-1,-1,1,External
4180,Cc1ccc([N+](=O)[O-])c(C)c1[N+](=O)[O-],isssty,0,1,-1,-1,-1,1,Train
4181,O=C(O)c1cc([N+](=O)[O-])ccc1[N+](=O)[O-],isssty,1,0,-1,-1,-1,1,Train
4182,C[C@H]1C=C(C=O)C(C=O)=C[C@]2(O)CC(C)(C)C[C@H]12,isssty,1,1,-1,-1,-1,1,Train
4183,O=C(Cl)c1cc([N+](=O)[O-])cc([N+](=O)[O-])c1,isssty,1,1,-1,-1,-1,1,External
4184,NNc1ccccc1[N+](=O)[O-],isssty,1,1,-1,-1,-1,1,Train
4185,CC1(C)C[C@H]2C=C(CO)[C@]3(C=O)C[C@@]3(C)[C@H]2C1,isssty,0,1,-1,-1,-1,1,Train
4186,O=C1c2ccccc2-c2cccc3cccc1c23,isssty,1,1,-1,-1,-1,1,External
4187,O=C1c2ccccc2Cc2ccccc21,isssty,1,0,-1,-1,-1,1,Train
4188,CNC(=O)ONC(C)=O,isssty,1,1,-1,-1,-1,1,External
4189,CNC(=O)N(O)C(C)=O,isssty,1,1,-1,-1,-1,1,Train
4190,CNC(=O)ON,isssty,1,1,-1,-1,-1,1,Train
4191,ClC[C@H]1CO1,isssty,-1,1,-1,-1,-1,1,Train
4192,ClC[C@@H]1CO1,isssty,-1,1,-1,-1,-1,1,Train
4193,Cc1ccc(S(=O)(=O)OC[C@H]2CO2)cc1,isssty,-1,1,-1,-1,-1,1,Train
4194,Cc1ccc(S(=O)(=O)OC[C@@H]2CO2)cc1,isssty,-1,1,-1,-1,-1,1,External
4195,Fc1ccc2c3c(cccc13)-c1c-2ccc2ccccc12,isssty,1,1,-1,-1,-1,1,Train
4196,Fc1ccc2c3c(ccc2c1)-c1cccc2cccc-3c12,isssty,1,1,-1,-1,-1,1,Train
4197,NC(CSCCCl)C(=O)O,isssty,-1,1,-1,-1,-1,1,Internal
4198,O=Nc1ccc2ccc3c([N+](=O)[O-])ccc4ccc1c2c43,isssty,1,-1,-1,-1,-1,1,Train
4199,O[C@H]1[C@@H]2O[C@@H]2c2c(ccc3nc4ccc5ccccc5c4cc23)[C@H]1O,isssty,1,1,-1,-1,-1,1,Train
4200,O[C@@H]1[C@H]2O[C@H]2c2c(ccc3nc4ccc5ccccc5c4cc23)[C@H]1O,isssty,1,1,-1,-1,-1,1,Train
4201,O=CN(O)c1ccc(/C=C/c2ccccc2)cc1,isssty,1,-1,-1,-1,-1,1,Train
4202,O=C(O)Nc1ccc(-c2ccccc2)cc1,isssty,1,-1,-1,-1,-1,1,Train
4203,O=CN(O)c1ccc2ccccc2c1,isssty,1,-1,-1,-1,-1,1,External
4204,CCC(=O)N(O)c1ccc(/C=C/c2ccccc2)cc1,isssty,1,-1,-1,-1,-1,1,External
4205,O=[N+]([O-])c1ccc2c(c1)CCc1ccccc1-2,isssty,1,-1,-1,-1,-1,1,Train
4206,O=[N+]([O-])c1cc2c3c(c1)CCc1cccc(c1-3)CC2,isssty,1,-1,-1,-1,-1,1,Train
4207,O=[N+]([O-])c1cc2c3c(ccc4cccc(c43)CC2)c1,isssty,1,-1,-1,-1,-1,1,External
4208,C/N=N/C(C)(C)OO,isssty,-1,1,1,1,-1,1,Train
4209,O=[N+]([O-])c1ccc2c(c1)CCc1cc([N+](=O)[O-])ccc1-2,isssty,1,-1,-1,-1,-1,1,External
4210,C1=Cc2c(cc3ccc4cccc5ccc2c3c45)CC1,isssty,1,-1,-1,-1,1,1,Train
4211,O=[N+]([O-])c1cc2c3c(c1)CCc1cc([N+](=O)[O-])cc(c1-3)CC2,isssty,1,-1,-1,-1,-1,1,Train
4212,O=[N+]([O-])c1cc2c3c(ccc4cc([N+](=O)[O-])cc(c43)CC2)c1,isssty,1,-1,-1,-1,-1,1,External
4213,COc1ccc([N+](=O)[O-])cc1[N+](=O)[O-],isssty,-1,1,-1,-1,-1,1,External
4214,CSc1ccc([N+](=O)[O-])cc1[N+](=O)[O-],isssty,-1,1,-1,-1,-1,1,Train
4215,Nc1ccc(Oc2ccc(Oc3ccc(N)cc3)cc2)cc1,isssty,0,1,-1,-1,-1,1,Internal
4216,N[C@H](CSc1ccc([N+](=O)[O-])cc1[N+](=O)[O-])C(=O)O,isssty,-1,1,-1,-1,-1,1,Train
4217,OC1c2cccc3c2C2(OC2C1O)c1ccc2ccccc2c1-3,isssty,1,1,-1,-1,-1,1,Internal
4218,c1ccc2c(c1)-c1ccc3ccccc3c1C1NC21,isssty,1,1,-1,-1,-1,1,Train
4219,c1ccc2c(c1)c1c(c3c4ccccc4c4ccccc4c23)O1,isssty,1,1,-1,-1,-1,1,Train
4220,c1ccc2c(c1)-c1c(c3ccccc3c3ccccc13)C1NC21,isssty,1,1,-1,-1,-1,1,External
4221,Cc1ccc(NO)cc1,isssty,0,1,-1,-1,-1,1,Internal
4222,Cc1cccc2ccc3cc4ccccc4cc3c12,isssty,-1,1,-1,-1,-1,1,Train
4223,Cc1ccc2ccc3cc4ccccc4cc3c2c1,isssty,-1,1,-1,-1,-1,1,Train
4224,Cc1ccc2c(ccc3cc4ccccc4cc32)c1,isssty,-1,1,-1,-1,-1,1,Train
4225,Cc1cccc2cc3c(ccc4ccccc43)cc12,isssty,-1,1,-1,-1,-1,1,Internal
4226,Cc1ccc2cc3c(ccc4ccccc43)cc2c1,isssty,-1,1,-1,-1,-1,1,External
4227,COc1ccc([C@@H]2O[C@H]2C)cc1,isssty,0,1,-1,1,-1,1,Train
4228,Cc1cccc2cc3ccc4ccccc4c3cc12,isssty,-1,1,-1,-1,-1,1,External
4229,OC1c2ccc3c(c2C2OC2C1O)-c1cccc2cccc-3c12,isssty,1,1,-1,-1,-1,1,Train
4230,CCOS(=O)(=O)c1ccc(C)cc1,isssty,-1,1,-1,1,-1,1,Train
4231,CN(C)C1=[SH][Fe+3]23([SH]=C([SH-]->2)N(C)C)([SH]=C([SH-]->3)N(C)C)<-[SH-]1,isssty,-1,1,-1,-1,-1,1,Internal
4232,O=Cc1ccc(COS(=O)(=O)O)o1,isssty,0,1,-1,-1,-1,1,Internal
4233,Cc1cc(-c2ccccc2C)ccc1N,isssty,1,1,-1,-1,-1,1,Train
4234,Cc1ccc2c(c1)c(C)c1c3ccccc3nc-1n2C,isssty,1,-1,1,-1,-1,1,Train
4235,ONc1ccc(Oc2ccccc2)cc1,isssty,1,1,-1,-1,-1,1,Train
4236,CC(=O)Nc1ccc2c(c1)Cc1cccc(O)c1-2,isssty,1,1,-1,-1,-1,1,Train
4237,c1scc2c1-c1cscc1C1NC21,isssty,1,1,-1,-1,-1,1,Train
4238,c1scc2c1-c1cscc1C1OC21,isssty,1,1,-1,-1,-1,1,Internal
4239,Oc1ccc2ccc3cc4ccccc4c4ccc1c2c34,isssty,1,-1,-1,-1,-1,1,Train
4240,O=C1CCO1,isssty,-1,1,-1,1,-1,1,Train
4241,Cc1ccc2cc3c(c4c2c1CC4)C1NC1c1ccccc1-3,isssty,1,1,-1,-1,-1,1,Train
4242,OCCCCCl,isssty,0,1,-1,-1,-1,1,Train
4243,c1ccc2c(c1)-c1cc3ccc4ccccc4c3cc1C1NC21,isssty,1,1,-1,-1,-1,1,Train
4244,CC1CN1,isssty,-1,1,-1,1,-1,1,Internal
4245,O=C1C=Cc2ccc3c(ccc4ccccc43)c2C1=O,isssty,0,1,-1,-1,-1,1,Train
4246,CC(C)CN(N=O)/C(N)=N/[N+](=O)[O-],isssty,-1,1,-1,1,-1,1,Train
4247,Oc1ccc2ccc3c4c(ccc3c2c1)[C@H](O)[C@@H](O)[C@H]1O[C@@H]41,isssty,1,1,-1,-1,-1,1,Train
4248,O=C(CC(O)C(=O)OCCBr)OCCBr,isssty,0,1,-1,-1,-1,1,Train
4249,Nc1ccc2ccc3ccc([N+](=O)[O-])c4ccc1c2c34,isssty,1,-1,-1,-1,-1,1,Train
4250,Clc1c2ccccc2cc2c1ccc1ccccc12,isssty,1,1,-1,-1,-1,1,External
4251,O=Nc1ccc(Sc2ccccc2)cc1,isssty,1,-1,-1,-1,-1,1,Train
4252,ONc1ccc(Sc2ccccc2)cc1,isssty,1,-1,-1,-1,-1,1,Train
4253,C[N+](=O)[N-]CO,isssty,-1,1,-1,1,-1,1,Train
4254,[N-]=[N+]=NCC(O)CN=[N+]=[N-],isssty,-1,1,-1,1,-1,1,Internal
4255,O=[N+]([O-])c1ccc(I)c([N+](=O)[O-])c1,isssty,1,-1,-1,-1,-1,1,Train
4256,c1ccc([C@H]2N[C@@H]2c2ccccc2)cc1,isssty,0,1,-1,-1,0,1,Internal
4257,Cc1ccc2cc3c(c4c2c1CC4)C1OC1c1ccccc1-3,isssty,1,1,-1,-1,-1,1,External
4258,c1ccc([C@H]2N[C@H]2c2ccccc2)cc1,isssty,0,1,-1,-1,0,1,Train
4259,c1cc2c3c(cccc3c1)C1NC21,isssty,1,1,-1,-1,1,1,Train
4260,Cc1cc2ccccc2c2ccc3c(c12)[C@@H]1O[C@@H]1[C@H](O)[C@H]3O,isssty,-1,1,-1,-1,-1,1,Internal
4261,Cc1cc([NH3+])sn1,isssty,-1,-1,1,-1,-1,1,External
4262,N[C@H](CCC(=O)N[C@H](CSN=O)C(=O)NCC(=O)O)C(=O)O,isssty,-1,1,1,-1,-1,1,Train
4263,CC/C=C/C=C/C=C/C=C/OCC(O)CO,isssty,1,1,-1,-1,-1,1,Train
4264,CC/C=C\C=C/C=C\C=C/C=C\OCC(O)CO,isssty,1,1,-1,-1,-1,1,External
4265,C1=CC23CCCC2(C=C1)O3,isssty,0,1,-1,-1,-1,1,Train
4266,Cn1c([N+](=O)[O-])nc2c3cccnc3ccc21,isssty,1,-1,-1,-1,-1,1,Train
4267,CC(C)(C)ON=O,isssty,-1,1,0,-1,-1,1,Train
4268,O=[N+]([O-])c1cc2cccc3c2c(c1[N+](=O)[O-])-c1ccccc1-3,isssty,1,-1,-1,-1,-1,1,Train
4269,O=[N+]([O-])c1cc([N+](=O)[O-])c2cccc3c2c1-c1ccccc1-3,isssty,1,-1,-1,-1,-1,1,External
4270,O=S(=O)(O)Oc1ccc2ccc3cc4ccccc4c4ccc1c2c34,isssty,1,-1,-1,-1,-1,1,Train
4271,CCOC(=O)N(CCC=O)N=O,isssty,-1,1,-1,1,-1,1,Train
4272,Oc1cccc2ccccc12,isssty,0,-1,-1,1,-1,1,Train
4273,O=c1oc2cccc3ccc4c5ccccc5cc1c4c32,isssty,1,1,-1,-1,-1,1,Train
4274,[NH3+]CCC[NH2+]CCCCN(CCC[NH3+])N(O)N=O,isssty,-1,-1,-1,1,-1,1,Train
4275,O=C(O)C=C(C(Cl)Cl)C(Cl)Cl,isssty,0,1,-1,-1,-1,1,Train
4276,c1ccc2c(c1)-c1cccc3cc4ccccc4c-2c13,isssty,0,1,-1,-1,-1,1,Train
4277,O=C/C(CCl)=C(/Cl)C(=O)O,isssty,1,1,-1,-1,-1,1,External
4278,c1ccc(CN2C3c4ccccc4-c4ccccc4C32)cc1,isssty,-1,1,-1,-1,-1,1,Train
4279,CN1CCN(c2ccc3nc(CCc4ccc5nc(-c6ccc(N(CCCl)CCCl)cc6)[nH]c5c4)[nH]c3c2)CC1,isssty,0,0,1,-1,-1,1,Train
4280,CN1CCN(c2ccc3nc(CCCc4ccc5nc(-c6ccc(N(CCCl)CCCl)cc6)[nH]c5c4)[nH]c3c2)CC1,isssty,0,0,1,-1,-1,1,Train
4281,O=C1CN(/N=C/C=C/c2ccc([N+](=O)[O-])o2)C(=O)N1,isssty,1,1,-1,-1,-1,1,Train
4282,C=C1C(CCl)(CCl)C2(Cl)C(Cl)C(Cl)C1(Cl)C2(Cl)Cl,isssty,1,1,-1,-1,-1,1,Train
4283,C(=N/NC1=NCCN1)\c1c2ccccc2c(/C=N/NC2=NCCN2)c2ccccc12,isssty,1,-1,-1,-1,-1,1,External
4284,OOC1CCCc2ccccc21,isssty,0,1,0,-1,-1,1,External
4285,C1CO1,isssty,-1,1,-1,1,-1,1,Train
4286,CCCCCN(N=O)/C(N)=N/[N+](=O)[O-],isssty,-1,1,-1,1,-1,1,External
4287,COc1ccc(-c2nc(-c3ccccc3)c(-c3ccccc3)[nH]2)cc1OC,isssty,1,1,-1,-1,-1,1,External
4288,Cc1cccc(N)c1N,isssty,1,-1,-1,-1,-1,1,Train
4289,Oc1ccc2ccc3c4c(ccc3c2c1)[C@@H](O)[C@H](O)[C@H]1O[C@@H]41,isssty,1,1,-1,-1,-1,1,Internal
4290,O=S(Cl)Cl,isssty,-1,1,1,-1,-1,1,External
4291,O=[N+]([O-])c1cc2c(ccc3cc(N(CCCl)CCCl)ccc32)o1,isssty,-1,1,-1,-1,-1,1,Train
4292,CC(=O)ON(C(C)=O)c1ccc(Sc2ccccc2)cc1,isssty,1,-1,-1,-1,-1,1,Internal
4293,CC(=O)N(O)c1ccc(/C=C/c2ccccc2)cc1,isssty,1,-1,-1,-1,-1,1,Train
4294,OCc1c2ccccc2cc2c1ccc1ccccc12,isssty,1,-1,-1,-1,-1,1,External
4295,N#[N+]c1ccc(CO)cc1,isssty,-1,-1,-1,-1,-1,-1,Train
4296,CN(C)c1ccc2cc3ccc(N(C)C)cc3nc2c1,isssty,1,1,-1,-1,1,1,Train
4297,Cc1cc2c(nc1N)[nH]c1ccccc12,isssty,1,1,-1,-1,-1,1,Internal
4298,CCN(CC)c1ccc2nc3c(cc(N)c4ccccc43)[o+]c2c1.[O-][Cl+3]([O-])([O-])[O-],isssty,-1,1,-1,-1,-1,1,Train
4299,[N-]=[N+]=NC[C@H]1O[C@@H](O)[C@@H](O)[C@@H](O)[C@@H]1O,isssty,0,1,-1,-1,-1,1,Train
4300,[N-]=[N+]=NC[C@H]1O[C@@H](O)[C@H](O)[C@@H](O)[C@@H]1O,isssty,0,1,-1,-1,-1,1,Train
4301,[N-]=[N+]=NC[C@H]1O[C@@H](O)[C@H](O)[C@H](O)[C@@H]1O,isssty,0,1,-1,-1,-1,1,Train
4302,[N-]=[N+]=NC[C@H]1O[C@@H](O)[C@@H](O)[C@H](O)[C@@H]1O,isssty,0,1,-1,-1,-1,1,Train
4303,[N-]=[N+]=NC[C@@H]1O[C@@H](O)[C@@H](O)[C@@H](O)[C@@H]1O,isssty,0,1,-1,-1,-1,1,Internal
4304,[N-]=[N+]=NC[C@H]1O[C@@H](O)[C@@H](O)[C@@H](O)[C@H]1O,isssty,0,1,-1,-1,-1,1,Train
4305,[N-]=[N+]=NC[C@H](O)[C@@H](O)[C@H](O)[C@H](O)C(=O)O,isssty,0,1,-1,-1,-1,1,Train
4306,COc1cccc(CN(C)N=O)c1,isssty,-1,-1,-1,1,-1,1,Train
4307,Cc1cccc(CN(C)N=O)c1,isssty,-1,-1,-1,1,-1,1,Train
4308,CN(Cc1cccc(Cl)c1)N=O,isssty,-1,-1,-1,1,-1,1,Train
4309,CN(Cc1cccc(Br)c1)N=O,isssty,-1,-1,-1,1,-1,1,Train
4310,CN(Cc1cccc(C(F)(F)F)c1)N=O,isssty,-1,-1,-1,1,-1,1,Train
4311,CN(Cc1cccc(C#N)c1)N=O,isssty,-1,-1,-1,1,-1,1,Train
4312,CN(Cc1ccc(F)cc1)N=O,isssty,-1,-1,-1,1,-1,1,Train
4313,CN(Cc1ccc(Cl)cc1)N=O,isssty,-1,-1,-1,1,-1,1,Train
4314,CN(Cc1ccc(Br)cc1)N=O,isssty,-1,-1,-1,1,-1,1,Train
4315,CN(Cc1ccc(C#N)cc1)N=O,isssty,-1,-1,-1,1,-1,1,Train
4316,CN(Cc1ccc([N+](=O)[O-])cc1)N=O,isssty,-1,-1,-1,1,-1,1,Train
4317,CC(=O)c1ccc(NO)cc1,isssty,-1,1,-1,0,-1,1,Train
4318,CC[C@@]1(O)C[C@H](OC2CC(N(C)C)C(OC3CC(O)C(O[C@@H]4O[C@@H](C)C(=O)C=C4N)C(C)O3)C(C)O2)c2c(cc3c(c2O)C(=O)c2c(O)ccc(O)c2C3=O)[C@@H]1C(=O)OC,isssty,1,-1,-1,-1,-1,1,Train
4319,COc1cccc2c1C(=O)c1c(O)c3c(c(O)c1C2=O)CC(O)(C(C)=O)CC3OC1CC(N2CCOCC2C#N)C(O)C(C)O1,isssty,1,-1,-1,-1,-1,1,Train
4320,CC(C)=C/C(C)=N/N=c1/[nH]ncc2ccccc12,isssty,-1,1,-1,-1,-1,1,Train
4321,NC(CO)C(=O)NNCc1ccc(O)c(O)c1O,isssty,-1,1,-1,-1,-1,1,Internal
4322,C[C@@](Cc1ccc(O)c(O)c1)(NN)C(=O)O,isssty,-1,1,-1,-1,-1,1,Internal
4323,CN(CCC#N)c1ccc(/N=N/c2ccc3ncsc3c2)cc1,isssty,1,-1,-1,-1,-1,1,Train
4324,O=[N+]([O-])c1ccc(Nc2ccc(Cl)cc2)cc1,isssty,1,-1,-1,-1,-1,1,Internal
4325,O=S(=O)([O-])N(O)S(=O)(=O)[O-],isssty,-1,1,-1,-1,-1,1,External
4326,NOS(=O)(=O)O,isssty,-1,0,-1,-1,-1,-1,Train
4327,ClCc1ccc2cccc3c2c1-c1ccccc1-3,isssty,1,1,-1,-1,-1,1,Train
4328,ClCc1cc2c3c(cccc3c1)-c1ccccc1-2,isssty,1,1,-1,-1,-1,1,External
4329,ClCc1ccc2c3c(cccc13)-c1ccccc1-2,isssty,1,1,-1,-1,-1,1,Internal
4330,ClCc1cccc2c1-c1cccc3cccc-2c13,isssty,1,1,-1,-1,-1,1,Internal
4331,ClCc1ccc2c(c1)-c1cccc3cccc-2c13,isssty,1,1,-1,-1,-1,1,Train
4332,OCc1ccc2c(c1)-c1cccc3cccc-2c13,isssty,0,1,-1,-1,-1,1,Train
4333,Cc1nc([N+](=O)[O-])cc2c1[nH]c1c([N+](=O)[O-])cc([N+](=O)[O-])cc12,isssty,1,-1,-1,-1,-1,1,Train
4334,CC(=O)Nc1ccc(C)c(N)c1,isssty,1,-1,-1,-1,-1,1,Train
4335,O=S(=O)(O)OCc1c2ccccc2c2ccc3cccc4ccc1c2c43,isssty,1,1,-1,-1,-1,1,Internal
4336,CC(=O)OC[N-][N+](C)=O,isssty,-1,-1,-1,1,-1,1,Train
4337,CN1C(=O)CN=C(c2ccccc2F)c2cc([N+](=O)[O-])ccc21,isssty,-1,1,-1,-1,-1,1,Train
4338,CC(=O)OO[N+](=O)[O-],isssty,-1,1,-1,-1,-1,1,External
4339,Cc1cc(O)c2c(c1)C(=O)c1c(O)c(O)cc(O)c1C2=O,isssty,-1,-1,-1,-1,1,1,Train
4340,O=[N+]([O-])c1ccccc1SSC(Cl)=C(Cl)Cl,isssty,-1,1,-1,-1,-1,1,Train
4341,O=[N+]([O-])c1ccccc1SS/C(Cl)=C(\Cl)C(Cl)=C(Cl)Cl,isssty,-1,1,-1,-1,-1,1,Train
4342,O=[N+]([O-])c1ccccc1SS/C(Cl)=C(\Cl)C(F)(F)F,isssty,-1,1,-1,-1,-1,1,External
4343,O=[N+]([O-])c1ccccc1SSC(F)=C(Cl)Cl,isssty,-1,1,-1,-1,-1,1,Train
4344,CC(=O)N(OC(=O)c1ccccc1)c1ccc2c(c1)Cc1ccccc1-2,isssty,1,-1,-1,-1,-1,1,Train
4345,Nc1cc([N+](=O)[O-])c(-c2ccccc2)c([N+](=O)[O-])c1,isssty,1,-1,-1,-1,-1,1,External
4346,Nc1cc(N)c(-c2ccccc2)c([N+](=O)[O-])c1,isssty,1,-1,-1,-1,-1,1,Internal
4347,Nc1ccc(-c2ccc(N)cc2[N+](=O)[O-])c([N+](=O)[O-])c1,isssty,1,-1,-1,-1,-1,1,External
4348,Nc1ccc(-c2ccc([N+](=O)[O-])cc2N)c([N+](=O)[O-])c1,isssty,1,-1,-1,-1,-1,1,Train
4349,O=[N+]([O-])c1ccc2ccc3c4c(cc5ccc1c2c53)C=C[C@H](O)[C@H]4O,isssty,1,-1,-1,-1,-1,1,Train
4350,CN(OC(=O)c1ccccc1)c1ccc(/N=N/c2ccccc2)cc1,isssty,1,1,-1,-1,-1,1,Train
4351,O=[N+]([O-])c1ccc2ccc3c4c(cc5ccc1c2c53)[C@H](O)[C@@H](O)C=C4,isssty,1,-1,-1,-1,-1,1,Train
4352,O=NN(CCCl)C(=O)NCCCl,isssty,-1,-1,-1,1,-1,1,External
4353,Cc1cccc(C)c1NO,isssty,-1,1,-1,-1,-1,1,Train
4354,Cc1ccc(C)c(NO)c1,isssty,-1,1,-1,-1,-1,1,Train
4355,Cc1ccc(NO)cc1C,isssty,-1,1,-1,-1,-1,1,Internal
4356,Cc1ncc(CNC(=O)N(CCCl)N=O)c(N)n1,isssty,1,1,-1,-1,-1,1,Train
4357,Cc1cccc(NO)c1C,isssty,-1,1,-1,-1,-1,1,External
4358,Cc1ccc(NO)c(C)c1,isssty,-1,1,-1,-1,-1,1,Train
4359,Cc1c(N)nc([C@H](CC(N)=O)NC[C@H](N)C(N)=O)nc1C(=O)N[C@H](C(=O)N[C@H](C)[C@@H](O)[C@H](C)C(=O)N[C@H](C(=O)NCCc1nc(-c2nc(C(=O)NCCCN[C@@H](C)c3ccccc3)cs2)cs1)[C@@H](C)O)[C@@H](O[C@@H]1O[C@@H](CO)[C@@H](O)[C@H](O)[C@@H]1O[C@H]1O[C@H](CO)[C@@H](O)[C@H](OC(N)=O)[C@@H]1O)c1cnc[nH]1,isssty,-1,-1,1,-1,0,1,External
4360,O=[N+]([O-])c1ccc2ccc3ccc(O)c4c5ccccc5c1c2c34,isssty,1,-1,-1,-1,-1,1,Train
4361,O=P(O)(OCC(Br)CBr)OCC(Br)CBr,isssty,-1,1,-1,1,-1,1,Train
4362,O=CC(Br)CBr,isssty,-1,1,-1,-1,-1,1,Train
4363,O=[N+]([O-])c1ccc(-c2nc(N(CCO)CCO)c3ccccc3n2)s1,isssty,1,1,-1,-1,-1,1,Train
4364,ClCCBr,isssty,-1,-1,-1,1,-1,1,External
4365,Cc1cc2c(cc1C)C(C)c1ccccc1-2,isssty,1,1,-1,-1,-1,1,Train
4366,Clc1cc2c3ccccc3ccc2c2ccccc12,isssty,0,1,-1,-1,-1,1,Train
4367,COc1cc2c(c3oc(=O)c4c(c13)CC[C@@H]4O)[C@@H]1C=CO[C@@H]1O2,isssty,-1,1,-1,-1,-1,1,Train
4368,Clc1ccc2ccc3cccc4ccc1c2c34,isssty,1,1,-1,-1,-1,1,Train
4369,CC(=O)OCc1c2ccccc2c2ccc3cccc4ccc1c2c43,isssty,1,1,-1,-1,-1,1,Train
4370,CC(=O)OCc1c2cccc3ccc4cc5cccc6ccc1c(c65)c4c32,isssty,1,0,-1,-1,-1,1,Train
4371,BrCc1c2ccccc2c2ccc3cccc4ccc1c2c43,isssty,1,1,-1,-1,-1,1,Train
4372,BrCc1c2cccc3ccc4cc5cccc6ccc1c(c65)c4c32,isssty,1,0,-1,-1,-1,1,Train
4373,CC(=O)OCc1c2ccccc2c(C)c2ccc3ccccc3c12,isssty,1,1,-1,-1,-1,1,Train
4374,CC(=O)OCc1c2ccccc2cc2ccc3ccccc3c12,isssty,1,1,-1,-1,-1,1,Train
4375,CC(=O)OCc1c2ccccc2cc2ccccc12,isssty,1,1,-1,-1,-1,1,Train
4376,CC(=O)OCc1c2ccccc2c(C)c2ccccc12,isssty,1,1,-1,-1,-1,1,Train
4377,BrCc1c2ccccc2cc2c1ccc1ccccc12,isssty,1,1,-1,-1,-1,1,Train
4378,CC(=O)OCc1c2ccccc2c(C)c2c1ccc1ccccc12,isssty,1,1,-1,-1,-1,1,Train
4379,CC(=O)OCc1c2ccccc2cc2c1ccc1ccccc12,isssty,1,1,-1,-1,-1,1,Train
4380,BrCc1c2ccccc2cc2ccc3ccccc3c12,isssty,1,1,-1,-1,-1,1,Train
4381,Cc1c2ccccc2c(CBr)c2ccccc12,isssty,1,0,-1,-1,-1,1,Internal
4382,Cc1c2ccccc2c(CBr)c2c1ccc1ccccc12,isssty,1,1,-1,-1,-1,1,Train
4383,CC(=O)OC1Cc2cc3cccc4ccc5ccc1c2c5c43,isssty,1,1,-1,-1,-1,1,Train
4384,CC(=O)OC1Cc2c(C)ccc3cc4c(ccc5ccccc54)c1c23,isssty,1,1,-1,-1,-1,1,Internal
4385,CC(=O)OC1Cc2ccc3ccc4cccc5cc1c2c3c45,isssty,1,1,-1,-1,-1,1,External
4386,CC(=O)OC1Cc2c3ccc4ccccc4c3cc3ccc(C)c1c23,isssty,0,1,-1,-1,-1,1,Train
4387,ONc1ccccc1-c1ccccc1,isssty,0,1,-1,-1,-1,1,Internal
4388,N[C@@H](CS/C(Cl)=C(\Cl)C(Cl)(Cl)Cl)C(=O)O,isssty,-1,1,-1,-1,-1,1,Train
4389,O=Nc1cccc(-c2ccccc2)c1,isssty,1,1,-1,-1,-1,1,External
4390,CC1(C2CO2)CO1,isssty,1,1,-1,-1,-1,1,External
4391,CC(C)(C)NC[C@@H](O)COc1ccccc1C1CCCC1,isssty,1,-1,-1,-1,-1,1,Internal
4392,Nc1cccc2cc3c(nc12)CCCC3,isssty,-1,-1,-1,-1,-1,-1,Train
4393,O=C1CCCN1c1ncc([N+](=O)[O-])s1,isssty,1,0,-1,-1,-1,1,Train
4394,O=C(C(Cl)Cl)N1CCN(c2ncc([N+](=O)[O-])s2)C1=O,isssty,1,1,-1,-1,-1,1,Train
4395,O=[N+]([O-])c1ccc2c3ccccc3c3c([N+](=O)[O-])ccc4ccc1c2c43,isssty,1,-1,-1,-1,-1,1,Internal
4396,O=C(NCCCl)Nc1ncc([N+](=O)[O-])s1,isssty,1,1,-1,-1,-1,1,Train
4397,CC1CNC(=O)N1c1ncc([N+](=O)[O-])s1,isssty,1,1,-1,-1,-1,1,Train
4398,O=[N+]([O-])c1cc([N+](=O)[O-])c2c3c(c4cccc5ccc1c2c54)CCCC3,isssty,1,-1,-1,-1,-1,1,Train
4399,O=[N+]([O-])c1ccc2c3c(c4c([N+](=O)[O-])ccc5ccc1c2c54)CCCC3,isssty,1,-1,-1,-1,-1,1,Internal
4400,O=[N+]([O-])c1ccc2ccc3ccc([N+](=O)[O-])c4c5c(c1c2c34)CCCC5,isssty,1,-1,-1,-1,-1,1,Internal
4401,O=[N+]([O-])c1ccc2ccc3cccc4c5c(c1c2c34)CCCC5,isssty,1,-1,-1,-1,-1,1,External
4402,CN[C@@H]1[C@H](O[C@@H]2[C@@H](O[C@@H]3[C@H](O)[C@@H](O)[C@H](N=C(N)N)[C@@H](O)[C@@H]3N=C(N)N)O[C@H](C)[C@]2(O)C=O)O[C@@H](CO)[C@H](O)[C@H]1O,isssty,-1,-1,1,-1,-1,1,Internal
4403,CCCCN(N=O)C(=O)OCC,isssty,1,1,-1,-1,-1,1,Train
4404,CC(OP(=O)(OC(C)C(Br)CBr)OC(C)C(Br)CBr)C(Br)CBr,isssty,-1,1,-1,-1,-1,1,External
4405,CC1CC2(OC2C)C(=O)OC2CCN(C)C/C=C(/COC(=O)C1(C)O)C2=O,isssty,-1,1,-1,-1,-1,1,Train
4406,C=C/C1=C/[C@@H](C)[C@](C)(OC(C)=O)C(=O)OCC2=CC[N+]3(C)CC[C@@H](OC1=O)C23[O-],isssty,-1,1,-1,-1,-1,1,Train
4407,C/C=C1\C[C@@H](C)[C@](C)(OC(C)=O)C(=O)OC/C2=C/CN(C)CC[C@@H](OC1=O)C2=O,isssty,-1,1,-1,-1,-1,1,External
4408,CC(=O)Nc1ccc(Cc2ccc(N)c(Cl)c2)cc1Cl,isssty,-1,1,-1,-1,-1,1,Train
4409,CC(Br)C(Br)COP(=O)(OCC(Br)C(C)Br)OCC(Br)C(C)Br,isssty,-1,1,-1,-1,-1,1,External
4410,Cn1c(N)nc2nc3ncccc3cc21,isssty,0,-1,-1,-1,-1,-1,Train
4411,CC(Br)C(Br)CCl,isssty,-1,1,-1,-1,-1,1,Train
4412,O=[N+]([O-])c1c2ccccc2cc2c3c(ccc12)[C@@H](O)[C@H](O)C=C3,isssty,1,0,-1,-1,-1,1,Train
4413,CC(Cl)C(Br)CBr,isssty,-1,1,-1,-1,-1,1,Train
4414,O=[N+]([O-])c1c2c(cc3c1ccc1ccccc13)C=C[C@@H](O)[C@@H]2O,isssty,1,0,-1,-1,-1,1,External
4415,Cc1c2ccccc2cc2c3c(ccc12)C(O)C(O)[C@H]1O[C@@H]31,isssty,1,1,-1,-1,-1,1,Internal
4416,CCc1c2ccccc2cc2c3c(ccc12)[C@@H](O)[C@H](O)[C@@H]1O[C@@H]31,isssty,1,1,-1,-1,-1,1,External
4417,NC(=O)c1cc(N2CC2)c([N+](=O)[O-])cc1[N+](=O)[O-],isssty,0,1,-1,-1,-1,1,Internal
4418,C/C=C(\C)CCl,isssty,-1,1,-1,-1,-1,1,Train
4419,CC[C@@H](C)OS(C)(=O)=O,isssty,-1,0,-1,1,-1,1,Train
4420,CC[C@H](C)OS(C)(=O)=O,isssty,-1,1,-1,1,-1,1,External
4421,Cc1c2ccccc2c(CCl)c2ccc3ccccc3c12,isssty,-1,1,-1,-1,1,1,Train
4422,c1ccc2c(c1)cc1ccc3cccc4c5ccccc5c2c1c34,isssty,1,1,-1,-1,-1,1,Train
4423,CC(C)Cl,isssty,-1,1,-1,-1,-1,1,External
4424,CCCC/C=C/C=C/C=C/C=C/C=C/OC[C@@H](O)CO,isssty,-1,1,-1,-1,-1,1,Train
4425,CC/C=C/C=C/C=C/C=C/C=C/OC,isssty,-1,1,-1,-1,-1,1,Train
4426,C1=Cc2c3ccccc3cc3cc4ccccc4c1c23,isssty,1,-1,-1,-1,-1,1,External
4427,COC(=O)/N=N/C=C1\C=[N+]([O-])c2ccccc2N1O,isssty,1,-1,-1,-1,-1,1,External
4428,Cc1cc2nc3ccc(C)c(N)c3nc2cc1N,isssty,1,-1,-1,-1,-1,1,Train
4429,OCCN(CCO)c1ccc2ccccc2c1,isssty,-1,1,-1,-1,-1,1,Internal
4430,c1ccc2c(c1)cc1c3ccccc3c3cccc4ccc2c1c43,isssty,1,1,-1,-1,-1,1,Train
4431,O=[N+]([O-])c1cccc2nc3ccccc3nc12,isssty,1,-1,-1,-1,-1,1,External
4432,O=[N+]([O-])c1ccc2nc3ccccc3nc2c1,isssty,1,-1,-1,-1,-1,1,Train
4433,O=[N+]([O-])c1ccc2nc3c([N+](=O)[O-])cccc3nc2c1,isssty,1,-1,-1,-1,-1,1,External
4434,O=[N+]([O-])c1cccc2nc3cccc([N+](=O)[O-])c3nc12,isssty,1,-1,-1,-1,-1,1,Train
4435,O=[N+]([O-])c1ccc2nc3cc([N+](=O)[O-])ccc3nc2c1,isssty,1,-1,-1,-1,-1,1,Train
4436,O=[N+]([O-])c1ccc2nc3ccc([N+](=O)[O-])cc3nc2c1,isssty,1,-1,-1,-1,-1,1,Train
4437,Nc1cccc2nc3ccccc3nc12,isssty,1,-1,-1,-1,-1,1,Train
4438,Nc1ccc2nc3ccccc3nc2c1,isssty,1,-1,-1,-1,-1,1,External
4439,Nc1cccc2nc3c(N)cccc3nc12,isssty,1,-1,-1,-1,-1,1,Train
4440,Nc1ccc2nc3c(N)cccc3nc2c1,isssty,1,-1,-1,-1,-1,1,Train
4441,Nc1ccc2nc3ccc(N)cc3nc2c1,isssty,1,-1,-1,-1,-1,1,External
4442,Nc1cc([N+](=O)[O-])ccc1C(=O)O,isssty,1,-1,-1,-1,-1,1,Train
4443,O=NN(CCCl)C(=O)NCCO,isssty,-1,-1,-1,1,-1,1,Train
4444,NC(=O)CNC(=O)N(CCCl)N=O,isssty,-1,-1,-1,1,-1,1,External
4445,CN(CCCC(O)c1cccnc1)N=O,isssty,-1,-1,-1,1,-1,1,External
4446,c1ccc2c(c1)-c1cc3ccccc3c3cc4ccccc4c-2c13,isssty,-1,1,-1,-1,-1,1,External
4447,O[C@H]1C=Cc2c(cc3c4c(c5ccccc5cc24)-c2ccccc2-3)[C@@H]1O,isssty,-1,1,-1,-1,-1,1,Train
4448,O[C@H]1C=Cc2c(cc3c4c(cc5ccccc53)-c3ccccc3-c24)[C@@H]1O,isssty,-1,1,-1,-1,-1,1,Train
4449,N#C[Se]Cc1ccccc1,isssty,-1,1,-1,-1,-1,1,External
4450,CC(O)C(=O)NCCO,isssty,1,-1,-1,-1,-1,1,Train
4451,CN(C)c1ccc(/N=N/c2ccc3[nH]ncc3c2)cc1,isssty,1,-1,-1,-1,-1,1,Train
4452,C1=c2ccccc2=C2Cc3ccccc3C3=C4OC4=C1C32,isssty,1,-1,-1,-1,-1,1,Train
4453,C1=CC2=C3OC3=C3c4ccc5ccccc5c4CC(=C1)C23,isssty,1,-1,-1,-1,-1,1,Train
4454,c1cc2c3c(c1)=C1OC1C=3Cc1cc3ccccc3cc1-2,isssty,1,-1,-1,-1,-1,1,Train
4455,CN(CCCl)CCCl,isssty,-1,1,-1,1,-1,1,Train
4456,C[N+]([O-])(CCCl)CCCl,isssty,1,1,-1,-1,-1,1,External
4457,Nc1ccc(CC(=O)O)cc1,isssty,1,-1,-1,-1,-1,1,Train
4458,CCn1cc(C(=O)O)c(=O)c2cc(F)c(N3CCNC(C)C3)c(F)c21,isssty,-1,-1,1,-1,-1,1,Train
4459,O=Nn1cnc(CC(=O)NO)c1,isssty,1,1,-1,-1,-1,1,Train
4460,O=Cc1ccc2ccc3cccc4ccc1c2c34,isssty,1,1,-1,-1,-1,1,External
4461,CCC[CH2][Sn]([Cl])([CH2]CCC)[CH2]CCC,isssty,0,1,-1,-1,-1,1,Train
4462,O=C1c2ccccc2-c2cc3ccccc3cc21,isssty,1,-1,-1,-1,-1,1,Train
4463,CCOP(=O)(OCC)C(C)NC(=O)N(CCCl)N=O,isssty,-1,-1,-1,1,-1,1,Train
4464,Oc1cccc2c1ccc1c3c4c(cccc4cc12)C=C3,isssty,1,-1,-1,-1,-1,1,Train
4465,O=c1[nH]c(=O)n([C@@H]2C[C@@H](O)[C@H](CO)O2)cc1COO,isssty,-1,1,1,-1,-1,1,Internal
4466,CN(C)S(=O)(=O)CCNC(=O)N(CCCl)N=O,isssty,-1,1,-1,-1,-1,1,External
4467,O=S(=O)(O)c1ccc2ccc3cccc4ccc1c2c34,isssty,0,1,-1,-1,-1,1,Train
4468,CNC(=O)ON(C(C)=O)C(=O)NC,isssty,1,0,-1,-1,-1,1,Train
4469,CNC(=O)N(C)C(=O)ON,isssty,1,1,-1,-1,-1,1,Train
4470,COC(=O)c1cc2c([nH]c3ccccc32)c(-c2ccc3c(n2)C(=O)C=CC3=O)n1,isssty,-1,1,-1,-1,-1,1,Train
4471,Cc1ccccc1OP(=O)(Oc1ccccc1C)Oc1ccccc1C,isssty,-1,1,-1,-1,-1,1,Train
4472,O=P1(Oc2ccccc2)OCc2ccccc2O1,isssty,-1,1,-1,-1,-1,1,Train
4473,COc1cc(O)c2c(c1)Cc1cc(C)cc(O)c1C2=O,isssty,-1,-1,-1,-1,1,1,Train
4474,COc1cc(O)c2c(c1)C(=O)c1c(O)c(C)cc(O)c1C2=O,isssty,-1,-1,-1,-1,1,1,Internal
4475,COc1ccc(O)c2c(=O)c3c(OC)cc4c(c3oc12)[C@H]1C=CO[C@H]1O4,isssty,0,1,-1,-1,-1,1,Train
4476,COC(=O)c1c2c(c3ccccc3c1O)OC(C)(C)C=C2,isssty,-1,1,-1,-1,-1,1,Train
4477,COc1cc(O)c2c(=O)c3c(OC)cc4c(c3oc2c1OC)C1C=COC1O4,isssty,0,1,-1,-1,-1,1,Train
4478,O=c1c2c(O)cccc2oc2c3c(cc(O)c12)O[C@H]1OC=C[C@@H]31,isssty,0,1,-1,-1,-1,1,Internal
4479,Cc1cc2ccccc2c2ccc3c(c12)[C@H]1O[C@H]1[C@@H](O)[C@@H]3O,isssty,-1,1,-1,-1,-1,1,Internal
4480,COc1cc2c(c3oc4cccc(OC(C)=O)c4c(=O)c13)C1C=COC1O2,isssty,0,1,-1,-1,-1,1,Train
4481,NC(=O)c1csc([N+](=O)[O-])c1,isssty,1,1,-1,-1,-1,1,Train
4482,CN(C(=O)c1csc([N+](=O)[O-])c1)c1ccccc1,isssty,1,1,-1,-1,-1,1,Internal
4483,O=C(Nc1ccc([N+](=O)[O-])cc1)c1csc([N+](=O)[O-])c1,isssty,1,1,-1,-1,-1,1,Train
4484,O=C(Nc1ccc(Cl)cc1)c1csc([N+](=O)[O-])c1,isssty,1,1,-1,-1,-1,1,Train
4485,O=C(Nc1ccc(Br)cc1)c1csc([N+](=O)[O-])c1,isssty,1,1,-1,-1,-1,1,External
4486,O=C(Nc1ccc(F)cc1)c1csc([N+](=O)[O-])c1,isssty,1,1,-1,-1,-1,1,External
4487,CCc1ccc(NC(=O)c2csc([N+](=O)[O-])c2)cc1,isssty,1,1,-1,-1,-1,1,Train
4488,Cc1ccc(NC(=O)c2csc([N+](=O)[O-])c2)cc1,isssty,1,1,-1,-1,-1,1,Train
4489,COc1ccc(NC(=O)c2csc([N+](=O)[O-])c2)cc1,isssty,1,1,-1,-1,-1,1,Internal
4490,Cc1ccc(C)c2c3c(ccc12)C(O)C(O)C1OC31,isssty,1,1,-1,-1,-1,1,Train
4491,O=C(Nc1cccc([N+](=O)[O-])c1)c1csc([N+](=O)[O-])c1,isssty,1,1,-1,-1,-1,1,Train
4492,O=C(Nc1cccc(Cl)c1)c1csc([N+](=O)[O-])c1,isssty,1,1,-1,-1,-1,1,External
4493,O=C(Nc1cccc(Br)c1)c1csc([N+](=O)[O-])c1,isssty,1,1,-1,-1,-1,1,External
4494,O=C(Nc1cccc(F)c1)c1csc([N+](=O)[O-])c1,isssty,1,1,-1,-1,-1,1,External
4495,CCc1cccc(NC(=O)c2csc([N+](=O)[O-])c2)c1,isssty,1,1,-1,-1,-1,1,External
4496,Cc1cccc(NC(=O)c2csc([N+](=O)[O-])c2)c1,isssty,1,1,-1,-1,-1,1,External
4497,COc1cccc(NC(=O)c2csc([N+](=O)[O-])c2)c1,isssty,1,1,-1,-1,-1,1,External
4498,O=C(Nc1ccccc1[N+](=O)[O-])c1csc([N+](=O)[O-])c1,isssty,1,1,-1,-1,-1,1,Train
4499,O=C(Nc1ccccc1Cl)c1csc([N+](=O)[O-])c1,isssty,1,1,-1,-1,-1,1,Train
4500,O=C(Nc1ccccc1Br)c1csc([N+](=O)[O-])c1,isssty,1,1,-1,-1,-1,1,External
4501,O=C(Nc1ccccc1F)c1csc([N+](=O)[O-])c1,isssty,1,1,-1,-1,-1,1,Train
4502,CCc1ccccc1NC(=O)c1csc([N+](=O)[O-])c1,isssty,1,1,-1,-1,-1,1,Train
4503,Cc1ccccc1NC(=O)c1csc([N+](=O)[O-])c1,isssty,1,1,-1,-1,-1,1,Internal
4504,COc1ccccc1NC(=O)c1csc([N+](=O)[O-])c1,isssty,1,1,-1,-1,-1,1,Train
4505,CC1CNc2cc(O)c3ccc4ccccc4c3c21,isssty,1,-1,-1,-1,-1,1,Train
4506,Cc1nc2ccc3ccc4ccc(O)cc4c3c2o1,isssty,1,-1,-1,-1,-1,1,Train
4507,Nc1ccc(-c2ccc(N)cc2Cl)c(Cl)c1,isssty,1,-1,-1,-1,-1,1,Train
4508,CNc1ccc2ccc3ccc(O)cc3c2c1,isssty,1,-1,-1,-1,-1,1,Train
4509,Cc1nc2c(ccc3ccc4ccc(O)cc4c32)[nH]1,isssty,1,-1,-1,-1,-1,1,Train
4510,CC(C)(C)Br,isssty,-1,1,-1,-1,-1,1,Train
4511,COC(=O)C1Cc2c([nH]c3ccc([N+](=O)[O-])cc23)C(C)N1N=O,isssty,1,-1,-1,-1,-1,1,Train
4512,COC(=O)c1cc2c([nH]c3ccc([N+](=O)[O-])cc32)c(-c2ccccc2)n1,isssty,1,-1,-1,-1,-1,1,Train
4513,CCN[C@@H](C)C[C@H](C)NCC.[Pt+2],isssty,-1,1,-1,-1,-1,1,Train
4514,ClCCSCc1ccccc1,isssty,-1,1,-1,-1,-1,1,Train
4515,ClC(Cl)=C(Cl)/C(Cl)=C(\Cl)SCc1ccccc1,isssty,-1,1,-1,-1,-1,1,External
4516,Cl/C=C(\Cl)SCc1ccccc1,isssty,-1,1,-1,-1,-1,1,Train
4517,CN(C)CCCNc1c2ccccc2nc2c(Cl)ccc([N+](=O)[O-])c12,isssty,1,1,-1,-1,-1,1,Train
4518,CN(C)CCCNc1c2ccccc2nc2c(F)ccc([N+](=O)[O-])c12,isssty,1,1,-1,-1,-1,1,Train
4519,Cc1ccc([N+](=O)[O-])c2c(NCCCN(C)C)c3ccccc3nc12,isssty,1,1,-1,-1,-1,1,Train
4520,COc1ccc([N+](=O)[O-])c2c(NCCCN(C)C)c3ccccc3nc12,isssty,1,0,-1,-1,-1,1,Internal
4521,O=C1NC(c2ccc([N+](=O)[O-])s2)Nc2ccccc21,isssty,1,1,-1,-1,-1,1,Train
4522,CN(C)CCCNc1c2ccccc2nc2c(N(CCO)CCO)ccc([N+](=O)[O-])c12,isssty,1,1,-1,-1,-1,1,Train
4523,CC(=O)OCCN(CCOC(C)=O)c1ccc([N+](=O)[O-])c2c(NCCCN(C)C)c3ccccc3nc12,isssty,1,1,-1,-1,-1,1,Train
4524,COC(=O)c1ccc([N+](=O)[O-])c2c(NCCCN(C)C)c3ccccc3nc12,isssty,1,1,-1,-1,-1,1,Train
4525,C=C(Br)CBr,isssty,-1,1,-1,-1,-1,1,Train
4526,O=C1OC(O)C(Cl)=C1Cl,isssty,-1,1,-1,-1,-1,1,Train
4527,O=C(CBr)NCc1ccccc1,isssty,-1,1,-1,-1,-1,1,Train
4528,CC(Br)C(N)=O,isssty,-1,1,-1,-1,-1,1,Train
4529,CC(Br)C(=O)Nc1ccccc1,isssty,-1,1,-1,-1,-1,1,Train
4530,CC(Br)C(=O)NCc1ccccc1,isssty,-1,1,-1,-1,-1,1,Train
4531,CC(Br)C(=O)NCc1ccc(Cl)cc1,isssty,-1,1,-1,-1,-1,1,Train
4532,O=C(Cl)C(Cl)(Cl)Cl,isssty,-1,1,-1,-1,-1,1,External
4533,CCOC(=O)CNC(=O)C(C)Br,isssty,-1,1,-1,-1,-1,1,Train
4534,O=C(CCl)NCc1ccccc1,isssty,-1,1,-1,-1,-1,1,Train
4535,O=C(NCc1ccccc1)C(Cl)c1ccccc1,isssty,-1,1,-1,-1,-1,1,Train
4536,O=C(Nc1ccccc1)C1CO1,isssty,-1,1,-1,-1,-1,1,Train
4537,O=C(NCc1ccccc1)C1CO1,isssty,-1,1,-1,-1,-1,1,Train
4538,CC1(C(=O)Nc2ccccc2)CO1,isssty,-1,1,-1,-1,-1,1,Train
4539,CC1(C(=O)NCc2ccccc2)CO1,isssty,-1,1,-1,-1,-1,1,Train
4540,Oc1ccc(-c2ccccc2)cc1,isssty,1,-1,-1,0,-1,1,Train
4541,CNC(=O)Oc1ccc(-c2ccccc2)cc1,isssty,0,-1,-1,1,-1,1,Train
4542,C/C=C(\Cl)C=O,isssty,-1,1,-1,-1,-1,1,Train
4543,Oc1cc2ccccc2c2ccccc12,isssty,0,-1,-1,1,-1,1,External
4544,CNC(=O)Oc1cc2ccccc2c2ccccc12,isssty,0,-1,-1,1,-1,1,Train
4545,Cc1cccc(NO)c1,isssty,0,1,-1,-1,-1,1,Train
4546,NC(=O)N(CCC(=O)O)N=O,isssty,-1,1,-1,1,-1,1,Train
4547,CN(C)[N+](=O)[O-],isssty,-1,1,-1,0,-1,1,Train
4548,NC(=O)N(CCCC(=O)O)N=O,isssty,-1,1,-1,1,-1,1,External
4549,CCCCCN(CCCCC)N=O,isssty,-1,1,-1,-1,-1,1,External
4550,CCOP(=S)(OCC)SCCSCC,isssty,-1,-1,-1,1,-1,1,Train
4551,CN(C)/N=N/c1ccccc1,isssty,-1,-1,-1,-1,-1,-1,Train
4552,O[C@@H]1[C@@H]2O[C@@H]2c2c(ccc3cc4c(ccc5ccccc54)nc23)[C@H]1O,isssty,1,1,-1,-1,-1,1,External
4553,O[C@H]1[C@H]2O[C@H]2c2c(ccc3cc4c(ccc5ccccc54)nc23)[C@@H]1O,isssty,1,1,-1,-1,-1,1,Train
4554,CC(=O)O[C@H]1[C@@H](OC23C=C(C)C4(CC4)C(C)(O)C2C(=O)C(C)(C)C3)O[C@@H](CO)[C@H](OC(=O)/C=C\c2ccc(O)cc2)[C@H]1O,isssty,1,1,-1,-1,-1,1,Internal
4555,O[C@H]1[C@@H]2O[C@@H]2c2c(ccc3cc4c(ccc5ccccc54)nc23)[C@@H]1O,isssty,1,1,-1,-1,-1,1,Train
4556,O[C@@H]1[C@H]2O[C@H]2c2c(ccc3cc4c(ccc5ccccc54)nc23)[C@H]1O,isssty,1,1,-1,-1,-1,1,Train
4557,CC(=O)O[C@@H]1[C@@H](OC23C=C(C)C4(CC4)C(C)(O)C2C(=O)C(C)(C)C3)O[C@@H](CO)[C@H](OC(=O)/C=C/c2ccc(O)cc2)[C@H]1O,isssty,1,1,-1,-1,-1,1,Train
4558,OC/C=C\Cl,isssty,-1,1,-1,-1,-1,1,Train
4559,OC/C=C/Cl,isssty,-1,1,-1,-1,-1,1,External
4560,O=C(O)/C=C/Cl,isssty,-1,-1,1,-1,-1,1,Train
4561,O=C(O)/C=C\Cl,isssty,-1,-1,1,-1,-1,1,Train
4562,Oc1c2c(c3c(ccc4cc5c(ccc6ccccc65)nc43)c1O)O2,isssty,1,1,-1,-1,-1,1,Train
4563,COc1cc2c(c3oc(=O)c4c(c13)CCC4=O)C1(O)C(O2)OC2OC21,isssty,-1,1,-1,-1,-1,1,Internal
4564,COc1cc(OC)c2nc3occc3c(OC)c2c1,isssty,1,1,-1,-1,-1,1,External
4565,COc1ccc2c(OC)c3ccoc3nc2c1,isssty,1,1,-1,-1,-1,1,Train
4566,COc1ccc2nc3occc3c(OC)c2c1,isssty,1,1,-1,-1,-1,1,Train
4567,COc1c2ccoc2nc2c(OC)c3c(cc12)OCO3,isssty,1,1,-1,-1,-1,1,External
4568,COc1cc2nc3occc3c(OC)c2cc1OC,isssty,1,1,-1,-1,-1,1,Train
4569,Cn1c(N)nc2nc3cnccc3cc21,isssty,1,-1,-1,-1,-1,1,Train
4570,Cn1c(N)nc2nc3ccncc3cc21,isssty,0,-1,-1,-1,-1,-1,Train
4571,Cn1c(N)nc2nc3cccnc3cc21,isssty,0,-1,-1,-1,-1,-1,Internal
4572,Cn1c(N)nc2nc3ccccc3cc21,isssty,1,-1,-1,-1,-1,1,Internal
4573,Cn1c(N)nc2cc3ccccc3cc21,isssty,1,-1,-1,-1,-1,1,Internal
4574,CC(C)=CCC[C@@](C)(O)[C@H]1CCC=CC1=O,isssty,-1,-1,-1,-1,-1,-1,Train
4575,O=C(CCl)C(Cl)Cl,isssty,-1,1,-1,-1,-1,1,Train
4576,O=C1NC(=O)C(Cl)(Cl)C1=C(Cl)Cl,isssty,-1,1,-1,-1,-1,1,Train
4577,O=CNc1nc(-c2ccc([N+](=O)[O-])cc2)cs1,isssty,1,1,-1,-1,-1,1,External
4578,N[C@H](CS/C=C/Cl)C(=O)O,isssty,-1,0,-1,-1,-1,-1,Train
4579,Cc1c2c3ccccc3nc-2n(C)c2ccccc12,isssty,-1,-1,1,-1,-1,1,Train
4580,Cc1ccc2nc3n(C)c4ccccc4c(C)c-3c2c1,isssty,1,-1,-1,-1,-1,1,Train
4581,Cn1c(N=[N+]=[N-])nc2ccc3ncccc3c21,isssty,1,-1,-1,-1,-1,1,Train
4582,Cn1c(N=[N+]=[N-])nc2c3ccccc3ccc21,isssty,1,-1,-1,-1,-1,1,Train
4583,Cn1c(N=[N+]=[N-])nc2ccc3ccccc3c21,isssty,1,-1,-1,-1,-1,1,Train
4584,Cc1cc2ncccc2c2nc(N=[N+]=[N-])n(C)c12,isssty,1,-1,-1,-1,-1,1,Train
4585,Cc1ccc2nc3c(c4c(c5ccccc53)O4)c(C)c2c1,isssty,-1,1,-1,-1,-1,1,Train
4586,COC(=O)[C@@H](C)Cl,isssty,-1,1,-1,-1,-1,1,Train
4587,CCCCN(C[C@@H](CO)Cc1ccccc1)N=O,isssty,-1,1,-1,-1,-1,1,Train
4588,CCCCN(C[C@@H](CO)OCc1ccccc1)N=O,isssty,-1,1,-1,-1,-1,1,Train
4589,CCCCN(C[C@H](CO)OCc1ccccc1)N=O,isssty,-1,1,-1,-1,-1,1,Train
4590,CC(=O)Nc1ccc(Oc2ccccc2)cc1,isssty,-1,1,-1,-1,-1,1,External
4591,CC(=O)Nc1ccc(Oc2ccc(Cl)cc2)cc1,isssty,-1,1,-1,-1,-1,1,Train
4592,CC(=O)Nc1ccc(Oc2ccc(Cl)cc2Cl)cc1,isssty,-1,1,-1,-1,-1,1,Train
4593,NNc1nc(-c2ccc(N)cc2)cs1,isssty,1,1,-1,-1,-1,1,Train
4594,O=CNc1ccc(Oc2ccc(Cl)cc2)cc1,isssty,-1,1,-1,-1,-1,1,Train
4595,O=CNc1ccc(Oc2c(Cl)cc(Cl)cc2Cl)cc1,isssty,-1,1,-1,-1,-1,1,Train
4596,CC(=O)N(O)c1ccc(Oc2c(Cl)cc(Cl)cc2Cl)cc1,isssty,-1,1,-1,-1,-1,1,Train
4597,O=CN(O)c1ccc(Oc2ccccc2)cc1,isssty,-1,1,-1,-1,-1,1,Train
4598,O=CN(O)c1ccc(Oc2ccc(Cl)cc2)cc1,isssty,-1,1,-1,-1,-1,1,Train
4599,NNc1nc(-c2ccc([N+](=O)[O-])cc2)cs1,isssty,1,1,-1,-1,-1,1,Train
4600,O=CN(O)c1ccc(Oc2ccc(Cl)cc2Cl)cc1,isssty,-1,1,-1,-1,-1,1,External
4601,O=CN(O)c1ccc(Oc2c(Cl)cc(Cl)cc2Cl)cc1,isssty,-1,1,-1,-1,-1,1,Train
4602,Fc1ccc2cccnc2c1,isssty,-1,1,-1,-1,-1,1,Train
4603,CN(C)C(=O)Cl,isssty,-1,1,-1,1,-1,1,Internal
4604,C[C@]12CCC=C(C=O)[C@]1(C=O)C2,isssty,1,1,-1,-1,-1,1,Train
4605,C[C@@]12CCC=C(C=O)[C@@]1(C=O)C2,isssty,1,1,-1,-1,-1,1,Train
4606,CC12CCC=C(C=O)C1(C=O)C2,isssty,1,1,-1,-1,-1,1,External
4607,C1=C2c3ccccc3CCC2CCC1,isssty,1,1,-1,-1,-1,1,Internal
4608,C=CCCC1CO1,isssty,-1,1,-1,1,-1,1,Train
4609,COc1cc([N+](=O)[O-])ccc1N,isssty,1,-1,-1,-1,-1,1,Internal
4610,C=CCCCCC1CO1,isssty,-1,0,-1,1,-1,1,Train
4611,COc1cc([N+](=O)[O-])ccc1NC(C)=O,isssty,1,-1,-1,-1,-1,1,Train
4612,C(CC1CO1)C1CO1,isssty,-1,1,-1,1,-1,1,Train
4613,C(COCC1CO1)OCC1CO1,isssty,-1,1,-1,1,-1,1,Internal
4614,COc1cc(N)ccc1N,isssty,1,-1,-1,-1,-1,1,External
4615,COc1cc(N)ccc1NC(C)=O,isssty,1,-1,-1,-1,-1,1,Train
4616,ONc1ccc(/N=N/c2ccccc2)cc1,isssty,1,1,-1,-1,-1,1,Train
4617,Nc1ccc(-c2cc(Cl)c(N)c(Cl)c2)cc1,isssty,1,-1,-1,-1,-1,1,External
4618,CCOc1ccc(N(O)C(=O)CC(C)O)cc1,isssty,-1,1,-1,-1,-1,1,Train
4619,COC1OC1(C)C,isssty,-1,1,-1,1,-1,1,Train
4620,Nc1ccc2ccc3c4ccccc4cc4ccc1c2c43,isssty,1,-1,-1,-1,-1,1,Train
4621,O=S1(=O)CCCO1,isssty,-1,1,-1,1,-1,1,Train
4622,O=C(C(Cl)Cl)C(Cl)(Cl)Cl,isssty,1,1,-1,-1,-1,1,External
4623,O=CC(Cl)=C(Cl)Cl,isssty,1,1,-1,-1,-1,1,Train
4624,Nc1ccc(/N=N/c2ccc(/N=N/c3c(S(=O)(=O)[O-])cc4cc(S(=O)(=O)[O-])c(/N=N/c5ccc(/N=N/c6ccc(N)cc6N)cc5)c(O)c4c3N)cc2)c(N)c1,isssty,-1,-1,-1,-1,-1,-1,Train
4625,O=C(O)c1cc(O)c2c(c1)C(C1c3cc(C(=O)O)cc(O)c3C(=O)c3c(OC4OC(CO)C(O)C(O)C4O)cccc31)c1cccc(OC3OC(CO)C(O)C(O)C3O)c1C2=O,isssty,1,-1,-1,-1,-1,1,Train
4626,O=C/C=C/c1ccccc1[N+](=O)[O-],isssty,-1,1,-1,-1,-1,1,Train
4627,Nc1ccccc1SCCSc1ccccc1N,isssty,0,1,-1,-1,-1,1,Train
4628,O=[N+]([O-])c1ccc(-c2nc(NCCO)c3ccccc3n2)s1,isssty,1,1,-1,-1,-1,1,Train
4629,Nc1ccc2c(c1)Cc1cc([N+](=O)[O-])ccc1-2,isssty,1,-1,-1,-1,-1,1,Train
4630,CCN(CC)CCNc1ccc2ncn3c4ccc(O)cc4c(=O)c1c23,isssty,-1,-1,-1,-1,1,1,Internal
4631,CC1=C(O)C(=O)CO1,isssty,-1,1,-1,-1,-1,1,Train
4632,O=[N+]([O-])c1cccc2c1-c1ccc3ccc4cccc5cc-2c1c3c45,isssty,1,1,-1,-1,-1,1,Train
4633,COc1cc2c3c(c1OC)-c1cc4c(cc1C[C@@H]3N(C)CC2)OCO4,isssty,1,1,-1,-1,-1,1,External
4634,COc1c(O)cc2c3c1-c1ccccc1C[C@H]3N(C)CC2,isssty,1,1,-1,-1,-1,1,Train
4635,CN1CCc2cc3c(c4c2[C@H]1Cc1ccccc1-4)OCO3,isssty,1,1,-1,-1,-1,1,Train
4636,CN1C[C@@H](O)c2cc3c(c4c2[C@H]1Cc1ccccc1-4)OCO3,isssty,1,1,-1,-1,-1,1,Train
4637,CN1CCc2cc3c(c4c2[C@H]1[C@@H](O)c1ccccc1-4)OCO3,isssty,1,1,-1,-1,-1,1,External
4638,CCOC1=CC(=O)C(NC(C)=O)=CC1=O,isssty,1,1,-1,-1,-1,1,Internal
4639,COc1ccc2c(cc3c4c(cc5c(c42)OCO5)CCN3C)c1OC,isssty,1,1,-1,-1,-1,1,Train
4640,COc1ccc2c(c1)C(=O)c1nccc3cc4c(c-2c13)OCO4,isssty,1,1,-1,-1,-1,1,Train
4641,COc1ccc2c(cc3c4c(cc5c(c42)OCO5)C(=O)C(=O)N3C)c1OC,isssty,1,1,-1,-1,-1,1,Train
4642,COc1ccc2c(c1)C(=O)c1c(OC)c(OC)cc3ccnc-2c13,isssty,1,1,-1,-1,-1,1,Train
4643,O=C(/C=C/c1ccc(O)cc1)c1ccc(O)cc1O,isssty,-1,-1,1,-1,-1,1,Train
4644,CCN(N=O)C(=O)N(C)C,isssty,-1,-1,-1,1,-1,1,Train
4645,CN(C)C(=O)N(C)N=O,isssty,-1,-1,-1,1,-1,1,External
4646,O=Nc1ccc(NO)cc1,isssty,1,-1,-1,-1,-1,1,Train
4647,N#CCc1cn(N=O)c2ccccc12,isssty,-1,1,-1,-1,-1,1,Train
4648,CC/C=C\C=C/C=C\C=C/OCC(O)CO,isssty,-1,1,-1,-1,-1,1,Train
4649,CC/C=C\C=C/C=C\C=C/C=C\C=C/OCC(O)CO,isssty,-1,1,-1,-1,-1,1,External
4650,COC(=O)C(Cl)Cl,isssty,-1,-1,1,-1,-1,1,Train
4651,C=NO,isssty,-1,-1,0,-1,-1,-1,Train
4652,O=C(OCCBr)C(=O)OCCBr,isssty,-1,1,-1,-1,-1,1,Train
4653,O=C(OCCBr)C(O)C(O)C(=O)OCCBr,isssty,-1,1,-1,-1,-1,1,Train
4654,O=C(CC(O)(CC(=O)OCCBr)C(=O)OCCBr)OCCBr,isssty,-1,1,-1,-1,-1,1,Train
4655,CC(=O)C1c2cccc(O)c2C(=O)c2c(O)cccc21,isssty,-1,-1,-1,-1,1,1,Train
4656,CCCCON(OC(C)=O)C(=O)c1ccc(C)cc1,isssty,-1,1,-1,-1,-1,1,Train
4657,CCC(=O)C1c2cccc(O)c2C(=O)c2c(O)cccc21,isssty,-1,-1,-1,-1,1,1,Train
4658,Cc1cc2c(cc1N=O)OCO2,isssty,-1,1,-1,-1,-1,1,Train
4659,CCCC(=O)C1c2cccc(O)c2C(=O)c2c(O)cccc21,isssty,-1,-1,-1,-1,1,1,Train
4660,Fc1ccc(F)c2ncccc12,isssty,-1,1,-1,-1,-1,1,External
4661,CC(=O)Nc1ccc(Sc2ccccc2)cc1,isssty,1,-1,-1,-1,-1,1,Train
4662,O=C(ON(OCc1ccccc1)C(=O)c1ccccc1)c1ccc([N+](=O)[O-])cc1,isssty,-1,1,-1,-1,-1,1,Train
4663,CC(=O)N(O)c1ccc(Sc2ccccc2)cc1,isssty,1,-1,-1,-1,-1,1,Train
4664,Nc1ccc(Sc2ccccc2)cc1,isssty,1,-1,-1,-1,-1,1,Train
4665,Nc1ccc(Sc2ccc([N+](=O)[O-])cc2)cc1,isssty,1,-1,-1,-1,-1,1,Train
4666,Oc1ccc2c(O)cccc2c1,isssty,-1,-1,1,-1,-1,1,External
4667,Oc1ccc(O)c2ccccc12,isssty,-1,-1,-1,-1,-1,-1,Internal
4668,CNP(=O)(N(C)C)N(C)C,isssty,-1,1,-1,-1,-1,1,Train
4669,CCCCN(C[C@H](CO)Cc1ccccc1)N=O,isssty,-1,1,-1,-1,-1,1,Train
4670,OCC(O)C1CO1,isssty,-1,1,-1,-1,-1,1,Train
4671,c1ccc(-c2ccccc2OCC2CO2)cc1,isssty,-1,1,-1,1,-1,1,External
4672,CC(=O)OCN(CCCCl)N=O,isssty,-1,-1,-1,1,-1,1,Train
4673,c1ccc(-c2ccc(OCC3CO3)cc2)cc1,isssty,-1,1,-1,1,-1,1,Train
4674,c1ccc(Cc2ccccc2OCC2CO2)cc1,isssty,-1,1,-1,1,-1,1,Train
4675,c1ccc(Cc2ccc(OCC3CO3)cc2)cc1,isssty,-1,1,-1,1,-1,1,Train
4676,O=CNc1ccc(Oc2ccccc2)cc1,isssty,-1,1,-1,-1,-1,1,External
4677,c1ccc2cc(OCC3CO3)ccc2c1,isssty,-1,1,-1,1,-1,1,Train
4678,O=CNc1ccc(Oc2ccc(Cl)cc2Cl)cc1,isssty,-1,1,-1,-1,-1,1,Train
4679,c1ccc2c(COCC3CO3)cccc2c1,isssty,-1,1,-1,1,-1,1,Train
4680,CC(=O)N(O)c1ccc(Oc2ccc(Cl)cc2Cl)cc1,isssty,-1,1,-1,-1,-1,1,Train
4681,O=[N+]([O-])c1ccc2cc(O)c3cccc4ccc1c2c43,isssty,1,-1,-1,-1,-1,1,Train
4682,O=[N+]([O-])c1ccc2ccc3cccc4c(O)cc1c2c34,isssty,1,-1,-1,-1,-1,1,External
4683,O=[N+]([O-])c1ccc2ccc3cccc4cc(O)c1c2c34,isssty,1,-1,-1,-1,-1,1,External
4684,O=[N+]([O-])c1c(O)cc2c3c(cccc13)-c1ccccc1-2,isssty,1,-1,-1,-1,-1,1,External
4685,CC(=O)Nc1c(O)cc2c3c(cccc13)-c1ccccc1-2,isssty,1,-1,-1,-1,-1,1,Train
4686,CC(=O)Nc1ccc2c3c(cccc13)-c1cc(O)ccc1-2,isssty,1,-1,-1,-1,-1,1,Train
4687,CC(=O)Nc1ccc2c3c(cccc13)-c1ccc(O)cc1-2,isssty,1,-1,-1,-1,-1,1,Train
4688,Cc1cc(/N=N/c2ccccc2)c(N)cc1N,isssty,-1,1,-1,-1,-1,1,Train
4689,Cc1c([N-][N+](=O)c2cc([N+](=O)[O-])c(C)c([N+](=O)[O-])c2)cc([N+](=O)[O-])cc1[N+](=O)[O-],isssty,-1,1,-1,-1,-1,1,External
4690,O=[N+]([O-])c1ccc2c(c1)Cc1cccc(O)c1-2,isssty,1,-1,-1,-1,-1,1,Train
4691,O=[N+]([O-])c1ccc2c(c1)Cc1cc(O)ccc1-2,isssty,1,-1,-1,-1,-1,1,Train
4692,O=[N+]([O-])c1ccc2c(c1)C(O)c1ccccc1-2,isssty,1,-1,-1,-1,-1,1,Train
4693,O=CC1=CCCC2CC12C=O,isssty,1,1,-1,-1,-1,1,Internal
4694,CC/C=C/C=C/C=C/C=C/C=C\OC[C@@H](O)CO,isssty,-1,1,-1,-1,-1,1,Internal
4695,C[Si](C)(C)CN=[N+]=[N-],isssty,-1,1,-1,-1,-1,1,Train
4696,[N-]=[N+]=NCCc1ccccc1,isssty,-1,1,-1,-1,-1,1,Train
4697,C[C@@H](CN=[N+]=[N-])c1ccccc1,isssty,-1,1,-1,-1,-1,1,Train
4698,C[C@H](CN=[N+]=[N-])c1ccccc1,isssty,-1,1,-1,-1,-1,1,External
4699,[N-]=[N+]=NC[C@@H](O)CO,isssty,-1,1,-1,-1,-1,1,Train
4700,[N-]=[N+]=NC[C@H](O)CO,isssty,-1,1,-1,-1,-1,1,External
4701,C[Si](C)(C)N=[N+]=[N-],isssty,-1,1,-1,-1,-1,1,Train
4702,C1=CC2CCCCC2c2ccccc21,isssty,1,1,-1,-1,-1,1,Train
4703,CC1=C[C@@H]2CCCC[C@H]2c2ccccc21,isssty,1,1,-1,-1,-1,1,External
4704,COc1ccc2c(c1)[C@@H]1CCCC[C@H]1C=C2,isssty,1,1,-1,-1,-1,1,External
4705,O=[N+]([O-])c1cc2cccc3c4c(c5cccc1c5c23)CCCC4,isssty,1,1,-1,-1,-1,1,Train
4706,O=[N+]([O-])c1cc2cccc3c4ccccc4c4cccc1c4c23,isssty,1,1,-1,-1,-1,1,Train
4707,CC(=O)Oc1c(OC(C)=O)c2c([N+](=O)[O-])ccc3c4ccccc4c4cccc1c4c23,isssty,1,1,-1,-1,-1,1,Internal
4708,Nc1ccc(Cc2ccc(NO)c(Cl)c2)cc1Cl,isssty,1,1,-1,-1,-1,1,Train
4709,O=[N+]([O-])c1ccc(OC2CO2)cc1,isssty,-1,1,-1,1,-1,1,Train
4710,Cc1cc(N)cc([N+](=O)[O-])c1N,isssty,1,-1,-1,-1,-1,1,Train
4711,C=C(C=O)CCCC,isssty,-1,1,-1,-1,-1,1,Train
4712,[O]=[Cr](=[O])([O-])[O][Cr](=[O])(=[O])[O-],isssty,-1,-1,1,-1,-1,1,External
4713,CC1=C(O)C(=O)C(O)CO1,isssty,-1,1,-1,-1,-1,1,Train
4714,O=[N+]([O-])c1ccc(-c2ccccc2)c([N+](=O)[O-])c1,isssty,1,-1,-1,-1,-1,1,External
4715,O=[N+]([O-])c1ccc2cc3c(cc2c1)C=C[C@@H](O)[C@@H]3O,isssty,1,-1,-1,-1,-1,1,Internal
4716,O=[N+]([O-])c1ccc2cc3c(cc2c1)[C@H](O)[C@@H](O)C=C3,isssty,1,-1,-1,-1,-1,1,Train
4717,O=C(C(Cl)Cl)C(Cl)Cl,isssty,1,1,-1,-1,-1,1,Train
4718,N#C/C(=C/C=C/c1ccccc1)c1ccc(F)cc1,isssty,-1,0,-1,-1,-1,-1,Train
4719,N#C/C(=C/C=C/c1ccccc1[N+](=O)[O-])c1ccc(Br)cc1,isssty,-1,1,-1,-1,-1,1,External
4720,CCOP(=S)(OCC)Oc1nc(Cl)n(C(C)C)n1,isssty,1,-1,-1,-1,-1,1,Internal
4721,c1ccc([C@@H]2CO2)cc1,isssty,-1,1,-1,-1,-1,1,Train
4722,c1ccc([C@H]2CO2)cc1,isssty,-1,1,-1,-1,-1,1,External
4723,ClN1C2c3ccccc3-c3ccccc3C21,isssty,-1,1,-1,-1,-1,1,Train
4724,CCCCN1C2c3ccccc3-c3ccccc3C21,isssty,-1,1,-1,-1,-1,1,External
4725,C=CCN1C2c3ccccc3-c3ccccc3C21,isssty,-1,1,-1,-1,-1,1,Train
4726,c1ccc2c(c1)-c1ccccc1C1C2N1C1CCCCC1,isssty,-1,1,-1,-1,-1,1,Train
4727,COc1ccc(-c2oc3ccccc3c(=O)c2N)cc1N,isssty,-1,1,-1,-1,-1,1,Train
4728,COc1ccc(-c2oc3ccccc3c(=O)c2[N+](=O)[O-])cc1[N+](=O)[O-],isssty,-1,1,-1,-1,-1,1,Internal
4729,ONc1cccc2ccccc12,isssty,1,1,-1,-1,-1,1,Train
4730,CS(=O)(=O)N1C2c3ccccc3-c3ccccc3C21,isssty,-1,1,-1,-1,-1,1,External
4731,O=[N+]([O-])c1ccc(-c2ccccc2[N+](=O)[O-])c([N+](=O)[O-])c1,isssty,1,-1,-1,-1,-1,1,Train
4732,O=[N+]([O-])c1cccc(-c2ccc([N+](=O)[O-])cc2[N+](=O)[O-])c1,isssty,1,-1,-1,-1,-1,1,Train
4733,O=[N+]([O-])c1ccc(-c2ccc([N+](=O)[O-])cc2[N+](=O)[O-])cc1,isssty,1,-1,-1,-1,-1,1,External
4734,O[C@H]1C=Cc2c(ccc3c4c(ccc23)CCC4)[C@@H]1O,isssty,-1,1,-1,-1,-1,1,Train
4735,Nn1c2ccccc2c2cnccc21,isssty,-1,-1,-1,-1,1,1,Train
4736,O=[N+]([O-])c1cnc(CO)n1CCO,isssty,-1,1,-1,-1,-1,1,Train
4737,COC(=O)c1ccc([N+](=O)[O-])o1,isssty,1,1,-1,-1,-1,1,External
4738,O=C(O)c1oc([N+](=O)[O-])c(-c2ccccc2)c1-c1ccccc1,isssty,0,1,-1,-1,-1,1,External
4739,CC12OOC1(C)c1ccccc1O2,isssty,-1,1,-1,-1,-1,1,Train
4740,O=[N+]([O-])CCl,isssty,-1,1,-1,-1,-1,1,Train
4741,O=[N+]([O-])C(Cl)Cl,isssty,-1,1,-1,-1,-1,1,Train
4742,Nc1cc2ccccc2cc1N,isssty,1,-1,-1,-1,-1,1,Train
4743,COc1cc(-c2ccc(-n3nc(-c4ccccc4)n[n+]3-c3ccc([N+](=O)[O-])cc3)c(OC)c2)ccc1-n1nc(-c2ccccc2)n[n+]1-c1ccc([N+](=O)[O-])cc1,isssty,-1,1,-1,-1,-1,1,Train
4744,Cc1cc2cc3cc(C)c(N)cc3nc2cc1N,isssty,1,1,-1,-1,-1,1,Train
4745,NC(=O)OC[C@H](O)[C@@H](O)[C@H](N)C(=O)N[C@H](C(=O)[O-])[C@H]1O[C@@H](n2cc(C(=O)[O-])c(=O)[nH]c2=O)[C@H](O)[C@@H]1O.[Zn+2],isssty,-1,1,-1,-1,-1,1,External
4746,COc1c2ccoc2nc2c(O)cccc12,isssty,1,-1,-1,-1,-1,1,Train
4747,O[C@@H]1C=C2c3ccccc3-c3cccc(c32)[C@H]1O,isssty,-1,-1,-1,-1,-1,-1,Train
4748,O=[N+]([O-])c1ccc2c(c1)-c1nc3ccccc3c3c1c-2nc1ccccc13,isssty,1,-1,-1,-1,-1,1,Train
4749,c1ccc(OC2CO2)cc1,isssty,1,-1,-1,1,-1,1,External
4750,O=C1C=C2c3ccccc3-c3cccc(c32)C1=O,isssty,-1,-1,-1,-1,-1,-1,Train
4751,OC1c2cccc3c2[C@]2(O[C@H]2C1O)c1ccccc1-3,isssty,-1,-1,-1,-1,-1,-1,Train
4752,[Br][Pb][Br],isssty,-1,-1,-1,1,0,1,Train
4753,C[N+]1=CC=C(c2ccccc2)CC1.[O-][Cl+3]([O-])([O-])[O-],isssty,-1,1,0,-1,-1,1,Train
4754,O=[N+]([O-])c1ccc(-c2ccc([N+](=O)[O-])c([N+](=O)[O-])c2)c([N+](=O)[O-])c1,isssty,1,-1,-1,-1,-1,1,Train
4755,C/C=C\Cl,isssty,-1,1,-1,-1,-1,1,External
4756,Nc1ccc(/N=N/c2cccc(N)c2N)cc1,isssty,1,1,-1,-1,-1,1,Train
4757,c1cc2ccc3cc4ccoc4c4ccc(c1)c2c34,isssty,1,-1,-1,-1,-1,1,Train
4758,c1cc2ccc3cc4occc4c4ccc(c1)c2c34,isssty,1,-1,-1,-1,-1,1,Train
4759,Cc1cccc2c1-c1ccccc1C2C,isssty,1,1,-1,-1,-1,1,External
4760,Cc1ccc2c(c1)C(C)c1ccccc1-2,isssty,0,1,-1,-1,-1,1,Train
4761,Cc1ccc2c(c1)-c1ccccc1C2C,isssty,1,1,-1,-1,-1,1,Train
4762,O=C(Cn1ccnc1[N+](=O)[O-])NCc1ccccc1,isssty,-1,1,-1,-1,-1,1,Train
4763,Cc1cccc2c1C(C)c1ccccc1-2,isssty,1,1,-1,-1,-1,1,Train
4764,CC(C)CCOS(C)(=O)=O,isssty,-1,1,-1,-1,-1,1,Train
4765,c1ccc2c(c1)cnc1ccccc12,isssty,1,1,-1,-1,-1,1,Train
4766,NCCc1cc(O)c(O)cc1O,isssty,-1,-1,1,-1,-1,1,Train
4767,C1CN1c1nc(N2CC2)nc(N2CC2)n1,isssty,1,1,-1,-1,-1,1,Train
4768,Cc1c(NO)cc([N+](=O)[O-])cc1[N+](=O)[O-],isssty,1,1,-1,-1,-1,1,Train
4769,Cn1c(N)nc2ccccc21,isssty,1,1,-1,-1,-1,1,External
4770,Cc1ccc2nc(N)[nH]c2c1,isssty,1,0,-1,-1,-1,1,Train
4771,C#CC(OC(=O)NC1CCCCC1)(c1ccccc1)c1ccc(C)c(C)c1,isssty,-1,1,-1,1,-1,1,External
4772,N#Cc1ccc2nc(N)[nH]c2c1,isssty,1,1,-1,-1,-1,1,Train
4773,Nc1nc2ccc(O)cc2[nH]1,isssty,1,0,-1,-1,-1,1,Train
4774,CC(=O)OCN(CCCl)N=O,isssty,-1,-1,-1,1,-1,1,Train
4775,Cc1ccc2c(c1)nc(N)n2C,isssty,1,1,-1,-1,-1,1,Train
4776,CC(=O)OCN(CCCCCl)N=O,isssty,-1,-1,-1,1,-1,1,Internal
4777,Cn1c(N)nc2cc(Cl)ccc21,isssty,1,1,-1,-1,-1,1,Train
4778,Cn1c(N)nc2cc(C#N)ccc21,isssty,1,0,-1,-1,-1,1,External
4779,Cc1c(N)nc(C(CC(N)=O)NCC(N)C(N)=O)nc1C(=O)NC(C(=O)NC(C)C(O)C(C)C(=O)NC(C(=O)NCCc1nc(-c2nc(C(=O)NCCCNCCC/N=C(\N)CC3CCC(Cl)CC3)cs2)cs1)C(C)O)C(OC1OC(CO)C(O)C(O)C1OC1OC(CO)C(O)C(OC(N)=O)C1O)c1cnc[nH]1,isssty,-1,-1,1,-1,-1,1,Train
4780,COc1ccc2c(c1)nc(N)n2C,isssty,1,1,-1,-1,-1,1,Train
4781,CNc1nc2c3cccnc3ccc2n1C,isssty,1,1,-1,-1,-1,1,Train
4782,CN(C)c1nc2c3cccnc3ccc2n1C,isssty,1,1,-1,-1,-1,1,Train
4783,CCCCON(OC(C)=O)C(=O)c1ccc(C(C)(C)C)cc1,isssty,-1,1,-1,-1,-1,1,Train
4784,CCCCON(OC(C)=O)C(=O)c1ccc(Cl)cc1,isssty,-1,1,-1,-1,-1,1,Train
4785,CCCCON(OC(C)=O)C(=O)c1ccc(Br)cc1,isssty,-1,1,-1,-1,-1,1,External
4786,CCCCON(OC(C)=O)C(=O)c1ccc([N+](=O)[O-])cc1,isssty,-1,1,-1,-1,-1,1,Internal
4787,CCCCON(OC(C)=O)C(=O)c1cccc([N+](=O)[O-])c1,isssty,-1,1,-1,-1,-1,1,Train
4788,CC(=O)ON(OCc1ccc(Oc2ccccc2)cc1)C(=O)c1ccccc1,isssty,-1,1,-1,-1,-1,1,Train
4789,C/N=C(/CC1CCC(Cl)CC1)NCCCNCCCNC(=O)c1csc(-c2csc(CCNC(=O)C(NC(=O)C(C)C(O)C(C)NC(=O)C(NC(=O)c3nc(C(CC(N)=O)NCC(N)C(N)=O)nc(N)c3C)C(O[C@H]3O[C@H](CO)[C@@H](O)[C@H](O)[C@H]3O[C@H]3O[C@@H](CO)[C@H](O)[C@@H](OC(N)=O)[C@@H]3O)c3cnc[nH]3)C(C)O)n2)n1,isssty,-1,-1,1,-1,-1,1,External
4790,CC(=O)ON(OCc1ccc(C)cc1)C(=O)c1ccccc1,isssty,-1,1,-1,-1,-1,1,Train
4791,CC(=O)ON(OCc1ccc(Cl)cc1)C(=O)c1ccccc1,isssty,-1,1,-1,-1,-1,1,External
4792,CC(=O)ON(OCc1ccc([N+](=O)[O-])cc1)C(=O)c1ccccc1,isssty,-1,1,-1,-1,-1,1,Train
4793,COc1ccc(CON(OC(C)=O)C(=O)c2ccccc2)cc1,isssty,-1,1,-1,-1,-1,1,External
4794,CC(=O)ON(OCc1ccc(Br)cc1)C(=O)c1ccccc1,isssty,-1,1,-1,-1,-1,1,Train
4795,N#Cc1ccc(C(=O)ON(OCc2ccccc2)C(=O)c2ccccc2)cc1,isssty,-1,1,-1,-1,-1,1,Train
4796,COc1ccc(C(=O)ON(OCc2ccccc2)C(=O)c2ccccc2)cc1,isssty,-1,1,-1,-1,-1,1,Train
4797,Cc1ccc(C(=O)ON(OCc2ccccc2)C(=O)c2ccccc2)cc1,isssty,-1,1,-1,-1,-1,1,Train
4798,O=C(ON(OCc1ccccc1)C(=O)c1ccccc1)c1ccc(Cl)cc1,isssty,-1,1,-1,-1,-1,1,Train
4799,O=Cc1ccc(C(=O)ON(OCc2ccccc2)C(=O)c2ccccc2)cc1,isssty,-1,1,-1,-1,-1,1,External
4800,Nc1nc2c(s1)CCc1ncccc1-2,isssty,-1,-1,-1,-1,-1,-1,External
4801,O=C(ON(OCc1ccccc1)C(=O)c1ccccc1)c1cccc([N+](=O)[O-])c1,isssty,-1,1,-1,-1,-1,1,Train
4802,Nc1nc2c(ccc3ncccc32)s1,isssty,-1,-1,-1,-1,-1,-1,Train
4803,Cc1cccc(C(=O)ON(OCc2ccccc2)C(=O)c2ccccc2)c1,isssty,-1,1,-1,-1,-1,1,Train
4804,CCCON(OC(C)=O)C(=O)c1ccccc1,isssty,-1,1,-1,-1,-1,1,Train
4805,CC(=O)ON(OC(C)C)C(=O)c1ccccc1,isssty,-1,1,-1,-1,-1,1,External
4806,CCCCON(OC(C)=O)C(=O)c1ccc2ccccc2c1,isssty,-1,1,-1,-1,-1,1,External
4807,CC(=O)OCc1ccc(/N=N/c2ccccc2COC(C)=O)cc1,isssty,-1,1,-1,-1,-1,1,External
4808,CC(=O)OCc1ccccc1/N=N/c1ccc(N(C)C)cc1,isssty,1,1,-1,-1,-1,1,External
4809,CC(=O)OCc1ccc(/N=N/c2ccc(N(C)C)cc2)cc1,isssty,1,1,-1,-1,-1,1,Train
4810,CN(C)c1ccc(/N=N/c2cccc(CCl)c2)cc1,isssty,1,1,-1,-1,-1,1,Train
4811,CN(C)c1ccc(/N=N/c2ccccc2C(=O)O)cc1,isssty,1,0,-1,-1,-1,1,Train
4812,O=CNc1nc(-c2ccc([N+](=O)[O-])o2)cs1,isssty,-1,1,-1,-1,-1,1,Train
4813,CN(C)c1ccc(/N=N/c2ccc(C=O)cc2)cc1,isssty,1,1,-1,-1,-1,1,Train
4814,CC(=O)N(C)c1ccc(/N=N/c2ccc(N(C)C)cc2)cc1,isssty,1,1,-1,-1,-1,1,Train
4815,CC(=O)Nc1ccc(/N=N/c2ccc(N(C)C)cc2)cc1,isssty,1,0,-1,-1,-1,1,Train
4816,CNc1ccc(/N=N/c2ccc(N(C)C(C)=O)cc2)cc1,isssty,1,1,-1,-1,-1,1,External
4817,NC(=O)N(Cc1ccccc1)N=O,isssty,-1,1,-1,0,-1,1,Train
4818,O=[Se](=O)([O-])[O-],isssty,-1,-1,-1,1,-1,1,Train
4819,C1=CC2OC2c2ncccc21,isssty,-1,1,-1,-1,-1,1,Train
4820,C[n+]1cccc2c1C=C[C@H]1O[C@@H]21,isssty,-1,1,-1,-1,-1,1,Train
4821,CCCCON(OC(C)=O)C(=O)c1ccc(OC)cc1,isssty,-1,1,-1,-1,-1,1,Internal
4822,CCC1(O)C[C@H](OC2CC(N(C)C)C(OC3CC(O)C(O)C(C)O3)C(C)O2)c2c(cc3c(c2O)C(=O)c2c(O)ccc(O)c2C3=O)[C@@H]1C(=O)OC,isssty,-1,-1,1,-1,-1,1,Train
4823,CC[C@@]1(O)C[C@@H](O[C@H]2C[C@@H](N(C)C)[C@@H](O)[C@@H](C)O2)c2c(cc3c(c2O)C(=O)c2c(O)cccc2C3=O)[C@@H]1C(=O)OC,isssty,-1,-1,1,-1,-1,1,External
4824,CC(C)(C)C1=CC(=O)C=C(C2=CC(=O)C=C(C(C)(C)C)C2=O)C1=O,isssty,1,1,-1,-1,-1,1,Train
4825,[O]=[Cr](=[O])=[O],isssty,-1,-1,1,-1,-1,1,Train
4826,Cc1c(N)nc(C(CC(N)=O)NCC(N)C(N)=O)nc1C(=O)NC(C(=O)NC(C)C(O)C(C)C(=O)NC(C(=O)NCCc1nc(-c2nc(C(=O)NCCCN(C)CCCN(Cc3ccc(OCc4ccccc4)c(OCc4ccccc4)c3)Cc3ccc(OCc4ccccc4)c(OCc4ccccc4)c3)cs2)cs1)C(C)O)C(OC1OC(CO)C(O)C(O)C1OC1OC(CO)C(O)C(OC(N)=O)C1O)c1cnc[nH]1,isssty,-1,-1,1,-1,-1,1,Train
4827,COc1cccc2c1C(=O)c1c(O)c3c(c(O)c1C2=O)C[C@@](O)(C(=O)CO)C[C@@H]3O[C@H]1C[C@H](N)[C@@H](O)[C@H](C)O1,isssty,1,-1,1,-1,-1,1,Train
4828,COO,isssty,-1,0,1,-1,-1,1,Train
4829,CCOO,isssty,-1,1,1,-1,-1,1,Train
4830,C/C=C/C(=O)Oc1c([N+](=O)[O-])cc([N+](=O)[O-])cc1C(C)(C)CC(C)(C)C,isssty,1,-1,-1,-1,-1,1,Train
4831,CN(C)C(=S)SNCCNSC(=S)N(C)C,isssty,-1,1,-1,-1,-1,1,Train
4832,CCCOO,isssty,-1,1,1,-1,-1,1,Internal
4833,CCCCOO,isssty,-1,0,1,-1,-1,1,Internal
4834,CN(C)C(=S)[S-],isssty,-1,1,-1,-1,-1,1,Train
4835,N#Cc1cccc2c([N+](=O)[O-])cccc12,isssty,-1,1,-1,-1,-1,1,Train
4836,COP1(=S)OCc2ccccc2O1,isssty,-1,1,-1,-1,-1,1,External
4837,ClC1=C(Cl)C(Cl)(C2(Cl)C(Cl)=C(Cl)C(Cl)=C2Cl)C(Cl)=C1Cl,isssty,-1,1,-1,-1,-1,1,Train
4838,[O-][n+]1c2ccccc2nc2ccccc21,isssty,-1,-1,-1,-1,1,1,Train
4839,Nc1nccs1,isssty,1,-1,-1,-1,-1,1,Train
4840,C#CCOS(=O)(=O)c1ccc(C)cc1,isssty,-1,1,-1,-1,-1,1,Train
4841,CCCCOS(=O)(=O)c1ccc(C)cc1,isssty,-1,1,-1,-1,-1,1,Train
4842,Cc1ccc(OS(=O)(=O)C(C)C)cc1,isssty,-1,1,-1,-1,-1,1,External
4843,CCCOS(=O)(=O)c1ccc(C)cc1,isssty,-1,1,-1,-1,-1,1,Train
4844,COS(=O)(=O)c1ccc(C)cc1,isssty,-1,1,-1,-1,-1,1,External
4845,CCOS(=O)(=O)c1ccccc1,isssty,-1,1,-1,-1,-1,1,Train
4846,COS(=O)(=O)c1ccccc1,isssty,-1,1,-1,-1,-1,1,Train
4847,CC(C)COS(C)(=O)=O,isssty,-1,1,-1,-1,-1,1,External
4848,CCCCOS(C)(=O)=O,isssty,-1,1,-1,-1,-1,1,Train
4849,CCCOS(C)(=O)=O,isssty,-1,1,-1,-1,-1,1,Train
4850,CCCOS(=O)(=O)c1ccccc1,isssty,-1,1,-1,-1,-1,1,Train
4851,CO[C@H](C)[C@](O)(C(=O)OCC1=CCN2CC[C@@H](O)[C@@H]12)C(C)C,isssty,-1,1,-1,-1,-1,1,Train
4852,C/C=C1\C[C@@H](C)[C@@](C)(OC(C)=O)C(=O)OCC2=C3[C@@H](CC[N+]3(C)C=C2)OC1=O,isssty,-1,1,-1,-1,-1,1,Train
4853,COc1ccc2c(ccc3oc([N+](=O)[O-])cc32)c1,isssty,-1,1,-1,-1,-1,1,Train
4854,C1=Cc2ccc3c4c(ccc1c24)-c1ccccc1-3,isssty,1,-1,-1,-1,-1,1,External
4855,C#Cc1ccc2c3c(cccc13)-c1ccccc1-2,isssty,1,-1,-1,-1,-1,1,External
4856,O=CC1CO1,isssty,-1,1,-1,1,-1,1,Train
4857,CS(=O)(=O)Nc1ccc(Nc2c3ccccc3nc3ccccc23)cc1,isssty,-1,-1,-1,-1,1,1,Train
4858,c1ccc2c(c1)c1ccccc1c1ccccc21,isssty,1,1,-1,-1,-1,1,Train
4859,CCCCN=[N+]=[N-],isssty,-1,1,-1,-1,-1,1,Train
4860,CCCCCCN=[N+]=[N-],isssty,-1,1,-1,-1,-1,1,Train
4861,CC(=O)N[C@@H](CS/C(Cl)=C/Cl)C(=O)O,isssty,-1,-1,-1,-1,-1,-1,Internal
4862,CC(=O)N[C@@H](CSC(Cl)=C(Cl)Cl)C(=O)O,isssty,-1,1,-1,-1,-1,1,Train
4863,O[C@H]1[C@@H]2O[C@@H]2c2c(ccc3cc4ccc5ccccc5c4nc23)[C@H]1O,isssty,1,1,-1,-1,-1,1,Train
4864,O[C@@H]1[C@@H]2O[C@@H]2c2c(ccc3cc4ccc5ccccc5c4nc23)[C@@H]1O,isssty,1,1,-1,-1,-1,1,Train
4865,O[C@H]1[C@H]2O[C@H]2c2c(ccc3cc4ccc5ccccc5c4nc23)[C@H]1O,isssty,1,1,-1,-1,-1,1,Train
4866,O[C@@H]1[C@H]2O[C@H]2c2c(ccc3cc4ccc5ccccc5c4nc23)[C@@H]1O,isssty,1,1,-1,-1,-1,1,Train
4867,CC(=O)N[C@@H](C(=O)N(CC(=O)O)N=O)C(C)C,isssty,-1,1,-1,-1,-1,1,Train
4868,Cc1cc(-c2ccc(/N=N/c3ccc4c(S(=O)(=O)[O-])cc(S(=O)(=O)[O-])c(N)c4c3O)c(C)c2)ccc1/N=N/c1ccc2c(S(=O)(=O)[O-])cc(S(=O)(=O)[O-])c(N)c2c1O,isssty,1,1,-1,-1,-1,1,Train
4869,Cc1ccc2ccc3cc4ccccc4c4ccc1c2c34,isssty,-1,1,-1,-1,-1,1,Internal
4870,Cc1cc2ccc3cc4ccccc4c4ccc(c1)c2c34,isssty,-1,1,-1,-1,-1,1,Train
4871,Cc1ccc2ccc3c4ccccc4cc4ccc1c2c43,isssty,-1,1,-1,-1,-1,1,Train
4872,Cc1cc2cc3ccccc3c3ccc4cccc1c4c23,isssty,-1,1,-1,-1,-1,1,Train
4873,Cc1cccc2c1cc1ccc3cccc4ccc2c1c34,isssty,-1,1,-1,-1,-1,1,Train
4874,Cc1ccc2c(c1)cc1ccc3cccc4ccc2c1c34,isssty,-1,1,-1,-1,-1,1,Train
4875,Cc1ccc2cc3ccc4cccc5ccc(c2c1)c3c45,isssty,-1,1,-1,-1,-1,1,External
4876,Cc1cccc2cc3ccc4cccc5ccc(c12)c3c45,isssty,-1,1,-1,-1,-1,1,Internal
4877,Cc1cc2cccc3ccc4cc5ccccc5c1c4c32,isssty,-1,1,-1,-1,-1,1,Train
4878,Cc1cc2c3ccccc3cc3ccc4cccc1c4c32,isssty,-1,1,-1,-1,-1,1,Train
4879,CC(=O)NC1C=NC(c2ccc([N+](=O)[O-])o2)=NO1,isssty,1,1,-1,-1,-1,1,Train
4880,ClCc1cc2cc3ccccc3c3ccc4cccc1c4c23,isssty,1,1,-1,-1,-1,1,Internal
4881,ClCc1cc2cccc3ccc4c5ccccc5cc1c4c32,isssty,1,1,-1,-1,-1,1,Train
4882,ClCc1cccc2cc3ccc4cccc5ccc(c12)c3c45,isssty,1,1,-1,-1,-1,1,Train
4883,Cc1cnc2c(ccc3c2nc(N)n3C)n1,isssty,1,-1,-1,-1,-1,1,Train
4884,C/C=C(/C)C(=O)O[C@@H]1CCN2CC=C(COC(=O)[C@@](O)([C@@H](C)OC)C(C)(C)O)[C@H]12,isssty,-1,1,-1,-1,-1,1,Train
4885,Cc1cc(=O)oc2c3c4c(cc12)CCCN4CCC3,isssty,-1,-1,-1,-1,-1,-1,External
4886,O=c1ccc2cc3c4c(c2o1)CCCN4CCC3,isssty,-1,-1,-1,-1,-1,-1,Train
4887,Nc1ccc(-c2ccc(-c3ccc(N)cc3)cc2)cc1,isssty,-1,-1,-1,-1,-1,-1,Train
4888,CCN(CC)c1ccc(-c2ccccc2)c(-c2ccccc2)c1N(CC)CC,isssty,-1,-1,-1,-1,-1,-1,Train
4889,Nc1ccc2nc3c(cc(N)c4ccccc43)[o+]c2c1.[O-][Cl+3]([O-])([O-])[O-],isssty,-1,-1,-1,-1,-1,-1,Train
4890,c1ccc2c(c1)C1=c3c-2cc2cccc4ccc(c3c42)C2OC12,isssty,-1,1,-1,-1,-1,1,External
4891,CCCCOc1ccc(N=O)cc1,isssty,-1,1,-1,-1,-1,1,Train
4892,CCCCCOc1ccc(N=O)cc1,isssty,-1,1,-1,-1,-1,1,Train
4893,[N-]=[N+]=NCCO,isssty,-1,-1,-1,1,-1,1,External
4894,[N-]=[N+]=NC[C@H](O)[C@H](O)[C@@H](O)[C@@H](O)CO,isssty,-1,-1,-1,1,-1,1,Train
4895,O=C(/N=c1\sn(C(=O)c2ccc([N+](=O)[O-])cc2)c2ccccc12)c1ccc([N+](=O)[O-])cc1,isssty,-1,1,-1,-1,-1,1,Train
4896,Cc1ccc2c(c1)/c(=N/C(=O)c1cccc([N+](=O)[O-])c1)sn2C(=O)c1cccc([N+](=O)[O-])c1,isssty,-1,1,-1,-1,-1,1,External
4897,O=C(CCCCl)/N=c1\sn(C(=O)CCCCl)c2ccc(Cl)cc12,isssty,-1,1,-1,-1,-1,1,Train
4898,O=C(/N=c1\sn(C(=O)c2ccc([N+](=O)[O-])cc2)c2ccc(Cl)cc12)c1ccc([N+](=O)[O-])cc1,isssty,-1,1,-1,-1,-1,1,Train
4899,CC(=O)/N=c1\sn(C(C)=O)c2ccc([N+](=O)[O-])cc12,isssty,-1,1,-1,-1,-1,1,Train
4900,CCC(=O)/N=c1\sn(C(=O)CC)c2ccc([N+](=O)[O-])cc12,isssty,-1,1,-1,-1,-1,1,Train
4901,CCCC(=O)/N=c1\sn(C(=O)CCC)c2ccc([N+](=O)[O-])cc12,isssty,-1,1,-1,-1,-1,1,Train
4902,CC(C)C(=O)/N=c1\sn(C(=O)C(C)C)c2ccc([N+](=O)[O-])cc12,isssty,-1,1,-1,-1,-1,1,External
4903,CCCCC(=O)/N=c1\sn(C(=O)CCCC)c2ccc([N+](=O)[O-])cc12,isssty,-1,1,-1,-1,-1,1,Train
4904,CC(C)CC(=O)/N=c1\sn(C(=O)CC(C)C)c2ccc([N+](=O)[O-])cc12,isssty,-1,1,-1,-1,-1,1,Train
4905,CCCCCC(=O)/N=c1\sn(C(=O)CCCCC)c2ccc([N+](=O)[O-])cc12,isssty,-1,1,-1,-1,-1,1,Train
4906,CCCCCCCC(=O)/N=c1\sn(C(=O)CCCCCCC)c2ccc([N+](=O)[O-])cc12,isssty,-1,1,-1,-1,-1,1,Train
4907,CCCCCCCCCC(=O)/N=c1\sn(C(=O)CCCCCCCCC)c2ccc([N+](=O)[O-])cc12,isssty,-1,1,-1,-1,-1,1,Train
4908,O=C(CCCl)/N=c1\sn(C(=O)CCCl)c2ccc([N+](=O)[O-])cc12,isssty,-1,1,-1,-1,-1,1,Train
4909,O=C(CCCCl)/N=c1\sn(C(=O)CCCCl)c2ccc([N+](=O)[O-])cc12,isssty,-1,1,-1,-1,-1,1,Train
4910,O=C(/N=c1\sn(C(=O)c2ccccc2)c2ccc([N+](=O)[O-])cc12)c1ccccc1,isssty,-1,1,-1,-1,-1,1,External
4911,O=C(/N=c1\sn(C(=O)c2ccccc2Cl)c2ccc([N+](=O)[O-])cc12)c1ccccc1Cl,isssty,-1,1,-1,-1,-1,1,External
4912,O=C(/N=c1\sn(C(=O)c2cccc(Cl)c2)c2ccc([N+](=O)[O-])cc12)c1cccc(Cl)c1,isssty,-1,1,-1,-1,-1,1,External
4913,O=C(/N=c1\sn(C(=O)c2ccc(Cl)cc2)c2ccc([N+](=O)[O-])cc12)c1ccc(Cl)cc1,isssty,-1,1,-1,-1,-1,1,External
4914,O=C(/N=c1\sn(C(=O)c2ccc(Cl)c(Cl)c2)c2ccc([N+](=O)[O-])cc12)c1ccc(Cl)c(Cl)c1,isssty,-1,1,-1,-1,-1,1,Train
4915,O=C(/N=c1\sn(C(=O)c2ccccc2[N+](=O)[O-])c2ccc([N+](=O)[O-])cc12)c1ccccc1[N+](=O)[O-],isssty,-1,1,-1,-1,-1,1,Internal
4916,O=C(/N=c1\sn(C(=O)c2cccc([N+](=O)[O-])c2)c2ccc([N+](=O)[O-])cc12)c1cccc([N+](=O)[O-])c1,isssty,-1,1,-1,-1,-1,1,Train
4917,O=C(/N=c1\sn(C(=O)c2ccc([N+](=O)[O-])cc2)c2ccc([N+](=O)[O-])cc12)c1ccc([N+](=O)[O-])cc1,isssty,-1,1,-1,-1,-1,1,External
4918,CCn1c(N)nc2c3nc(C)cnc3ccc21,isssty,1,-1,-1,-1,-1,1,Train
4919,CCn1c(N)nc2c3ncc(C)nc3ccc21,isssty,1,-1,-1,-1,-1,1,Internal
4920,ONc1ccccc1,isssty,-1,1,-1,-1,-1,1,Train
4921,CC(=O)CN(COC(C)=O)N=O,isssty,-1,-1,-1,1,-1,1,Train
4922,CC(=O)OC(C(C)=O)N(C)N=O,isssty,-1,-1,-1,1,-1,1,Train
4923,CN(CCC#N)c1ccc(/N=N/c2ccccc2)cc1,isssty,1,-1,-1,-1,-1,1,Train
4924,CNc1ccc(/N=N/c2ccc3ncsc3c2)cc1,isssty,1,-1,-1,-1,-1,1,Train
4925,CC(=O)Oc1ccc(CCl)cc1,isssty,-1,1,-1,-1,-1,1,External
4926,O=NN(CCO)CC(=O)O,isssty,-1,1,-1,-1,-1,1,Train
4927,Cc1ccc(S(=O)(=O)OCc2ccc([N+](=O)[O-])cc2)cc1,isssty,-1,1,-1,-1,-1,1,Train
4928,CCCCCN(CCCCO)N=O,isssty,-1,-1,-1,1,-1,1,Train
4929,CC(O)/C=C/C=O,isssty,-1,-1,-1,-1,-1,-1,Train
4930,O=[N+]([O-])c1nc[nH]c1-c1ccccc1,isssty,-1,1,-1,-1,-1,1,Train
4931,Cn1cnc(-c2ccccc2)c1[N+](=O)[O-],isssty,-1,1,-1,-1,-1,1,Train
4932,Cn1cnc(N=O)c1-c1ccccc1,isssty,-1,1,-1,-1,-1,1,Train
4933,O=Nc1nc[nH]c1-c1ccccc1,isssty,-1,1,-1,-1,-1,1,Train
4934,Cn1cnc(-c2ccccc2)c1N=O,isssty,-1,1,-1,-1,-1,1,External
4935,COC1OC(=O)C(Cl)=C1C(Cl)Cl,isssty,-1,1,-1,-1,-1,1,Train
4936,O=S(=O)([O-])OCc1c2ccccc2c(CO)c2c1ccc1ccccc12,isssty,1,-1,-1,-1,-1,1,Train
4937,Cc1ccc(NC2OC[C@@H](O)[C@@H](O)[C@@H]2O)cc1,isssty,-1,1,-1,-1,-1,1,Train
4938,Cc1ccc(NC2OC[C@@H](O)[C@H](O)[C@H]2O)cc1,isssty,-1,1,-1,-1,-1,1,Train
4939,O[C@H]1[C@@H](O)COC(NCCc2c[nH]c3ccccc23)[C@@H]1O,isssty,-1,1,-1,-1,-1,1,Train
4940,O=NN(c1ccc([N+](=O)[O-])cc1)C1OC[C@H](O)[C@H](O)[C@@H]1O,isssty,-1,1,-1,-1,-1,1,Train
4941,O=NN(c1ccc([N+](=O)[O-])cc1)C1OC[C@H](O)[C@@H](O)[C@@H]1O,isssty,-1,1,-1,-1,-1,1,External
4942,O=NN(c1ccc([N+](=O)[O-])cc1)C1OC[C@H](O)[C@@H](O)[C@H]1O,isssty,-1,1,-1,-1,-1,1,Internal
4943,O=NN(c1ccc([N+](=O)[O-])cc1)C1OC[C@@H](O)[C@@H](O)[C@@H]1O,isssty,-1,1,-1,-1,-1,1,Train
4944,COc1ccccc1/C=C/C=C(/C#N)c1ccc(Br)cc1,isssty,-1,-1,-1,-1,-1,-1,Train
4945,Fc1ccc2c3c(cccc13)-c1cc3ccccc3cc1-2,isssty,-1,1,-1,-1,-1,1,Train
4946,Fc1cccc2cc3c(cc12)-c1cccc2cccc-3c12,isssty,-1,1,-1,-1,-1,1,Train
4947,Fc1ccc2cc3c(cc2c1)-c1cccc2cccc-3c12,isssty,-1,1,-1,-1,-1,1,External
4948,OC1C=C2c3cc4ccccc4cc3-c3cccc(c32)C1O,isssty,-1,1,-1,-1,-1,1,Train
4949,CC1=C(Cl)C(=O)OC1O,isssty,-1,1,-1,-1,-1,1,External
4950,COC(=O)[C@H](N)CSCCCl,isssty,-1,1,-1,-1,-1,1,Train
4951,CC(=O)N[C@@H](CSCCCl)C(=O)O,isssty,-1,1,-1,-1,-1,1,Train
4952,N[C@@H](CCC(=O)N(CC(=O)O)C(=O)[C@@H](N)CSCCCl)C(=O)O,isssty,-1,1,-1,-1,-1,1,Train
4953,O=C1C=C2c3cc4ccccc4cc3-c3cccc(c32)C1=O,isssty,-1,1,-1,-1,-1,1,Train
4954,C=C1C(=O)[C@@]23CCC4[C@](C)(CCC[C@@]4(C)C(=O)O)C2CC[C@]1(O)C3,isssty,-1,-1,-1,-1,-1,-1,Internal
4955,O=CNc1ccc2c(c1)Cc1ccccc1-2,isssty,1,-1,-1,-1,-1,1,External
4956,O=C(c1ccccc1)N(O)c1ccc2c(c1)Cc1ccccc1-2,isssty,1,-1,-1,-1,-1,1,Train
4957,ClNc1ccc2c(c1)Cc1ccccc1-2,isssty,1,-1,-1,-1,-1,1,Train
4958,CC(=O)N(Cl)c1ccc2c(c1)Cc1ccccc1-2,isssty,1,-1,-1,-1,-1,1,External
4959,O=C1C=C(CCl)C(O)O1,isssty,-1,1,-1,-1,-1,1,Train
4960,O=C1C=C(CCl)CO1,isssty,-1,1,-1,-1,-1,1,Train
4961,C=C1CC23CCC4C(C)(C(=O)O)CCCC4(C)C2CCC1(OC1OC(CO)C(O)C(O)C1O)C3,isssty,-1,-1,-1,-1,-1,-1,External
4962,CCOC(=O)N(N=O)C(CCC=O)c1cccnc1,isssty,-1,1,-1,-1,-1,1,Train
4963,CC1(c2ccccc2)CO1,isssty,-1,1,-1,-1,-1,1,Train
4964,CC1(c2ccc(Cl)cc2)CO1,isssty,-1,1,-1,-1,-1,1,Train
4965,CC1OC1c1ccc(C#N)cc1,isssty,-1,1,-1,-1,-1,1,Train
4966,CC1(c2ccc([N+](=O)[O-])cc2)CO1,isssty,-1,1,-1,-1,-1,1,Train
4967,Cc1cc2c(c3cc4ccccc4cc13)C=C[C@H](O)[C@H]2O,isssty,-1,1,-1,-1,-1,1,Train
4968,CC1(c2ccc(-c3ccccc3)cc2)CO1,isssty,-1,1,-1,-1,-1,1,Train
4969,Cc1cc2ccccc2c2cc3c(cc12)[C@H](O)[C@@H](O)C=C3,isssty,-1,1,-1,-1,-1,1,External
4970,Cc1cc2ccccc2c2cc3c(cc12)C=C[C@H](O)[C@H]3O,isssty,-1,1,-1,-1,-1,1,External
4971,Cc1cc2c(O)cccc2c2cc3ccccc3cc12,isssty,-1,1,-1,-1,-1,1,Train
4972,Cc1cc2c(O)cccc2c2cc3c(cc12)C=C[C@H](O)[C@H]3O,isssty,-1,1,-1,-1,-1,1,Train
4973,CC(=O)Nc1ccc2c(c1)Cc1cc(NC(C)=O)ccc1-2,isssty,-1,-1,-1,-1,-1,-1,Train
4974,Cc1cc(C)cc(NO)c1,isssty,-1,1,-1,-1,-1,1,Train
4975,CC(C)(Cl)OC(C)(C)Cl,isssty,-1,1,-1,-1,-1,1,Internal
4976,CC[NH2+]C(=O)N(C=O)CCN(C)C.O=N[O-],isssty,-1,-1,-1,1,-1,1,Train
4977,Cc1ccc(N(CCO)CCO)cc1,isssty,-1,-1,-1,1,-1,1,External
4978,O=C(Nc1ccc2c(c1)Cc1ccccc1-2)c1ccccc1,isssty,1,-1,-1,-1,-1,1,Train
4979,CCN(C(C)=O)c1ccc2c(c1)Cc1ccccc1-2,isssty,1,-1,-1,-1,-1,1,External
4980,CC(=O)N(Nc1ccc2c(c1)Cc1ccccc1-2)c1ccc2c(c1)Cc1ccccc1-2,isssty,1,-1,-1,-1,-1,1,Train
4981,O=[N+]([O-])c1ccc2c(c1)-c1cccc3cccc-2c13,isssty,1,-1,-1,-1,-1,1,External
4982,O=[N+]([O-])c1ccc2c3c(cccc13)-c1cc3ccccc3cc1-2,isssty,1,-1,-1,-1,-1,1,Train
4983,O=[N+]([O-])c1ccc2cccc3c2c1-c1ccccc1-3,isssty,1,-1,-1,-1,-1,1,External
4984,O=[N+]([O-])c1ccc2cccc3c2c1C=C3,isssty,1,-1,-1,-1,-1,1,Internal
4985,O=[N+]([O-])c1ccc2c3c(cccc13)C=C2,isssty,1,-1,-1,-1,-1,1,Train
4986,O=[N+]([O-])c1cccc2c1-c1cccc3cccc-2c13,isssty,1,-1,-1,-1,-1,1,Train
4987,O=[N+]([O-])c1ccc2cccc3c2c1CC3,isssty,1,-1,-1,-1,-1,1,External
4988,O=[N+]([O-])c1ccc2c(c1)CC=C2,isssty,1,-1,-1,-1,-1,1,Train
4989,O=[N+]([O-])C1=Cc2cccc3cccc1c23,isssty,1,-1,-1,-1,-1,1,Train
4990,O=S(=O)([O-])OCc1c2ccccc2c2ccc3cccc4ccc1c2c43,isssty,1,-1,-1,-1,-1,1,Train
4991,OCc1c2ccccc2cc2c1ccc1ccccc12.OCc1c2ccccc2cc2c1ccc1ccccc12,isssty,1,-1,-1,-1,-1,1,Train
4992,CCN(CC)CCCC(C)Nc1ccnc2cc(Cl)ccc12,isssty,-1,-1,-1,-1,-1,-1,Train
4993,O=[N+]([O-])c1c(O)ccc2ccccc12,isssty,1,-1,-1,-1,-1,1,External
4994,c1ccc2c(c1)COC2,isssty,1,-1,-1,-1,-1,1,External
4995,ClCOCCl,isssty,-1,-1,-1,-1,-1,-1,Train
4996,O=C(O)/C=C/c1ccc([N+](=O)[O-])o1,isssty,1,-1,-1,-1,-1,1,Train
4997,COC(=O)/C=C/c1ccc([N+](=O)[O-])o1,isssty,1,-1,-1,-1,-1,1,Train
4998,CCCCCN(CCCC)N=O,isssty,-1,1,-1,-1,-1,1,Train
4999,CCOC(=O)/C=C/c1ccc([N+](=O)[O-])o1,isssty,1,-1,-1,-1,-1,1,Train
5000,CCCOC(=O)/C=C/c1ccc([N+](=O)[O-])o1,isssty,1,-1,-1,-1,-1,1,Internal
5001,CC(C)OC(=O)/C=C/c1ccc([N+](=O)[O-])o1,isssty,1,-1,-1,-1,-1,1,Train
5002,CCCCOC(=O)/C=C/c1ccc([N+](=O)[O-])o1,isssty,1,-1,-1,-1,-1,1,Train
5003,CC(C)COC(=O)/C=C/c1ccc([N+](=O)[O-])o1,isssty,1,-1,-1,-1,-1,1,Internal
5004,CCC(C)OC(=O)/C=C/c1ccc([N+](=O)[O-])o1,isssty,1,-1,-1,-1,-1,1,Train
5005,CC(C)(C)OC(=O)/C=C/c1ccc([N+](=O)[O-])o1,isssty,1,-1,-1,-1,-1,1,Train
5006,CCCCCOC(=O)/C=C/c1ccc([N+](=O)[O-])o1,isssty,1,-1,-1,-1,-1,1,Train
5007,CNC(=O)/C=C/c1ccc([N+](=O)[O-])o1,isssty,1,-1,-1,-1,-1,1,Train
5008,CN(C)C(=O)/C=C/c1ccc([N+](=O)[O-])o1,isssty,1,-1,-1,-1,-1,1,Train
5009,CCNC(=O)/C=C/c1ccc([N+](=O)[O-])o1,isssty,1,-1,-1,-1,-1,1,Train
5010,CCCNC(=O)/C=C/c1ccc([N+](=O)[O-])o1,isssty,1,-1,-1,-1,-1,1,Train
5011,CCCCNC(=O)/C=C/c1ccc([N+](=O)[O-])o1,isssty,1,-1,-1,-1,-1,1,External
5012,CC(C)(C)NC(=O)/C=C/c1ccc([N+](=O)[O-])o1,isssty,1,-1,-1,-1,-1,1,Train
5013,CC(C)CNC(=O)/C=C/c1ccc([N+](=O)[O-])o1,isssty,1,-1,-1,-1,-1,1,Train
5014,CCC(C)NC(=O)/C=C/c1ccc([N+](=O)[O-])o1,isssty,1,-1,-1,-1,-1,1,Internal
5015,CC(C)(C)CNC(=O)/C=C/c1ccc([N+](=O)[O-])o1,isssty,1,-1,-1,-1,-1,1,Train
5016,CCCCCNC(=O)/C=C/c1ccc([N+](=O)[O-])o1,isssty,1,-1,-1,-1,-1,1,Train
5017,COC(=O)/C(=C/c1ccc([N+](=O)[O-])o1)[N+](=O)[O-],isssty,1,-1,-1,-1,-1,1,Train
5018,COC(=O)/C(C#N)=C/c1ccc([N+](=O)[O-])o1,isssty,1,-1,-1,-1,-1,1,Train
5019,COC(=O)/C(C)=C/c1ccc([N+](=O)[O-])o1,isssty,1,-1,-1,-1,-1,1,External
5020,N#CC(C#N)=Cc1ccc([N+](=O)[O-])o1,isssty,1,-1,-1,-1,-1,1,Train
5021,Cc1cc(C)c2cc(C)c(N)cc2n1,isssty,1,-1,-1,-1,-1,1,Train
5022,O=[N+]([O-])/C=C/c1ccc([N+](=O)[O-])o1,isssty,1,-1,-1,-1,-1,1,Train
5023,C[C@@H](Br)C(=O)NCc1ccccc1,isssty,-1,1,-1,-1,-1,1,Train
5024,C[C@H](Br)C(=O)NCc1ccccc1,isssty,-1,1,-1,-1,-1,1,Train
5025,CCCCN(CCC(=O)OC)N=O,isssty,-1,-1,-1,1,-1,1,Train
5026,COc1ccc(CNC(=O)C(C)Br)cc1,isssty,-1,1,-1,-1,-1,1,Train
5027,COc1cc(CNC(=O)C(C)Br)ccc1O,isssty,-1,1,-1,-1,-1,1,Train
5028,COc1ccc(CNC(=O)C(C)Br)cc1OC,isssty,-1,1,-1,-1,-1,1,Train
5029,CCOC(=O)C(C)Br,isssty,-1,1,-1,-1,-1,1,Train
5030,CCc1cc2ccccc2c2ccc3c(c12)[C@@H]1O[C@@H]1[C@H](O)[C@H]3O,isssty,-1,1,-1,-1,-1,1,Train
5031,CCCCN(CCO)N=O,isssty,-1,-1,-1,1,-1,1,Train
5032,c1cc2c3c(c1)C1NC1c1cccc(c1-3)C1NC21,isssty,-1,1,-1,-1,-1,1,Train
5033,c1cc2c3oc3cc3ccc4c5oc5cc1c4c32,isssty,-1,1,-1,-1,-1,1,Train
5034,c1ccc2c(c1)-c1cc3c(cc1C1NC21)-c1ccccc1C1NC31,isssty,-1,1,-1,-1,-1,1,Train
5035,C1=CC2=C3OC3c3cc4c(cc3C2C=C1)c1c(c2ccccc24)O1,isssty,-1,1,-1,-1,-1,1,External
5036,O=C1NCCN1c1nccs1,isssty,1,-1,-1,-1,-1,1,Train
5037,Cc1ccc2c3c(cc4ccccc4c13)-c1ccccc1-2,isssty,-1,1,-1,-1,-1,1,Train
5038,Cc1ccc2c3c(cc4ccccc42)-c2ccccc2-c13,isssty,-1,1,-1,-1,-1,1,Train
5039,Cc1c2c3c(cccc3c3ccccc13)-c1ccccc1-2,isssty,-1,1,-1,-1,-1,1,Train
5040,Cc1cccc2c1cc1c3c(cccc32)-c2ccccc2-1,isssty,-1,1,-1,-1,-1,1,Train
5041,Cc1cc(C)c2c3c(cc4ccccc42)-c2ccccc2-c13,isssty,-1,1,-1,-1,-1,1,External
5042,Cc1cc2c(cc1C)-c1cc3ccccc3c3cccc-2c13,isssty,-1,1,-1,-1,-1,1,Train
5043,CCCCN(CCC(C)=O)N=O,isssty,-1,-1,-1,1,-1,1,External
5044,CCCCN(CC(C)=O)N=O,isssty,-1,-1,-1,1,-1,1,External
5045,Cc1nc2c3c(ccc4ccc(O)cc43)ccc2n1C,isssty,1,-1,-1,-1,-1,1,Train
5046,O=[N+]([O-])c1cccc(-c2ccc(O)c([N+](=O)[O-])c2)c1,isssty,1,-1,-1,-1,-1,1,External
5047,O=[N+]([O-])c1cc(-c2ccccc2)cc([N+](=O)[O-])c1O,isssty,1,-1,-1,-1,-1,1,Train
5048,C[Si](C)(C)CN(N=O)C(N)=O,isssty,-1,1,-1,-1,-1,1,Train
5049,O=c1c2cccc3ccc4cccc1c4c32,isssty,-1,1,-1,-1,-1,1,Internal
5050,Cc1ccc2c3c1ccc1cccc(c13)C2,isssty,-1,1,-1,-1,-1,1,Train
5051,Cc1ccc2c(=O)c3cccc4ccc1c2c43,isssty,-1,1,-1,-1,-1,1,Train
5052,CCOC(=O)[C@@H](N)CS,isssty,-1,-1,1,-1,-1,1,Train
5053,N[C@H](CS)C(=O)NCC(=O)O,isssty,-1,-1,1,-1,-1,1,External
5054,c1ccc2c(c1)ccc1nc3c(ccc4ccccc43)cc12,isssty,-1,1,-1,-1,-1,1,Internal
5055,C=C(Br)C(C)=O,isssty,-1,1,-1,-1,-1,1,Train
5056,ClCc1c2ccccc2cc2c1ccc1ccccc12,isssty,-1,1,-1,-1,-1,1,Train
5057,C=C(C)C(C)Cl,isssty,-1,1,-1,-1,-1,1,External
5058,Nc1nc(-c2ccc([N+](=O)[O-])o2)cs1,isssty,-1,1,-1,-1,-1,1,Internal
5059,ClCc1c2ccccc2c(Cl)c2ccccc12,isssty,-1,1,-1,-1,-1,1,External
5060,Cc1c2ccccc2c(CCl)c2ccccc12,isssty,-1,-1,-1,-1,1,1,Train
5061,OC1C=Cc2c(ccc3ccccc23)C1O,isssty,-1,1,-1,-1,-1,1,Train
5062,O[C@H]1[C@@H]2O[C@@H]2c2c(ccc3cccnc23)[C@@H]1O,isssty,-1,1,-1,-1,-1,1,Train
5063,O[C@@H]1[C@@H]2O[C@@H]2c2c(ccc3cccnc23)[C@H]1O,isssty,-1,1,-1,-1,-1,1,Train
5064,COC(=O)[C@H]1O[C@@H]1c1ccccc1,isssty,-1,1,-1,-1,-1,1,Train
5065,c1cnc2ccc3c(c2c1)C1OC1CC3,isssty,-1,1,-1,-1,-1,1,Internal
5066,COC(=O)[C@@H]1O[C@H]1c1ccccc1,isssty,-1,1,-1,-1,-1,1,Train
5067,c1cnc2c3c(ccc2c1)CCC1OC31,isssty,-1,1,-1,-1,-1,1,Train
5068,COC(=O)[C@H]1O[C@H]1c1ccccc1,isssty,-1,1,-1,-1,-1,1,Train
5069,CCCC/C=C/C=C/C=C/C=C/C=C/OC,isssty,-1,1,-1,-1,-1,1,Train
5070,CCCCN(N=O)/C(C=O)=N/O,isssty,-1,-1,-1,1,-1,1,External
5071,N[C@H](CCC(=O)N[C@H](CSC(=O)NCCCl)C(=O)NCC(=O)O)C(=O)O,isssty,-1,-1,-1,1,-1,1,Train
5072,NCCCl,isssty,-1,-1,-1,1,-1,1,Train
5073,c1ccc2c3c4c(cc5ccccc5c4cc2c1)C1=C3CCCC1,isssty,-1,1,-1,-1,-1,1,Train
5074,Cc1ccc2c(c1)-c1cc3ccccc3c3cc4ccccc4c-2c13,isssty,-1,1,-1,-1,-1,1,Train
5075,c1ccc2c(c1)-c1cc3ccccc3c3cc4c(c-2c13)CCCC4,isssty,-1,1,-1,-1,-1,1,Train
5076,CN(C)c1ccc(N=O)cc1,isssty,-1,1,-1,-1,-1,1,Internal
5077,Cc1cc(-c2ccc(/N=N/c3c(N)c(C)cc(S(=O)(=O)[O-])c3N)c(C)c2)ccc1/N=N/c1ccc(O)c(C(=O)[O-])c1,isssty,-1,-1,-1,-1,-1,-1,Train
5078,O=C1CCc2c1cc(C(F)(F)F)c1c2ccc2ccccc21,isssty,-1,1,-1,-1,-1,1,Train
5079,O=C1CCc2c1cc(C(F)(F)F)c1c3c(ccc21)[C@H](O)[C@@H](O)C=C3,isssty,-1,1,-1,-1,-1,1,External
5080,CCN(CC)c1ccc(N=O)cc1,isssty,-1,1,-1,-1,-1,1,Train
5081,[O]=[Cr](=[O])([O-])[O-],isssty,-1,1,-1,-1,-1,1,Train
5082,[Cr].c1ccc(-c2ccccn2)nc1.c1ccc(-c2ccccn2)nc1,isssty,-1,1,-1,-1,-1,1,Internal
5083,[Cr+3].c1cnc2c(c1)ccc1cccnc12.c1cnc2c(c1)ccc1cccnc12,isssty,-1,1,-1,-1,-1,1,Train
5084,CC(=O)Nc1nc(-c2ccc([N+](=O)[O-])o2)cs1,isssty,-1,1,-1,-1,-1,1,External
5085,O=C(/C=C/c1ccccc1)OC/C=C/c1ccccc1,isssty,-1,-1,-1,-1,-1,-1,External
5086,O=[N+]([O-])c1cccc2ccccc12,isssty,1,-1,-1,-1,-1,1,Train
5087,CCC(=O)C(=O)CC,isssty,-1,1,-1,-1,-1,1,Train
5088,O=C1CCCCC1=O,isssty,-1,1,-1,-1,-1,1,Train
5089,CC1CN(c2cc3c(cc2F)c(=O)c(C(=O)O)cn3-c2ccc(F)cc2F)CCN1,isssty,-1,-1,1,-1,-1,1,Train
5090,NC1CCN(c2nc3c(cc2F)c(=O)c(C(=O)O)cn3-c2ccc(F)cc2F)C1,isssty,-1,-1,1,-1,-1,1,Train
5091,CN(C)c1ccc(/N=N/c2ccccc2CO)cc1,isssty,1,-1,-1,-1,-1,1,Train
5092,O=C1c2ccccc2-c2c1ccc1ccccc21,isssty,-1,1,-1,-1,-1,1,Train
5093,CCN(C=O)N=O,isssty,-1,-1,-1,1,-1,1,External
5094,CC(=O)N(C)N=O,isssty,-1,-1,-1,1,-1,1,Train
5095,CN(C=O)N=O,isssty,-1,-1,-1,1,-1,1,External
5096,O[C@H]1[C@H]2O[C@H]2c2ccc3c(ccc4ccccc43)c2[C@@H]1O,isssty,1,-1,-1,-1,-1,1,Train
5097,OC1c2c(ccc3c2ccc2ccccc23)C2OC2C1O,isssty,1,-1,-1,-1,-1,1,Internal
5098,c1ccc2c(OCC3CO3)nsc2c1,isssty,-1,1,-1,-1,-1,1,Train
5099,O=[N+]([O-])c1ccc2sncc2c1,isssty,-1,1,-1,-1,-1,1,External
5100,O=[N+]([O-])c1cccc2cnsc12,isssty,-1,1,-1,-1,-1,1,Train
5101,Nc1ccc2sncc2c1,isssty,-1,1,-1,-1,-1,1,Train
5102,Nc1cccc2cnsc12,isssty,1,-1,-1,-1,-1,1,External
5103,c1cc2sncc2cc1OCC1CO1,isssty,-1,1,-1,-1,-1,1,Train
5104,c1cc(OCC2CO2)c2sncc2c1,isssty,-1,1,-1,-1,-1,1,Train
5105,O=[N+]([O-])c1ccc2snc(Cl)c2c1,isssty,-1,1,-1,-1,-1,1,External
5106,O=[N+]([O-])c1ccc2c(Cl)nsc2c1,isssty,1,-1,-1,-1,-1,1,Train
5107,Nc1nc(N)nc(-c2ccc([N+](=O)[O-])o2)n1,isssty,-1,1,-1,-1,-1,1,Train
5108,O=[N+]([O-])c1cccc2c(Cl)nsc12,isssty,-1,1,-1,-1,-1,1,Train
5109,Nc1ccc2snc(Cl)c2c1,isssty,-1,1,-1,-1,-1,1,Train
5110,Nc1cccc2c(Cl)nsc12,isssty,-1,1,-1,-1,-1,1,External
5111,COc1nsc2ccc([N+](=O)[O-])cc12,isssty,-1,1,-1,-1,-1,1,External
5112,COc1nsc2cc([N+](=O)[O-])ccc12,isssty,1,-1,-1,-1,-1,1,Train
5113,COc1nsc2c([N+](=O)[O-])cccc12,isssty,-1,1,-1,-1,-1,1,Internal
5114,COc1nsc2ccc(N)cc12,isssty,-1,1,-1,-1,-1,1,Train
5115,COc1nsc2cc(N)ccc12,isssty,1,-1,-1,-1,-1,1,Train
5116,COc1nsc2c(N)cccc12,isssty,1,-1,-1,-1,-1,1,Train
5117,COc1nsc2ccc(OCC3CO3)cc12,isssty,-1,1,-1,-1,-1,1,External
5118,COc1nsc2cc(OCC3CO3)ccc12,isssty,-1,1,-1,-1,-1,1,Train
5119,COc1nsc2c(OCC3CO3)cccc12,isssty,-1,1,-1,-1,-1,1,Train
5120,O=c1[nH]sc2cc([N+](=O)[O-])ccc12,isssty,-1,1,-1,-1,-1,1,Train
5121,[N-]=[N+]=CC(=O)NCC(N)=O,isssty,-1,-1,-1,1,-1,1,Train
5122,O=c1c2ccc(OCC3CO3)cc2sn1CC1CO1,isssty,-1,1,-1,-1,-1,1,Train
5123,CS(=O)(=O)Nc1ccc(Nc2c3ccccc3nc3ccc(N=[N+]=[N-])cc23)cc1,isssty,-1,-1,-1,-1,1,1,Train
5124,CS(=O)(=O)Nc1ccc(Nc2c3ccccc3nc3cc(N=[N+]=[N-])ccc23)cc1,isssty,-1,-1,-1,-1,1,1,External
5125,CS(=O)(=O)Nc1ccc(Nc2c3ccc(N=[N+]=[N-])cc3nc3cc(N=[N+]=[N-])ccc23)cc1,isssty,-1,-1,-1,-1,1,1,Train
5126,[N-]=[N+]=Nc1ccc2c(Nc3ccc(NS(=O)(=O)CCCN)cc3)c3cc(N=[N+]=[N-])ccc3nc2c1,isssty,-1,-1,-1,-1,1,1,Internal
5127,[N-]=[N+]=Nc1ccc2c(Nc3ccc(NS(=O)(=O)CCCN)cc3)c3ccc(N=[N+]=[N-])cc3nc2c1,isssty,-1,-1,-1,-1,1,1,External
5128,COc1cc(NS(C)(=O)=O)ccc1Nc1c2ccccc2nc2ccc(N=[N+]=[N-])cc12,isssty,-1,-1,-1,-1,1,1,External
5129,CCOC(=O)CNC(=O)C=[N+]=[N-],isssty,-1,-1,-1,1,-1,1,Train
5130,COc1cc(NS(C)(=O)=O)ccc1Nc1c2ccccc2nc2cc(N=[N+]=[N-])ccc12,isssty,-1,-1,-1,-1,1,1,Train
5131,COc1cc(NS(C)(=O)=O)ccc1Nc1c2ccc(N=[N+]=[N-])cc2nc2c(C)cccc12,isssty,-1,-1,-1,-1,1,1,Train
5132,[N-]=[N+]=Nc1ccc2c(Nc3ccc(C(=O)O)cc3)c3ccccc3nc2c1,isssty,-1,-1,-1,-1,1,1,Train
5133,[N-]=[N+]=Nc1ccc(Nc2c3ccccc3nc3ccccc23)cc1,isssty,-1,-1,-1,-1,1,1,Train
5134,c1ccc(COC[C@H]2CO2)cc1,isssty,-1,1,-1,-1,-1,1,Train
5135,c1ccc(COC[C@@H]2CO2)cc1,isssty,-1,1,-1,-1,-1,1,Internal
5136,[N-]=[N+]=CC(=O)NCC(=O)NN,isssty,-1,-1,-1,1,-1,1,External
5137,c1ccc2c(OC[C@H]3CO3)cccc2c1,isssty,-1,1,-1,-1,-1,1,Train
5138,c1ccc2c(OC[C@@H]3CO3)cccc2c1,isssty,-1,1,-1,-1,-1,1,Train
5139,O=[N+]([O-])c1cccc(S(=O)(=O)OC[C@H]2CO2)c1,isssty,-1,1,-1,-1,-1,1,Train
5140,O=[N+]([O-])c1cccc(S(=O)(=O)OC[C@@H]2CO2)c1,isssty,-1,1,-1,-1,-1,1,Train
5141,O=C(OC[C@@H]1CO1)c1ccc([N+](=O)[O-])cc1,isssty,-1,1,-1,-1,-1,1,Train
5142,O=C(OC[C@H]1CO1)c1ccc([N+](=O)[O-])cc1,isssty,-1,1,-1,-1,-1,1,Train
5143,O=[N+]([O-])c1ccc(OC[C@H]2CO2)cc1,isssty,-1,1,-1,-1,-1,1,External
5144,O=[N+]([O-])c1ccc(OC[C@@H]2CO2)cc1,isssty,-1,1,-1,-1,-1,1,Train
5145,Cc1nc2ccc3c(nc(N)n3C)c2nc1C,isssty,1,-1,-1,-1,-1,1,Train
5146,Cc1cc2nccnc2c2nc(N)n(C)c12,isssty,1,-1,-1,-1,-1,1,Train
5147,Cc1cnc2c(cc(C)c3c2nc(N)n3C)n1,isssty,1,-1,-1,-1,-1,1,External
5148,Cc1cc2c(nc(N)n2C)c2nccnc12,isssty,1,-1,-1,-1,-1,1,Train
5149,Cc1cnc2c(C)cc3c(nc(N)n3C)c2n1,isssty,1,-1,-1,-1,-1,1,Train
5150,Cc1cnc2c(n1)c(C)cc1c2nc(N)n1C,isssty,1,-1,-1,-1,-1,1,Train
5151,Cc1c(C)c2c(nc(N)n2C)c2nccnc12,isssty,1,-1,-1,-1,-1,1,Train
5152,Cc1cnc2cc(C)c3c(nc(N)n3C)c2n1,isssty,1,-1,-1,-1,-1,1,Train
5153,Cc1nc2cc(C)c3c(nc(N)n3C)c2nc1C,isssty,1,-1,-1,-1,-1,1,Train
5154,Cc1nc2c(C)cc3c(nc(N)n3C)c2nc1C,isssty,1,-1,-1,-1,-1,1,Train
5155,Cc1cnc2c(C)c(C)c3c(nc(N)n3C)c2n1,isssty,1,-1,-1,-1,-1,1,Train
5156,Cc1cnc2c(n1)c(C)c(C)c1c2nc(N)n1C,isssty,1,-1,-1,-1,-1,1,Internal
5157,Cc1cc2[nH]c3cc(C)c4ccccc4c3c2c2ccccc12,isssty,-1,1,-1,-1,-1,1,Internal
5158,Cc1cc2c(nc(N)n2C)c2nc(-c3ccccc3)cnc12,isssty,1,-1,-1,-1,-1,1,Internal
5159,Cc1nc2c(C)c(C)c3c(nc(N)n3C)c2nc1C,isssty,1,-1,-1,-1,-1,1,Train
5160,Cc1cc2c(nc(N)n2C)c2ncc(-c3ccccc3)nc12,isssty,1,-1,-1,-1,-1,1,Train
5161,Cc1ccc2c(ccc3[nH]c4ccc5ccccc5c4c32)c1,isssty,-1,1,-1,-1,-1,1,Train
5162,CC(=C\C1=CCOC1=O)/C=C(C)/C=C/C=C(\C)C(=O)C12O[C@@H]1[C@](O)(CCO)NC2=O,isssty,-1,1,-1,-1,-1,1,Train
5163,COC(=O)C(/C=C(C)/C=C(C)/C=C/C=C(\C)C(=O)[C@@]12O[C@H]1C(O)(CCO)NC2=O)=C/CO,isssty,-1,1,-1,-1,-1,1,Train
5164,Cc1cc2c(c3ccc4ccccc4c13)[C@@H]1O[C@H]1[C@H](O)[C@H]2O,isssty,-1,1,-1,-1,-1,1,Internal
5165,Cc1cc2ccccc2c2ccc3c(c12)[C@@H]1O[C@H]1[C@H](O)[C@H]3O,isssty,-1,1,-1,-1,-1,1,External
5166,Cn1cc2ccc([N+](=O)[O-])cc2n1,isssty,1,-1,-1,-1,-1,1,Internal
5167,Cn1cc2cccc([N+](=O)[O-])c2n1,isssty,1,-1,-1,-1,-1,1,Train
5168,O=[N+]([O-])c1ccc2[nH]ccc2c1,isssty,1,-1,-1,-1,-1,1,Train
5169,Cn1ccc2ccc3ccc4ccc(O)cc4c3c21,isssty,1,-1,-1,-1,-1,1,Train
5170,Cn1c([N+](=O)[O-])nc2ccccc21,isssty,1,-1,-1,-1,-1,1,Train
5171,O=[N+]([O-])c1ccc2cn[nH]c2c1,isssty,1,-1,-1,-1,-1,1,Train
5172,Cc1nc2ccc3ccc4ccc(O)cc4c3c2n1C,isssty,1,-1,-1,-1,-1,1,Train
5173,Cc1nc2c(cc(C)c3ccc4ccc(O)cc4c32)[nH]1,isssty,1,-1,-1,-1,-1,1,Train
5174,CCc1nc2c(ccc3ccc4ccc(O)cc4c32)[nH]1,isssty,1,-1,-1,-1,-1,1,Internal
5175,ClC1C=Cc2cc3c4c(ccc5cccc(c54)C=3)c2=C1,isssty,1,-1,-1,-1,-1,1,Train
5176,ClCc1c2ccccc2c(CCl)c2ccccc12,isssty,-1,-1,-1,-1,1,1,External
5177,O=[N+]([O-])c1ccc2c(c1)NCC2,isssty,1,-1,-1,-1,-1,1,Train
5178,O=[N+]([O-])c1ccc2c(c1)CCN2,isssty,1,-1,-1,-1,-1,1,Train
5179,O=[N+]([O-])c1nc2ccccc2[nH]1,isssty,1,-1,-1,-1,-1,1,Internal
5180,O=[N+]([O-])c1cccc2cn[nH]c12,isssty,1,-1,-1,-1,-1,1,External
5181,Cn1cnc2ccc([N+](=O)[O-])cc21,isssty,1,-1,-1,-1,-1,1,Train
5182,CN1CCN=N1,isssty,-1,-1,-1,1,-1,1,External
5183,CCN1CCN=N1,isssty,-1,-1,-1,1,-1,1,External
5184,c1ccc(CN2CCN=N2)cc1,isssty,-1,-1,-1,1,-1,1,External
5185,C/N=N/NC,isssty,-1,-1,-1,1,-1,1,Train
5186,CC/N=N/NCC,isssty,-1,-1,-1,1,-1,1,Train
5187,CC(C)OC(=O)/C(Cl)=C(/Cl)C=O,isssty,-1,1,-1,-1,-1,1,Train
5188,CC1=CNc2ccc3c(nc(N=O)n3C)c2N1,isssty,1,-1,-1,-1,-1,1,Train
5189,CC(C)(C)OC(=O)[C@H](N)CN=[N+]=[N-],isssty,-1,1,-1,-1,-1,1,Internal
5190,C=CCn1cc2c3c(cccc31)[C@H]1C=C(CO)CN(C)[C@@H]1C2,isssty,-1,1,-1,-1,-1,1,Train
5191,COC[C@H]1C=C2c3cccc4c3c(cn4C)C[C@H]2N(C)C1,isssty,-1,1,-1,-1,-1,1,Train
5192,[N-]=[N+]=NCCC(=O)O,isssty,-1,1,-1,-1,-1,1,External
5193,C[C@H]1C[C@@H]2c3cccc4[nH]cc(c34)C[C@H]2N(C)C1,isssty,-1,1,-1,-1,-1,1,Train
5194,C[C@H]1CC2c3cccc4c3c(cn4C3CCCC3)C[C@H]2N(C)C1,isssty,-1,1,-1,-1,-1,1,External
5195,CCCn1cc2c3c(cccc31)C1C[C@H](C)CN(C#N)[C@@H]1C2,isssty,-1,1,-1,-1,-1,1,Internal
5196,C[C@H](C(=O)O)N(N=[N+]=[N-])C(=O)OC(C)(C)C,isssty,-1,1,-1,-1,-1,1,Train
5197,C=CCn1cc2c3c(cccc31)C1C[C@@H](C)CN(C#N)[C@@H]1C2,isssty,-1,1,-1,-1,-1,1,Train
5198,CN1C[C@@H](CBr)CC2c3cccc4[nH]cc(c34)C[C@H]21,isssty,-1,1,-1,-1,-1,1,Train
5199,C[C@H](C(=O)OC(C)(C)C)N(N=[N+]=[N-])C(=O)OC(C)(C)C,isssty,-1,1,-1,-1,-1,1,Internal
5200,CCC/N=N/C(C)(C)OO,isssty,-1,-1,-1,1,-1,1,Train
5201,CCCC/N=N/C(C)(C)OO,isssty,-1,-1,-1,1,-1,1,Train
5202,N[C@H](CSC(F)(F)C(Cl)Br)C(=O)O,isssty,-1,-1,-1,-1,-1,-1,Train
5203,N[C@H](CSC(F)(F)C(Br)Br)C(=O)O,isssty,-1,-1,-1,-1,-1,-1,Train
5204,N[C@H](CSC(F)(F)C(F)Br)C(=O)O,isssty,-1,-1,-1,-1,-1,-1,External
5205,Cn1cc(C(=O)[O-])c(=O)c2ccc(/C=C/c3ccc([N+](=O)[O-])o3)nc21,isssty,-1,1,-1,-1,-1,1,Train
5206,CC1(C)Cc2ncccc2-c2nc(N)sc21,isssty,-1,-1,-1,-1,-1,-1,External
5207,O=C/C(Br)=C(/Br)C(=O)[O-],isssty,-1,1,-1,-1,-1,1,Train
5208,O=C1OCC(Br)=C1Br,isssty,-1,1,-1,-1,-1,1,External
5209,c1cc2ccc3cc4cccc5ccc6cc(c1)c2c3c6c54,isssty,-1,1,-1,-1,-1,1,Train
5210,Nc1cccc2ncc(F)cc12,isssty,-1,1,-1,-1,-1,1,Train
5211,CC(=O)Nc1cccc2cc(F)cnc12,isssty,-1,1,-1,-1,-1,1,Train
5212,Cn1c(N)nc2c3ncccc3ccc21,isssty,1,-1,-1,-1,-1,1,External
5213,Cn1c(N)nc2c3cnccc3ccc21,isssty,1,-1,-1,-1,-1,1,Train
5214,Cn1c(N)nc2c3ccncc3ccc21,isssty,1,-1,-1,-1,-1,1,Train
5215,[Cl][Mn][Cl],isssty,-1,-1,1,-1,-1,1,Train
5216,CC#CC(OC(=O)NC1CCCCC1)(c1ccccc1)c1ccccc1,isssty,-1,1,-1,-1,-1,1,Train
5217,C#CC(OC(=O)NC1CCCCC1)(c1ccccc1)c1ccccc1,isssty,-1,1,-1,-1,-1,1,Internal
5218,CN(C)C(=O)Nc1ccc(Cl)c(Cl)c1,isssty,-1,-1,-1,1,-1,1,Train
5219,C1COCC2(C1)CO2,isssty,-1,1,-1,-1,-1,1,Train
5220,c1ccc2nc3c4ccccc4c4ccccc4c3cc2c1,isssty,-1,1,-1,-1,-1,1,Train
5221,CC1=C2C(=CC(C)(C)C2O)C(=O)C(C)(O)C12CC2,isssty,1,-1,-1,-1,-1,1,Train
5222,CC1=C2C(=CC(C)(CO)C2O)C(=O)C(C)(O)C12CC2,isssty,1,-1,-1,-1,-1,1,Train
5223,c1ccc2c(c1)ccc1cc3ccc4ccccc4c3nc12,isssty,-1,1,-1,-1,-1,1,Train
5224,CCN(CCCC(=O)O)N=O,isssty,-1,-1,-1,1,-1,1,Internal
5225,COC(=O)[C@@H]1CS[C@@H]2C(Cl)=C(Cl)C(=O)N21,isssty,-1,1,-1,-1,-1,1,Train
5226,COC(=O)[C@H]1CS[C@H]2C(Cl)=C(Cl)C(=O)N12,isssty,-1,1,-1,-1,-1,1,Train
5227,COC(=O)C1CSC2C(Cl)=C(Cl)C(=O)N12,isssty,-1,1,-1,-1,-1,1,Train
5228,CCN(CCCCO)N=O,isssty,-1,-1,-1,1,-1,1,Internal
5229,Nc1cc2nc3ccc(Cl)cc3nc2cc1N,isssty,1,-1,-1,-1,-1,1,Train
5230,CCN(CCO)N=O,isssty,-1,-1,-1,1,-1,1,Internal
5231,COc1cc2c(c3ccc4ccccc4c13)CCC2=O,isssty,-1,1,-1,-1,-1,1,Internal
5232,COc1cc2nc3cc(N)c(OC)cc3nc2cc1N,isssty,1,-1,-1,-1,-1,1,Train
5233,COc1cc2nc3cc(N)ccc3nc2cc1N,isssty,1,-1,-1,-1,-1,1,External
5234,CCc1c2ccccc2cc2c1c1c(c3ccccc32)O1,isssty,1,-1,-1,-1,-1,1,Train
5235,CCc1c2ccccc2cc2c1c1c(c3ccccc32)N1,isssty,1,-1,-1,-1,-1,1,Train
5236,Cc1cccc2c3c(c4cc5ccccc5cc4c12)O3,isssty,1,-1,-1,-1,-1,1,Train
5237,Cc1cccc2c3c(c4cc5ccccc5cc4c12)N3,isssty,1,-1,-1,-1,-1,1,External
5238,Cc1c2ccccc2c(C)c2c1c1c(c3ccccc32)N1,isssty,1,-1,-1,-1,-1,1,External
5239,Cc1c2c(c(C)c3ccccc13)C1OC1c1ccccc1-2,isssty,1,-1,-1,-1,-1,1,Train
5240,CC(=O)O[C@H]1[C@H](OC(C)=O)C(Nc2ccc([N+](=O)[O-])cc2)OC[C@H]1OC(C)=O,isssty,-1,1,-1,-1,-1,1,Train
5241,Cc1ccc(N(CC2(O)OC[C@@H](O)[C@@H](O)[C@@H]2O)N=O)cc1,isssty,-1,1,-1,-1,-1,1,External
5242,ClC[C@H](Br)CBr,isssty,-1,1,-1,-1,-1,1,Train
5243,F[B-](F)(F)F.N#[N+]c1ccc([N+](=O)[O-])cc1,isssty,-1,1,-1,-1,-1,1,Train
5244,Cc1ccc([N+]#N)cc1.F[B-](F)(F)F,isssty,-1,1,-1,-1,-1,1,Train
5245,CCCC(Cl)C(=O)S,isssty,-1,-1,-1,1,-1,1,Train
5246,Cc1c2c3ccccc3nc-2n(C)c2c(C)cccc12,isssty,-1,-1,-1,-1,-1,-1,Train
5247,Cc1ccc2nc3n(C)c4ccc(C)cc4c(C)c-3c2c1,isssty,1,-1,-1,-1,-1,1,Train
5248,[N-]=[N+]=Nc1nc2ccccc2[nH]1,isssty,1,-1,-1,-1,-1,1,Train
5249,Cn1c(N=[N+]=[N-])nc2ccccc21,isssty,1,-1,-1,-1,-1,1,External
5250,Cc1cc(C)c(/N=N/c2c(O)c(S(=O)(=O)[O-])cc3cc(S(=O)(=O)[O-])ccc23)cc1C,isssty,-1,1,-1,-1,-1,1,Train
5251,Fc1ccc(CN2C3c4ccccc4-c4ccccc4C32)cc1,isssty,-1,1,-1,-1,-1,1,Train
5252,Clc1ccc(CN2C3c4ccccc4-c4ccccc4C32)cc1,isssty,-1,1,-1,-1,-1,1,Train
5253,Brc1ccc(CN2C3c4ccccc4-c4ccccc4C32)cc1,isssty,-1,1,-1,-1,-1,1,Train
5254,FC(F)(F)c1ccccc1CN1C2c3ccccc3-c3ccccc3C21,isssty,-1,1,-1,-1,-1,1,Train
5255,Cc1ccc(CN2C3c4ccccc4-c4ccccc4C32)cc1,isssty,-1,1,-1,-1,-1,1,External
5256,COc1cccc(CN2C3c4ccccc4-c4ccccc4C32)c1,isssty,-1,1,-1,-1,-1,1,Internal
5257,Cc1c2cc(CO)ccc2nc2c3c(ccc12)[C@@H](O)[C@H](O)C=C3,isssty,-1,1,-1,-1,-1,1,External
5258,COc1ccc(CN2C3c4ccccc4-c4ccccc4C32)cc1,isssty,-1,1,-1,-1,-1,1,Train
5259,Cc1ccc2nc3c4c(ccc3c(CO)c2c1)[C@@H](O)[C@H](O)C=C4,isssty,-1,1,-1,-1,-1,1,Internal
5260,Cc1cc(C)c(CN2C3c4ccccc4-c4ccccc4C32)c(C)c1,isssty,-1,1,-1,-1,-1,1,Train
5261,Cc1ccc2nc3c4c(ccc3c(C)c2c1)[C@H](O)[C@@H](O)C=C4,isssty,-1,1,-1,-1,-1,1,Train
5262,O=[N+]([O-])c1ccc(CN2C3c4ccccc4-c4ccccc4C32)cc1,isssty,-1,1,-1,-1,-1,1,External
5263,CCCCCCN(N=O)C(=N)N[N+](=O)[O-],isssty,-1,-1,-1,1,-1,1,Train
5264,Cc1c2cc(CO)ccc2nc2c1ccc1ccccc12,isssty,-1,1,-1,-1,-1,1,Train
5265,OCc1ccc2nc3c(ccc4ccccc43)c(CO)c2c1,isssty,-1,1,-1,-1,-1,1,Train
5266,Cc1ccc2c(C)c3ccc4c(c3nc2c1)C=C[C@H](O)[C@H]4O,isssty,-1,1,-1,-1,-1,1,Train
5267,CC1=Cc2nc3c(ccc4ccccc43)c(C)c2[C@H](O)[C@H]1O,isssty,-1,1,-1,-1,-1,1,Internal
5268,Cc1c2ccc(CO)cc2nc2c1ccc1ccccc12,isssty,-1,1,-1,-1,-1,1,Train
5269,Fc1ccnc2ccccc12,isssty,-1,1,-1,-1,-1,1,Train
5270,ClC1=C(Cl)C2(Cl)C3C(Cl)C(Cl)CC3C1(Cl)C2(Cl)Cl,isssty,-1,1,-1,-1,-1,1,Train
5271,Cc1cc2c3c(cccc3c1)-c1cc3ccccc3cc1-2,isssty,-1,1,-1,-1,-1,1,Train
5272,Cc1cccc2cc3c(cc12)-c1cccc2cccc-3c12,isssty,-1,1,-1,-1,-1,1,Train
5273,Cc1ccc2cc3c(cc2c1)-c1cccc2cccc-3c12,isssty,-1,1,-1,-1,-1,1,Internal
5274,Cc1c2c(c(C)c3ccccc13)-c1cccc3cccc-2c13,isssty,-1,1,-1,-1,-1,1,Train
5275,CN(CO)[N+](=O)[O-],isssty,-1,1,-1,-1,-1,1,Train
5276,CC(=O)OCN(C)[N+](=O)[O-],isssty,-1,1,-1,-1,-1,1,Train
5277,Nc1c2cc([N+](=O)[O-])ccc2nc2ccc([N+](=O)[O-])cc12,isssty,-1,-1,-1,-1,1,1,External
5278,c1ccc2cc3c(cc2c1)c1c(c2ccccc23)O1,isssty,-1,1,-1,-1,-1,1,Train
5279,O=C1NC(=O)C(Cl)=C1Cl,isssty,-1,1,-1,-1,-1,1,Train
5280,O=C1CC(=C(Cl)Cl)C(=O)N1,isssty,-1,1,-1,-1,-1,1,External
5281,O=C1NC(=O)C(Cl)C1=C(Cl)Cl,isssty,-1,1,-1,-1,-1,1,Internal
5282,COc1ccc(Cc2nccc3cc(OC)c(OC)cc23)cc1OC,isssty,-1,1,-1,-1,-1,1,Train
5283,COc1ccc2c(c1OC)c(=O)n(C)c1c3cc4c(cc3ccc21)OCO4,isssty,-1,1,-1,-1,-1,1,External
5284,CCCN(N=O)C(N)=O,isssty,-1,-1,-1,1,-1,1,Train
5285,COc1ccc2nc3cc(Cl)ccc3c(NC(C)CCCN(CCCl)CCCl)c2c1,isssty,-1,-1,-1,-1,1,1,Train
5286,Nc1c2ccccc2nc2ccc(O)cc12,isssty,-1,-1,-1,-1,1,1,Train
5287,COc1cc2ccnc3c2c(c1OC)-c1ccccc1C3=O,isssty,-1,1,-1,-1,-1,1,Internal
5288,COc1ccc2c(c1)C(=O)c1nccc3cc(OC)c(OC)c-2c13,isssty,-1,1,-1,-1,-1,1,External
5289,COc1ccc2c(c1)-c1nccc3cc(OC)c(O)c(c13)C2=O,isssty,1,-1,-1,-1,-1,1,Train
5290,COc1ccc2c(c1)-c1nccc3cc(OC)c(OC)c(c13)C2=O,isssty,1,-1,-1,-1,-1,1,External
5291,Oc1ccc2cc3c4ccccc4c4ccccc4c3cc2c1O,isssty,-1,1,-1,-1,-1,1,Internal
5292,Oc1ccc2c3ccccc3c3cc4ccccc4cc3c2c1O,isssty,-1,1,-1,-1,-1,1,External
5293,Oc1ccc2c3cc4ccccc4cc3c3ccccc3c2c1O,isssty,-1,1,-1,-1,-1,1,Train
5294,Oc1ccc2c(c1)c1ccccc1c1cc3ccccc3cc21,isssty,-1,1,-1,-1,-1,1,Train
5295,Oc1ccc2c3ccccc3c3cc4ccccc4cc3c2c1,isssty,-1,1,-1,-1,-1,1,Train
5296,Oc1cccc2c3cc4ccccc4cc3c3ccccc3c12,isssty,-1,1,-1,-1,-1,1,External
5297,Oc1cccc2cc3c4ccccc4c4ccccc4c3cc12,isssty,-1,1,-1,-1,-1,1,Train
5298,Oc1ccc2cc3c4ccccc4c4ccccc4c3cc2c1,isssty,-1,1,-1,-1,-1,1,Train
5299,C1=COc2c(c3cc4ccccc4cc3c3ccccc23)C=C1,isssty,-1,1,-1,-1,-1,1,External
5300,Cl[C@@H]1O[C@@H]1CBr,isssty,-1,1,-1,-1,-1,1,Train
5301,ClC1OC1CBr,isssty,-1,1,-1,-1,-1,1,Internal
5302,Cc1cccc2cccc([N+](=O)[O-])c12,isssty,1,-1,-1,-1,-1,1,Train
5303,Cc1ccc2cccc([N+](=O)[O-])c2c1,isssty,1,-1,-1,-1,-1,1,Internal
5304,Cc1cccc2c([N+](=O)[O-])cccc12,isssty,1,-1,-1,-1,-1,1,Train
5305,CC(C)NC(=O)/C=C/c1ccc([N+](=O)[O-])o1,isssty,1,-1,-1,-1,-1,1,Train
5306,Cc1ccc2c([N+](=O)[O-])cccc2c1,isssty,1,-1,-1,-1,-1,1,Train
5307,Cc1ccc([N+](=O)[O-])c2ccccc12,isssty,1,-1,-1,-1,-1,1,Train
5308,Cc1cccc2cc([N+](=O)[O-])ccc12,isssty,1,-1,-1,-1,-1,1,External
5309,Cc1c([N+](=O)[O-])ccc2ccccc12,isssty,1,-1,-1,-1,-1,1,Train
5310,Cc1cc([N+](=O)[O-])cc2ccccc12,isssty,1,-1,-1,-1,-1,1,Train
5311,Cc1cccc2ccc([N+](=O)[O-])cc12,isssty,1,-1,-1,-1,-1,1,Train
5312,Cc1ccc2ccc([N+](=O)[O-])cc2c1,isssty,1,-1,-1,-1,-1,1,Internal
5313,Cc1ccc2cc([N+](=O)[O-])ccc2c1,isssty,1,-1,-1,-1,-1,1,Train
5314,CCc1cccc2cccnc12,isssty,-1,1,-1,-1,-1,1,Train
5315,O[C@@H]1C=Cc2c(ccc3c(Cl)c4ccccc4cc23)[C@@H]1O,isssty,-1,1,-1,-1,-1,1,Train
5316,N#Cc1cccc2cccnc12,isssty,-1,1,-1,-1,-1,1,External
5317,Brc1c2ccccc2cc2c1ccc1ccccc12,isssty,-1,1,-1,-1,-1,1,External
5318,OC1CC=Cc2c1cc1ccc3cccc4ccc2c1c34,isssty,1,-1,-1,-1,-1,1,Train
5319,O=C1OC(O)C(CBr)=C1Br,isssty,-1,1,-1,-1,-1,1,Train
5320,O=C1OCC(C(Br)Br)=C1Br,isssty,-1,1,-1,-1,-1,1,External
5321,O=C1OCC(C(Br)Br)=C1Cl,isssty,-1,1,-1,-1,-1,1,Train
5322,O=C1OCC(CCl)=C1Br,isssty,-1,1,-1,-1,-1,1,Internal
5323,O=C1OCC(CBr)=C1Cl,isssty,-1,1,-1,-1,-1,1,Train
5324,c1cnc2c(c1)ccc1ncccc12,isssty,-1,1,-1,-1,-1,1,External
5325,Fc1cc2cccnc2c2cccnc12,isssty,-1,1,-1,-1,-1,1,Train
5326,Fc1cnc2ccc3cccnc3c2c1,isssty,-1,1,-1,-1,-1,1,External
5327,Fc1cc2cccnc2c2ncccc12,isssty,-1,1,-1,-1,-1,1,External
5328,Fc1cc2ccccc2c2ncccc12,isssty,-1,1,-1,-1,-1,1,Train
5329,Fc1cc2cccnc2c2ccccc12,isssty,-1,1,-1,-1,-1,1,Train
5330,Fc1cccc2c1ccc1cccnc12,isssty,-1,1,-1,-1,-1,1,Train
5331,Fc1ccc2ccc3cccnc3c2c1,isssty,-1,1,-1,-1,-1,1,Internal
5332,Fc1ccc(F)c2c1ccc1cccnc12,isssty,-1,1,-1,-1,-1,1,Train
5333,Fc1cnc2ccc3ccccc3c2c1,isssty,-1,1,-1,-1,-1,1,Train
5334,Fc1cccc2c1ccc1ncccc12,isssty,-1,1,-1,-1,-1,1,Train
5335,Fc1cccc2ccc3ncccc3c12,isssty,-1,1,-1,-1,-1,1,Train
5336,Fc1ccc(F)c2c1ccc1ncccc12,isssty,-1,1,-1,-1,-1,1,Train
5337,[N-]=[N+]=NCC(O)Cn1cnc2c(N)ncnc21,isssty,-1,1,-1,-1,-1,1,Train
5338,[N-]=[N+]=NCC(O)Cn1ncc2c(N)ncnc21,isssty,-1,1,-1,-1,-1,1,Train
5339,O=c1cc[nH]c(=O)[nH]1,isssty,-1,1,-1,-1,-1,1,Train
5340,Cc1cn(CC(O)CN=[N+]=[N-])c(=O)[nH]c1=O,isssty,-1,1,-1,-1,-1,1,Train
5341,Nc1nc(Cl)c2[nH]cnc2n1,isssty,-1,1,-1,-1,-1,1,Train
5342,COc1ccnc(=O)[nH]1,isssty,-1,1,-1,-1,-1,1,Train
5343,Clc1ncnc2nc[nH]c12,isssty,-1,1,-1,-1,-1,1,Train
5344,CSc1ncnc2nc[nH]c12,isssty,-1,1,-1,-1,-1,1,External
5345,[N-]=[N+]=NC[C@@H](O)[C@@H](O)[C@H](O)[C@H](O)C=O,isssty,-1,1,-1,-1,-1,1,External
5346,[N-]=[N+]=NC[C@@H](O)[C@H](O)[C@H](O)[C@H](O)C=O,isssty,-1,1,-1,-1,-1,1,Internal
5347,Cc1c2ccccc2c2ccc3cccc4ccc1c2c43,isssty,-1,1,-1,-1,-1,1,External
5348,O=Nn1cc(CC(O)C(=O)O)c2ccccc21,isssty,1,-1,-1,-1,-1,1,Train
5349,CCN(CC)/[N+]([O-])=N/[O-],isssty,-1,-1,-1,1,-1,1,External
5350,CCCCN(C)N=O,isssty,-1,1,-1,-1,-1,1,Train
5351,O=C1C=CC(=C(Cl)Cl)O1,isssty,-1,1,-1,-1,-1,1,Train
5352,O=C1OC(=C(Cl)Cl)C=C1Cl,isssty,-1,1,-1,-1,-1,1,Train
5353,O=C1OC(=C(Cl)Cl)C(Cl)=C1Cl,isssty,-1,1,-1,-1,-1,1,Train
5354,O=C1C=CC(=O)C1(Cl)Cl,isssty,-1,1,-1,-1,-1,1,Train
5355,CN(CCCC(=O)O)N=O,isssty,-1,-1,-1,1,-1,1,Train
5356,O=C1C=C(Cl)C(=O)C1(Cl)Cl,isssty,-1,1,-1,-1,-1,1,Train
5357,COCc1ccc([N+]#N)cc1,isssty,-1,-1,1,-1,-1,1,Train
5358,N#[N+]c1ccc(C(=O)O)cc1,isssty,-1,-1,1,-1,-1,1,Train
5359,Cc1cc2c(nc1NO)[nH]c1ccccc12,isssty,1,-1,-1,-1,-1,1,External
5360,Cc1ccc2nc3ccccc3c(N)c2c1,isssty,-1,-1,-1,-1,1,1,Train
5361,Cc1ccc2nc3ccc(C)cc3c(N)c2c1,isssty,-1,-1,-1,-1,1,1,Train
5362,Nc1c2ccccc2nc2ccc(Cl)cc12,isssty,-1,-1,-1,-1,1,1,Train
5363,Nc1c2ccccc2nc2ccc(Br)cc12,isssty,-1,-1,-1,-1,1,1,Internal
5364,Nc1c2ccccc2nc2ccc(I)cc12,isssty,-1,-1,-1,-1,1,1,Train
5365,Cc1ccc([N+]#N)cc1,isssty,-1,-1,1,-1,-1,1,Train
5366,CCCCCCCCCCCCN(C)N=O,isssty,-1,1,-1,-1,-1,1,Internal
5367,Cc1cc2ccccc2c2ccc3c(c12)[C@H]1O[C@H]1[C@@H](O)[C@H]3O,isssty,-1,1,-1,-1,-1,1,Train
5368,c1ccc2c(c1)ccc1ccc3c(c12)CCC3,isssty,-1,1,-1,-1,-1,1,Train
5369,C1=Cc2c(ccc3ccc4ccccc4c23)C1,isssty,-1,1,-1,-1,-1,1,Train
5370,c1ccc2c(c1)Cc1c-2ccc2ccc3ccccc3c12,isssty,-1,1,-1,-1,-1,1,Internal
5371,Clc1ccnc2ccccc12,isssty,-1,1,-1,-1,-1,1,Train
5372,Clc1cccc2ncccc12,isssty,-1,1,-1,-1,-1,1,Train
5373,Clc1ccc2ncccc2c1,isssty,-1,1,-1,-1,-1,1,Train
5374,[N-]=[N+]=NCc1ccccc1,isssty,-1,1,-1,-1,-1,1,Train
5375,[N-]=[N+]=NC(c1ccccc1)c1ccccc1,isssty,-1,1,-1,-1,-1,1,Train
5376,CN(CCCCO)N=O,isssty,-1,-1,-1,1,-1,1,Train
5377,C[C@@H](CCN=[N+]=[N-])c1ccccc1,isssty,-1,1,-1,-1,-1,1,Train
5378,[N-]=[N+]=NCCC(c1ccccc1)c1ccccc1,isssty,-1,1,-1,-1,-1,1,Train
5379,[N-]=[N+]=NC[C@H](O)c1ccccc1,isssty,-1,1,-1,-1,-1,1,Train
5380,[N-]=[N+]=NC[C@@H](O)c1ccccc1,isssty,-1,1,-1,-1,-1,1,Train
5381,[N-]=[N+]=NC[C@H](CO)Cc1ccccc1,isssty,-1,1,-1,-1,-1,1,Train
5382,[N-]=[N+]=NC[C@@H](CO)Cc1ccccc1,isssty,-1,1,-1,-1,-1,1,Train
5383,COC(=O)[C@H](C)CN=[N+]=[N-],isssty,-1,1,-1,-1,-1,1,Train
5384,COC(=O)[C@@H](C)CN=[N+]=[N-],isssty,-1,1,-1,-1,-1,1,Train
5385,[N-]=[N+]=N[C@@H](c1ccccc1)[C@@H](O)CO,isssty,-1,1,-1,-1,-1,1,Train
5386,[N-]=[N+]=N[C@H](c1ccccc1)[C@H](O)CO,isssty,-1,1,-1,-1,-1,1,Train
5387,CC(C)(C)OC(=O)CN=[N+]=[N-],isssty,-1,1,-1,-1,-1,1,Train
5388,O=[N+]([O-])c1cc([N+](=O)[O-])c2c3ccccc3c3cccc4ccc1c2c43,isssty,1,-1,-1,-1,-1,1,Train
5389,O=[N+]([O-])c1ccc2ccc3cc4c(c5ccc1c2c35)CCCC4O,isssty,1,-1,-1,-1,-1,1,Train
5390,O=Nc1ccc2ccc3c4c(cc5ccc1c2c53)CCCC4,isssty,1,-1,-1,-1,-1,1,Train
5391,O=NSCCO,isssty,-1,1,-1,-1,-1,1,External
5392,[N-]=[N+]=CC(=O)OCC(N)C(=O)O,isssty,-1,1,-1,-1,-1,1,Train
5393,CC1CN(/N=C/c2ccc([N+](=O)[O-])o2)C(=O)N1,isssty,-1,1,-1,-1,-1,1,Internal
5394,CCCn1cc2c3c(cccc31)[C@H]1C=C(C)CN(C)[C@@H]1C2,isssty,-1,1,-1,-1,-1,1,Internal
5395,Cc1nc(-c2ccc([N+](=O)[O-])o2)cs1,isssty,-1,1,-1,-1,-1,1,Train
5396,CCCCCn1cc2c3c(cccc31)[C@H]1C=C(C)CN(C)[C@@H]1C2,isssty,-1,1,-1,-1,-1,1,External
5397,NC(=O)OC1CO1,isssty,-1,-1,-1,1,-1,1,Train
5398,c1ccc2c(c1)ccc1c3ccccc3sc21,isssty,-1,1,-1,-1,-1,1,Train
5399,O=BO[O-],isssty,-1,-1,1,-1,-1,1,Train
5400,N=NC[O-],isssty,-1,-1,-1,1,-1,1,Train
5401,C/[15N]=[15N]/O,isssty,-1,-1,-1,1,-1,1,Train
5402,CC/N=N/[O-],isssty,-1,-1,-1,1,-1,1,Train
5403,N=NCCC[O-],isssty,-1,-1,-1,1,-1,1,Train
5404,COS(=O)(=O)C(F)(F)F,isssty,-1,1,-1,-1,-1,1,Internal
5405,[2H]C([2H])([2H])/N=N/[O-],isssty,-1,-1,-1,1,-1,1,Train
5406,CC/N=N\[O-],isssty,-1,-1,-1,1,-1,1,Train
5407,O=C1C=Cc2cc3c4c(ccc3nc2C1)OCCO4,isssty,-1,1,-1,-1,-1,1,Internal
5408,COc1ccc2nc3ccc(OC)cc3c(SCCCN)c2c1,isssty,-1,-1,-1,-1,-1,-1,External
5409,O[C@H]1C=Cc2c(ccc3cc4c(ccc5ccccc54)cc23)[C@@H]1O,isssty,-1,1,-1,-1,-1,1,External
5410,CCn1nc(C(=O)O)c(=O)c2cc3c(cc21)OCO3,isssty,-1,-1,1,-1,-1,1,Train
5411,N#C/C(=C/C=C/c1ccccc1)c1ccccc1Cl,isssty,-1,1,-1,-1,-1,1,Train
5412,Cc1cc(-c2cc3c(cc2F)n2c(=O)n(O)c(=O)cc2n3C2CC2)cc(C)n1,isssty,-1,-1,1,-1,-1,1,Train
5413,CN1CCN(c2c(F)cc3c(=O)c(C(=O)O)cn4c3c2OCN4C)CC1,isssty,-1,-1,1,-1,-1,1,Train
5414,CCn1cc(C(=O)O)c(=O)c2cc(F)c(-c3ccc(O)cc3)c(F)c21,isssty,-1,-1,1,-1,-1,1,External
5415,CCN1CCN(c2cc3c(cc2F)c(=O)c(C(=O)O)cn3C2CC2)CC1,isssty,-1,-1,1,-1,-1,1,Train
5416,O=c1c(=O)c2cc3ccccc3c3ccc4cccc1c4c23,isssty,-1,1,-1,-1,-1,1,Internal
5417,Fc1cc(F)c2cccnc2c1,isssty,-1,1,-1,-1,-1,1,Train
5418,Cc1c(C)c2c3c(ccc2c2ccccc12)[C@@H](O)[C@H](O)[C@@H]1O[C@H]31,isssty,-1,1,-1,-1,-1,1,Train
5419,Cc1cccc2c1cc(C)c1c3c(ccc12)C(O)C(O)C1OC31,isssty,-1,1,-1,-1,-1,1,Train
5420,CCCCCN1C2c3ccccc3-c3ccccc3C21,isssty,-1,1,-1,-1,-1,1,Train
5421,Cc1ccc2cc(C)c3c4c(ccc3c2c1)[C@H](O)[C@@H](O)[C@H]1O[C@@H]41,isssty,-1,1,-1,-1,-1,1,Train
5422,CCOP(=O)(OCC)N1C2c3ccccc3-c3ccccc3C21,isssty,-1,1,-1,-1,-1,1,Train
5423,O=S(=O)(Cc1ccccc1)N1C2c3ccccc3-c3ccccc3C21,isssty,-1,1,-1,-1,-1,1,Train
5424,Nc1nccc2[nH]c3ccccc3c12,isssty,-1,-1,-1,-1,1,1,External
5425,CNc1ccc([C+](c2ccc(N(C)C)cc2)c2ccc(N(C)C)cc2)cc1,isssty,-1,1,-1,-1,-1,1,Train
5426,COC12OOC1(C)Oc1ccccc12,isssty,-1,1,-1,-1,-1,1,Train
5427,CC12OOC1Oc1ccccc12,isssty,-1,1,-1,-1,-1,1,Train
5428,N/C(=N\O)c1ccc([N+](=O)[O-])o1,isssty,-1,1,-1,-1,-1,1,Train
5429,CC(=O)c1cccc2c1OC1(C)OOC21C,isssty,-1,1,-1,-1,-1,1,Train
5430,COc1cccc2c1C1(C)OOC1(C)O2,isssty,-1,1,-1,-1,-1,1,External
5431,COc1cccc2c1OC1(C)OOC21C,isssty,-1,1,-1,-1,-1,1,Train
5432,CC(=O)Oc1ccc2c(c1)OC1(C)OOC21C,isssty,-1,1,-1,-1,-1,1,External
5433,CC(=O)Oc1ccc2c(c1)C1(C)OOC1(C)O2,isssty,-1,1,-1,-1,-1,1,External
5434,COCC12OOC1(C)c1ccccc1O2,isssty,-1,1,-1,-1,-1,1,Internal
5435,CC(=O)OCC12OOC1(C)c1ccccc1O2,isssty,-1,1,-1,-1,-1,1,Train
5436,CC12OOC1(COC(=O)Nc1ccc(Cl)cc1)Oc1ccccc12,isssty,-1,1,-1,-1,-1,1,Internal
5437,Cc1cc(=O)oc2cc3c(cc12)C1(C)OOC1(C)O3,isssty,-1,1,-1,-1,-1,1,Train
5438,Cc1cc(=O)oc2c3c(ccc12)C1(C)OOC1(C)O3,isssty,-1,1,-1,-1,-1,1,External
5439,CC(=O)Nc1nnc(-c2ccc([N+](=O)[O-])o2)s1,isssty,-1,1,-1,-1,-1,1,Train
5440,Cc1cc(=O)oc2ccc3c(c12)C1(C)OOC1(C)O3,isssty,-1,1,-1,-1,-1,1,External
5441,NC(=O)/C=C/c1ccc([N+](=O)[O-])o1,isssty,1,-1,-1,-1,-1,1,Train
5442,O=C/C=C\C=O,isssty,-1,-1,-1,-1,-1,-1,Train
5443,O=[N+]([O-])c1ccc(-c2cscn2)o1,isssty,-1,1,-1,-1,-1,1,Train
5444,O=C1C=C(c2nnc(NC(=O)c3ccccc3)s2)C(=O)C=C1Nc1ccc([N+](=O)[O-])cc1,isssty,-1,1,-1,-1,-1,1,Train
5445,CC(/C=C(/C#N)c1ccc(Cl)c(Cl)c1)C(c1ccccc1)C(C#N)c1ccc(Cl)c(Cl)c1,isssty,-1,1,-1,-1,-1,1,Train
5446,Cc1c(C(=O)O)c(O)cc2c1C(=O)c1c(O)c(C3OC(CO)C(O)C(O)C3O)c(O)c(O)c1C2=O,isssty,-1,1,-1,-1,-1,1,External
5447,O=[N+]([O-])c1ccnc2ccccc12,isssty,-1,-1,-1,-1,-1,-1,Train
5448,O[C@@H]1C=Cc2c(ccc3c2sc2ccccc23)[C@H]1O,isssty,-1,1,-1,-1,-1,1,Train
5449,CCN(CC)c1ccc(C(=C2C=CC(=[N+](CC)CC)C=C2)c2ccccc2)cc1,isssty,-1,1,-1,-1,-1,1,Train
5450,Cc1c2ccccc2c(COS(=O)(=O)[O-])c2ccc3ccccc3c12,isssty,1,-1,-1,-1,-1,1,Train
5451,CC1c2cc(F)ccc2-c2ccc(F)cc21,isssty,-1,1,-1,-1,-1,1,External
5452,CC1c2ccccc2-c2ccccc21,isssty,-1,1,-1,-1,-1,1,Train
5453,CC1c2ccccc2-c2ccc(F)cc21,isssty,-1,1,-1,-1,-1,1,Train
5454,C1CSC[NH2+]1,isssty,-1,1,-1,-1,-1,1,External
5455,O=C1NC2(CCCCC2)C(=O)N1CCN1CC1,isssty,-1,-1,-1,1,-1,1,Train
5456,NC(CSSCC(N)C(=O)O)C(=O)O,isssty,1,-1,-1,-1,-1,1,External
5457,NCCCCC(N)C(=O)O,isssty,1,-1,-1,-1,-1,1,Internal
5458,O=C(O)C1CCCN1,isssty,1,-1,-1,-1,-1,1,Train
5459,CC(O)C(N)C(=O)O,isssty,1,-1,-1,-1,-1,1,Internal
5460,Cn1c(N)nc2ccc(C#N)cc21,isssty,1,-1,-1,-1,-1,1,Internal
5461,CC/C=C\C=C/C=C\C=C/C=C\OCCC,isssty,-1,1,-1,-1,-1,1,Train
5462,CCOC(=O)c1[nH]c(C)c(/C(O)=C2\C(=O)C(=O)N(Cc3cccnc3)C2c2ccc(Cl)cc2)c1C,isssty,-1,1,-1,-1,-1,1,Train
5463,CC/C=C\C=C/C=C\C=C/C=C\OCC(C)O,isssty,-1,1,-1,-1,-1,1,Train
5464,Fc1ccc2cccnc2c1F,isssty,-1,1,-1,-1,-1,1,External
5465,O=C(ON(OCc1ccccc1)C(=O)c1ccccc1)c1ccccc1,isssty,-1,1,-1,-1,-1,1,Train
5466,CCCCNCCCNCCCNC(=O)c1csc(-c2csc(CCNC(=O)C(NC(=O)C(C)C(O)C(C)NC(=O)C(NC(=O)c3nc(C(CC(N)=O)NCC(N)C(N)=O)nc(N)c3C)C(OC3OC(CO)C(O)C(O)C3OC3OC(CO)C(O)C(OC(N)=O)C3O)c3cnc[nH]3)C(C)O)n2)n1,isssty,-1,-1,1,-1,-1,1,Train
5467,Fc1cc(F)c2ncccc2c1,isssty,-1,1,-1,-1,-1,1,Train
5468,Fc1c(F)c(F)c2ncccc2c1F,isssty,-1,1,-1,-1,-1,1,External
5469,CC(C)(C)c1ccc(C(=O)ON(OCc2ccccc2)C(=O)c2ccccc2)cc1,isssty,-1,1,-1,-1,-1,1,External
5470,CCCCN(CCC)N=O,isssty,-1,1,-1,-1,-1,1,Train
5471,CCCN(CCCC(=O)O)N=O,isssty,-1,-1,-1,1,-1,1,Train
5472,O=c1[nH]cc(N(CCCl)CCCl)c(=O)[nH]1,isssty,-1,-1,-1,1,-1,1,Train
5473,O=C1NC(=O)C(C(Cl)Cl)=C1Cl,isssty,-1,1,-1,-1,-1,1,Train
5474,O=C1NC(=O)C(CCl)=C1Cl,isssty,-1,1,-1,-1,-1,1,Train
5475,O=C1NC(=O)C(CBr)=C1Cl,isssty,-1,1,-1,-1,-1,1,Train
5476,Cc1ccc(S(=O)(=O)N2C3c4ccccc4-c4ccccc4C32)cc1,isssty,-1,1,-1,-1,-1,1,Train
5477,[H]/N=C(\N)N(CCCCN=C(N)N)CCCCNC(=O)c1csc(-c2csc(CCNC(=O)C(NC(=O)C(C)C(O)C(C)NC(=O)C(NC(=O)c3nc(C(CC(N)=O)NCC(N)C(N)=O)nc(N)c3C)C(OC3OC(CO)C(O)C(O)C3OC3OC(CO)C(O)C(OC(N)=O)C3O)c3cnc[nH]3)C(C)O)n2)n1,isssty,-1,-1,1,-1,-1,1,Train
5478,CCCN(CCCCO)N=O,isssty,-1,-1,-1,1,-1,1,Train
5479,Cc1c(N)nc(C(CC(N)=O)NCC(N)C(N)=O)nc1C(=O)NC(C(=O)NC(C)C(O)C(C)C(=O)NC(C(=O)NCCc1nc(-c2nc(C(=O)NCCc3cnc[nH]3)cs2)cs1)C(C)O)C(OC1OC(CO)C(O)C(O)C1OC1OC(CO)C(O)C(OC(N)=O)C1O)c1cnc[nH]1,isssty,-1,-1,1,-1,-1,1,Train
5480,COc1cccc2c1C(=O)c1c(O)c3c(c(O)c1C2=O)C[C@@](O)(C(=O)CO)CC3O[C@H]1C[C@H](N(C)C)[C@H](O)[C@H](C)O1,isssty,-1,-1,1,-1,-1,1,External
5481,COc1cccc2c1C(=O)c1c(O)c3c(c(O)c1C2=O)C[C@@](O)(C(C)=O)C[C@@H]3O[C@@H]1C[C@@H](N(C)C)[C@@H](O)[C@@H](C)O1,isssty,-1,-1,1,-1,-1,1,External
5482,CN(C)CCNC(=O)c1cccc2c(N)c3ccccc3nc12,isssty,-1,-1,-1,-1,1,1,External
5483,CN(C)CCNC(=O)c1cccc2nc3ccccc3cc12,isssty,-1,-1,-1,-1,1,1,Train
5484,CN(C)CCNC(=O)c1cccc2cc3ccccc3nc12,isssty,-1,-1,-1,-1,1,1,External
5485,CN(C)CCNC(=O)c1cccc2nc3ccccc3nc12,isssty,-1,-1,-1,-1,1,1,Train
5486,CN(C)CCNC(=O)c1cccc2cc3ccccc3cc12,isssty,-1,-1,-1,-1,1,1,Train
5487,CN(C)CCNC(=O)c1cccn2c(=O)c3ccccc3nc12,isssty,-1,-1,-1,-1,1,1,External
5488,CN(C)CCNC(=O)c1cccc2c(=O)c3ccccc3[nH]c12,isssty,-1,-1,-1,-1,1,1,Train
5489,CN(C)CCNC(=O)c1cccc2c(=O)c3ccccc3oc12,isssty,-1,-1,-1,-1,1,1,Train
5490,CN(C)CCNC(=O)c1cccc2c(=O)c3ccccc3sc12,isssty,-1,-1,-1,-1,1,1,Train
5491,CN(C)CCNC(=O)c1cccc2c1C(=O)c1ccccc1C2=O,isssty,-1,-1,-1,-1,1,1,Train
5492,CN(C)CCNC(=O)c1cccc2c1Nc1ccccc1O2,isssty,-1,-1,-1,-1,1,1,Train
5493,CN(C)CCNC(=O)c1cccc2c1Oc1ccccc1O2,isssty,-1,-1,-1,-1,1,1,Train
5494,CN(C)CCNC(=O)c1cccc2c1ncc1ccccc12,isssty,-1,-1,-1,-1,1,1,Internal
5495,CN(C)CCNC(=O)c1cc2ccccc2c2cccnc12,isssty,-1,-1,-1,-1,1,1,Train
5496,CN(C)CCNC(=O)c1ccc2ccc3cccnc3c2n1,isssty,-1,-1,-1,-1,1,1,Train
5497,CN(C)CCNC(=O)c1cccc2ccc(-c3ccccc3)nc12,isssty,-1,-1,-1,-1,1,1,Train
5498,CN(C)CCNC(=O)c1cccc2[nH]c(-c3ccccc3)nc12,isssty,-1,-1,-1,-1,1,1,Train
5499,CN(C)CCNC(=O)c1cccn2cc(-c3ccccc3)nc12,isssty,-1,-1,-1,-1,1,1,External
5500,CN(C)CCNC(=O)c1cccc2ncc(-c3ccccc3)nc12,isssty,-1,-1,-1,-1,1,1,Train
5501,CN(C)CCNC(=O)c1cccc2cc(-c3ccccc3)oc12,isssty,-1,-1,-1,-1,1,1,Internal
5502,Cc1c2ccccc2c(COS(=O)(=O)O)c2ccccc12,isssty,1,-1,-1,-1,-1,1,Train
5503,CC(=O)OCc1ccc2ccc3cccc4ccc1c2c34,isssty,1,-1,-1,-1,-1,1,Train
5504,O=S(=O)(O)OCc1ccc2ccc3cccc4ccc1c2c34,isssty,1,-1,-1,-1,-1,1,Train
5505,C[C@@H]1[C@H](O)CCC2=CC(=O)[C@]3([C@]4(CO)CO4)O[C@@H]3[C@@]21C,isssty,-1,1,-1,-1,-1,1,External
5506,C[As](=O)([O-])[O-],isssty,1,-1,-1,-1,-1,1,Train
5507,O=C(Nc1nc(-c2ccc([N+](=O)[O-])o2)cs1)C(F)(F)F,isssty,-1,1,-1,-1,-1,1,External
5508,Oc1ccc(Nc2c3ccccc3nc3ccccc23)cc1,isssty,-1,-1,-1,-1,1,1,Train
5509,COc1ccc(Nc2c3ccccc3nc3ccccc23)cc1,isssty,-1,-1,-1,-1,1,1,Train
5510,Nc1ccc(Nc2c3ccccc3nc3ccccc23)cc1,isssty,-1,-1,-1,-1,1,1,Train
5511,CNc1ccc(Nc2c3ccccc3nc3ccccc23)cc1,isssty,-1,-1,-1,-1,1,1,External
5512,COc1cc(O)ccc1Nc1c2ccccc2nc2ccccc12,isssty,-1,-1,-1,-1,1,1,Train
5513,c1cc[c]([Sb]([c]2ccccc2)[c]2ccccc2)cc1,isssty,-1,-1,-1,1,-1,1,Train
5514,Cn1ccnc1N=O,isssty,-1,1,-1,-1,-1,1,Train
5515,Cn1ccnc1[N+](=O)[O-],isssty,-1,1,-1,-1,-1,1,Train
5516,CC(C)CCC[C@H](C)[C@H]1CC[C@H]2[C@@H]3C=CC4(OO)C[C@@H](O)CC[C@]4(C)[C@H]3CC[C@]12C,isssty,-1,-1,-1,-1,1,1,Internal
5517,CC(C)CCC[C@H](C)[C@H]1CC[C@H]2[C@@H]3[C@@H](OO)C=C4C[C@@H](O)CC[C@]4(C)[C@H]3CC[C@]12C,isssty,-1,-1,-1,-1,1,1,Train
5518,O=S(=O)(O)OCc1c2ccccc2cc2c1ccc1ccccc12,isssty,1,-1,-1,-1,-1,1,Train
5519,Nc1ccc2cc(S(=O)(=O)[O-])cc(O)c2c1/N=N/c1ccc(-c2ccc(/N=N/c3cc(S(=O)(=O)[O-])c4ccccc4c3N)cc2)cc1,isssty,1,-1,-1,-1,-1,1,Train
5520,Nc1ccc2c(S(=O)(=O)[O-])ccc(O)c2c1/N=N/c1ccc(-c2ccc(/N=N/c3c(N)ccc4c(S(=O)(=O)[O-])ccc(O)c34)cc2)cc1,isssty,1,-1,-1,-1,-1,1,Train
5521,Nc1cc(N)c(/N=N/c2ccc(S(=O)(=O)[O-])cc2)cc1/N=N/c1ccc(-c2ccc(/N=N/c3ccc(C(=O)[O-])c(O)c3)cc2)cc1,isssty,1,-1,-1,-1,-1,1,Internal
5522,Nc1ccc2cc(S(=O)(=O)[O-])c(/N=N/c3ccc(-c4ccc(/N=N/c5ccc(O)c(C(=O)[O-])c5)cc4)cc3)c(O)c2c1,isssty,1,-1,-1,-1,-1,1,Train
5523,O=C([O-])c1cc(/N=N/c2ccc(-c3ccc(/N=N/c4ccc(/N=N/c5ccc(O)c(C(=O)[O-])c5)c5cc(S(=O)(=O)[O-])ccc45)cc3)cc2)ccc1O,isssty,1,-1,-1,-1,-1,1,Internal
5524,O=S(=O)(O)c1cc(N=Nc2ccc(-c3ccc(N=Nc4cc(S(=O)(=O)O)c5ccccc5c4[O-])cc3)cc2)c([O-])c2ccccc12,isssty,1,-1,-1,-1,-1,1,Train
5525,COc1cc(-c2ccc(/N=N/c3c(S(=O)(=O)[O-])cc4cc(N)ccc4c3O)c(OC)c2)ccc1/N=N/c1cc(S(=O)(=O)[O-])c2ccccc2c1O,isssty,1,-1,-1,-1,-1,1,External
5526,Cc1cc2cccc3ccc4c5ccccc5cc1c4c32,isssty,-1,1,-1,-1,-1,1,Train
5527,O=[Se]([O-])[O-],isssty,-1,-1,-1,1,-1,1,Train
5528,CCOC(=O)NO,isssty,1,-1,-1,-1,-1,1,External
5529,CCN(N=O)/C(C=O)=N/O,isssty,-1,-1,-1,1,-1,1,Train
5530,CN/N=N/c1ccc(C(=O)[O-])cc1,isssty,-1,-1,-1,-1,-1,-1,Train
5531,CCn1c(N)nc2c3cccnc3ccc21,isssty,1,-1,-1,-1,-1,1,External
5532,O=CC(=C(Cl)Cl)C(Cl)Cl,isssty,-1,1,-1,-1,-1,1,Train
5533,CCn1c(N)nc2c3cccnc3cc(C)c21,isssty,1,-1,-1,-1,-1,1,Internal
5534,O=S(=O)(O)OCc1cc2ccccc2c2ccc3ccccc3c12,isssty,1,-1,-1,-1,-1,1,Train
5535,Oc1c2c3c(ccc4ccc5cccc1c5c43)-c1ccccc1-2,isssty,-1,1,-1,-1,-1,1,External
5536,Oc1cccc2c1-c1cc3cccc4ccc5ccc-2c1c5c43,isssty,-1,1,-1,-1,-1,1,External
5537,O=c1c2ccccc2c(=O)c2c1ccc1c2[nH]c2c3c(=O)c4ccccc4c(=O)c3c3[nH]c4c(ccc5c(=O)c6ccccc6c(=O)c54)c3c12,hansen,0,0,0,0,0,0,External
5538,CC(=O)OC1(C(C)=O)CCC2C3C=C(Cl)C4=CC(=O)OCC4(C)C3CCC21C,hansen,0,0,0,0,0,0,Train
5539,C#CC1(OC(=O)CCCCCC)CCC2C3CCC4=CC(=O)CCC4C3CCC21C,hansen,0,0,0,0,0,0,Train
5540,C[C@@H](O)CCC(=O)c1ccoc1,hansen,0,0,0,0,0,0,External
5541,Cc1cc(O)c2c(c1)C(=O)C13C4C(=O)C56C(=O)c7c(O)cc(C)cc7C(=O)C57C(C(=O)C16C2=O)C(C)C3C7C4C,hansen,0,0,0,0,0,0,Train
5542,N[C@H]1CC[C@H](C[C@H]2CC[C@H](N)CC2)CC1,hansen,0,0,0,0,0,0,External
5543,COC1(OC2CCC3C4CCC5CC6SC6CC5(C)C4CCC23C)CCCC1,hansen,0,0,0,0,0,0,Train
5544,CCO[P@](=S)(CC)Sc1ccccc1,hansen,0,0,0,0,0,0,Train
5545,Cc1ccccc1C(=O)O,hansen,0,0,0,0,0,0,Train
5546,ClCC1(C(Cl)Cl)C2CC(Cl)(Cl)C1(C(Cl)Cl)CC2(Cl)Cl,hansen,0,0,0,0,0,0,External
5547,COCCl,hansen,0,0,0,0,0,0,Internal
5548,Nc1ccc(Nc2ccccc2)cc1,hansen,0,0,0,0,0,0,Train
5549,Cc1cc(C)n(-c2[nH]nc(NN)c3c4ccccc4nc2-3)n1,hansen,0,0,0,0,0,0,Train
5550,O=[N+]([O-])c1c2c(cc3ccccc13)C=CC(O)C2O,hansen,0,0,0,0,0,0,External
5551,Cc1ccc(N=Nc2c(O)c(C(=O)O)cc3ccccc23)c(S(=O)(=O)O)c1,hansen,0,0,0,0,0,0,Internal
5552,CN(C)CCN(Cc1ccccc1)c1ccccn1,hansen,0,0,0,0,0,0,Train
5553,CN(Cc1cnc2nc(N)nc(N)c2n1)c1ccc(C(=O)NC(CCC(=O)O)C(=O)O)cc1,hansen,0,0,0,0,0,0,Internal
5554,O=C(O)CC(=O)O,hansen,0,0,0,0,0,0,Train
5555,CN(c1nccc(O)n1)C1CCN(c2nc3ccccc3n2Cc2ccc(F)cc2)CC1,hansen,0,0,0,0,0,0,Train
5556,CSC(C)(C)C(=O)NC(CS)C(=O)O,hansen,0,0,0,0,0,0,Train
5557,Cc1ccc([N+](=O)[O-])cc1S(=O)(=O)O,hansen,0,0,0,0,0,0,Train
5558,C#C[C@]1(O)CC[C@@H]2[C@@H]3CCC4=C(CCC(=O)C4)[C@H]3CC[C@@]21C,hansen,0,0,0,0,0,0,Train
5559,CC(=O)Nc1cc(N=[N+]([O-])c2ccc(C)c(NC(C)=O)c2)ccc1C,hansen,0,0,0,0,0,0,Train
5560,CC1=C(C(=O)OC(C)C)C(c2cccc([N+](=O)[O-])c2)C(=C(O)OC2CN(C(c3ccccc3)c3ccccc3)C2)C(N)=N1,hansen,0,0,0,0,0,0,Train
5561,CN(C)N=Nc1ccc(C(=O)O)cc1,hansen,0,0,0,0,0,0,Train
5562,CCCCCCCC/C=C/CCCCCCCCCCCC(=O)NCCCCCCCCCCCCCCCCCC,hansen,0,0,0,0,0,0,Train
5563,CC1(C)OC1COc1c2occc2cc2ccc(=O)oc12,hansen,0,0,0,0,0,0,External
5564,CCCCC,hansen,0,0,0,0,0,0,External
5565,CC(C)CCOC(=O)/C=C\c1ccccc1,hansen,0,0,0,0,0,0,Train
5566,Cc1cnc(S)nc1O,hansen,0,0,0,0,0,0,Train
5567,CC1(C(=O)O)CCCC2(C)C3CCC4(O)CC3(CCC12)CC41CO1,hansen,0,0,0,0,0,0,Train
5568,Cc1cc(-c2ccc(N=Nc3c(S(=O)(=O)O)cc4cc(S(=O)(=O)O)cc(O)c4c3O)c(C)c2)ccc1N=Nc1c(S(=O)(=O)O)cc2cc(S(=O)(=O)O)cc(O)c2c1O,hansen,0,0,0,0,0,0,External
5569,Nc1nc(O)c2nc(O)n(C3OC(CO)C(O)C3O)c2n1,hansen,0,0,0,0,0,0,External
5570,CNCc1ccc(CSCCN=C(NC[C@H](O)c2ccc(O)cc2)NS(C)(=O)=O)o1,hansen,0,0,0,0,0,0,External
5571,CCOC(=O)C[C@H](SP(=S)(OC)OC)C(=O)OCC,hansen,0,0,0,0,0,0,Train
5572,CC(=O)C(N=Nc1ccc(-c2ccc(N=NC(C(C)=O)C(=O)Nc3ccc(C)cc3C)c(Cl)c2)cc1Cl)C(=O)Nc1ccc(C)cc1C,hansen,0,0,0,0,0,0,Train
5573,CN1CCN(c2ccc3[nH]c(-c4ccc5[nH]c(-c6ccc(O)cc6)nc5c4)nc3c2)CC1,hansen,0,0,0,0,0,0,Train
5574,N=C(N)S(=O)O,hansen,0,0,0,0,0,0,Train
5575,C[PH]1(C)N[PH](C)(C)N[PH](C)(C)N1,hansen,0,0,0,0,0,0,Internal
5576,Cl[C@H]1[C@H](Cl)[C@H](Cl)[C@H](Cl)[C@@H](Cl)[C@H]1Cl,hansen,0,0,0,0,0,0,External
5577,C[C@]12CC[C@H]3c4ccc(O)cc4CC[C@H]3[C@H]1CC[C@@H]2O,hansen,0,0,0,0,0,0,Train
5578,CCOc1ccccc1C(N)=O,hansen,0,0,0,0,0,0,External
5579,O=S(=O)(O)c1ccc2cc(Oc3ccc4cc(S(=O)(=O)O)ccc4c3)ccc2c1,hansen,0,0,0,0,0,0,External
5580,C#C[C@@]1(O)CC[C@H]2[C@@H]3CCC4=CC(=O)CC[C@@H]4[C@H]3CC[C@@]21CC,hansen,0,0,0,0,0,0,Train
5581,C=C1CCC2C(c3c(C)c(O)c4c(c31)C(=O)C(C)C4)C2(C)C,hansen,0,0,0,0,0,0,Train
5582,CS(=N)(=O)CCC(N)C(=O)O,hansen,0,0,0,0,0,0,Train
5583,CC(=O)Oc1c(C)c(C)c2c(c1C)CCC(C)(CCCC(C)CCCC(C)CCCC(C)C)O2,hansen,0,0,0,0,0,0,Train
5584,C/C=C1\C[C@@H]2C=C[C@H]1C2,hansen,0,0,0,0,0,0,Train
5585,CN1CCC23c4c5ccc(O)c4OC2C(O)C=CC3C1C5,hansen,0,0,0,0,0,0,Train
5586,CCCCCCCCCCCCCCCCCC[N+](C)(C)CCCCCCCCCCCCCCCCCC,hansen,0,0,0,0,0,0,Internal
5587,CC1(C)CCC2(C(=O)O)CCC3(C)C(=CCC4C5(C)CC(O)C(OC6OC(CO)C(O)C(O)C6O)C(C)(C(=O)O)C5CCC43C)C2C1,hansen,0,0,0,0,0,0,Train
5588,CC(C)(CO)C(O)C(=O)NCCC(=O)O,hansen,0,0,0,0,0,0,Train
5589,C=C1CCC2CC1C2(C)C,hansen,0,0,0,0,0,0,Train
5590,N=C(N)NS(=O)(=O)c1ccc(N)cc1,hansen,0,0,0,0,0,0,Train
5591,CN(C)c1ccc(N=Nc2ccc(N(C)C)cc2)cc1,hansen,0,0,0,0,0,0,Internal
5592,CC(=O)/C=C\C1=C(C)CCCC1(C)C,hansen,0,0,0,0,0,0,Train
5593,C/C=C1/C[C@H](C)[C@](O)(CO)C(=O)OCC2=CC[N@@+]3([O-])CC[C@@H](OC1=O)[C@@H]23,hansen,0,0,0,0,0,0,Train
5594,COC1(NC(=O)CSCC(N)C(=O)O)C(=O)N2C(C(=O)O)=C(CSc3nnnn3C)CSC21,hansen,0,0,0,0,0,0,Internal
5595,CN(C)CCCN1C=CN(C)C1/C=N/O,hansen,0,0,0,0,0,0,Internal
5596,CCOCCOCCOCC,hansen,0,0,0,0,0,0,External
5597,N/C(=N\OS(=O)(=O)O)c1ccccc1,hansen,0,0,0,0,0,0,External
5598,O=C(O)C1=C[C@@H](O)[C@H](O)[C@@H](O)C1,hansen,0,0,0,0,0,0,Train
5599,O=S(=O)(c1ccc(Cl)cc1)c1ccc(Cl)cc1,hansen,0,0,0,0,0,0,Train
5600,Cc1ccc2cc3c(ccc4ccccc43)c3c2c1C(O)C3,hansen,0,0,0,0,0,0,Train
5601,C/C=C/c1cc(OC)ccc1OC,hansen,0,0,0,0,0,0,Train
5602,C/C=C/CC,hansen,0,0,0,0,0,0,Train
5603,Nc1cccc2c(O)nnc(O)c12,hansen,0,0,0,0,0,0,Train
5604,Nc1nc(=O)n(C2OC(CO)C(O)C2O)cc1O,hansen,0,0,0,0,0,0,Train
5605,Nc1ccc(/C=C\c2ccc(N)cc2S(=O)(=O)O)c(S(=O)(=O)O)c1,hansen,0,0,0,0,0,0,Train
5606,CC1=CC[C@@H]2C(C)=CC[C@@H](C(C)C)[C@H]2C1,hansen,0,0,0,0,0,0,Train
5607,O=C(NC(=O)c1c(F)cccc1F)Nc1ccc(Cl)cc1,hansen,0,0,0,0,0,0,Train
5608,Cc1cnc2ccc3c(nc(NC4OC(C(=O)O)C(O)C(O)C4O)n3C)c2n1,hansen,0,0,0,0,0,0,Train
5609,CC[Si](Cl)(Cl)CC,hansen,0,0,0,0,0,0,Train
5610,CC(C)CCCC(C)C1CCC2C3CC4N(N5C(=O)c6ccccc6C5=O)C45CC(Cl)CCC5(C)C3CCC12C,hansen,0,0,0,0,0,0,Train
5611,O=c1c2c(O)cccc2oc2cc3c(c(O)c12)C1CCOC1O3,hansen,0,0,0,0,0,0,Train
5612,O=C(O)c1cc(O)c2cccc(O)c2n1,hansen,0,0,0,0,0,0,Train
5613,CC(C)C[C@@H](C)N,hansen,0,0,0,0,0,0,Train
5614,NCCc1c[nH]cn1,hansen,0,0,0,0,0,0,Train
5615,C=CC(=O)OCC(C)O,hansen,0,0,0,0,0,0,Train
5616,OC1C=Cc2c(cc3c(ccc4ccccc43)c2Br)C1O,hansen,0,0,0,0,0,0,Train
5617,C[C@H]1CCC[C@@H](O)CCCCCc2cc(O)cc(O)c2C(=O)O1,hansen,0,0,0,0,0,0,External
5618,C=CC[C@]1([C@H](C)C#CCC)C(=O)NC(=O)N(C)C1=O,hansen,0,0,0,0,0,0,Train
5619,CSCCC(NC(=O)COc1ccc(Cl)cc1Cl)C(=O)O,hansen,0,0,0,0,0,0,External
5620,O=C(C1CCCCC1)N1CC(=O)N2CCc3ccccc3[C@H]2C1,hansen,0,0,0,0,0,0,External
5621,c1ccc(O[Si](Oc2ccccc2)(Oc2ccccc2)Oc2ccccc2)cc1,hansen,0,0,0,0,0,0,Train
5622,NCCCCC(N)C(=O)NC(Cc1c[nH]c2ccccc12)C(=O)NC(CCCCN)C(=O)O,hansen,0,0,0,0,0,0,Train
5623,CC1CC2c3cc(Br)cc4c3c(cn4CC3CC3)CC2N(C)C1,hansen,0,0,0,0,0,0,External
5624,C=C,hansen,0,0,0,0,0,0,Internal
5625,Nc1ccc2ccccc2c1N=Nc1ccccc1,hansen,0,0,0,0,0,0,Internal
5626,C=CC(=O)NCCCN(C)C,hansen,0,0,0,0,0,0,External
5627,COc1ccccc1NC(=O)C(N=Nc1ccc(-c2ccc(N=NC(C(C)=O)C(=O)Nc3ccccc3OC)c(Cl)c2)cc1Cl)C(C)=O,hansen,0,0,0,0,0,0,Internal
5628,CC(=O)NCCc1ccc(O)c(-c2c(O)c(O)c3c(c2O)C(=O)c2c(cc(O)c(C(=O)O)c2C(=O)O)C3=O)c1,hansen,0,0,0,0,0,0,Train
5629,CC(=O)N(C)c1ccc(N=Nc2ccc(N(C)C(C)=O)cc2)cc1,hansen,0,0,0,0,0,0,Internal
5630,C[C@@H](O)C(=O)O,hansen,0,0,0,0,0,0,Internal
5631,CC(=O)Nc1ccc(C)c(N=[N+]([O-])c2cc(NC(C)=O)ccc2C)c1,hansen,0,0,0,0,0,0,External
5632,C[C@H]1C(=O)O[C@H]2CCN3CC=C(COC(=O)[C@](C)(O)[C@]1(C)O)[C@H]23,hansen,0,0,0,0,0,0,External
5633,Cc1ccc2[nH]nnc2c1,hansen,0,0,0,0,0,0,Train
5634,CN(C)C1CCCCC1,hansen,0,0,0,0,0,0,Train
5635,O=C(O)C1CSC(c2ccccc2O)N1C(=O)CCSSCCC(=O)N1C(C(=O)O)CSC1c1ccccc1O,hansen,0,0,0,0,0,0,Train
5636,CN1C[C@H](C(=O)N[C@@]2(C)O[C@]3(O)[C@H]4CCCN4C(=O)[C@@H](Cc4ccccc4)N3C2=O)C=C2c3cccc4[nH]cc(c34)C[C@@H]21,hansen,0,0,0,0,0,0,External
5637,CCN(CC)C(=S)SSCC(NC(=O)CCC(N)C(=O)O)C(=O)NCC(=O)O,hansen,0,0,0,0,0,0,Train
5638,CC(=O)Oc1ccc(C(c2ccc(OC(C)=O)cc2)c2ccccn2)cc1,hansen,0,0,0,0,0,0,Train
5639,Cc1ccc(N=Nc2c(O)ccc3ccccc23)c(S(=O)(=O)O)c1,hansen,0,0,0,0,0,0,Train
5640,COc1c(C(=O)O)c(O)nc2ccccc12,hansen,0,0,0,0,0,0,Train
5641,Cc1cccc2ccccc12,hansen,0,0,0,0,0,0,Train
5642,O=c1c(O)c(-c2ccc(OCCO)c(OCCO)c2)oc2cc(OCCO)cc(O)c12,hansen,0,0,0,0,0,0,Train
5643,CSCCC(=O)N1C(C(=O)O)CSC1c1ccccc1O,hansen,0,0,0,0,0,0,Train
5644,FC(F)OC(Cl)C(F)(F)F,hansen,0,0,0,0,0,0,Train
5645,C/C=C/C(=O)OC1CC2OC3C=C(C)C(=O)CC3(C)C1(C)C21CO1,hansen,0,0,0,0,0,0,External
5646,CC1(C)CCC2(C(=O)O)CCC3(C)C(=CCC4C5(C)CC(O)C(O)C(C)(C(=O)O)C5CCC43C)C2C1,hansen,0,0,0,0,0,0,Train
5647,CC(C)=CCC/C(C)=C\CC/C(C)=C\CC/C=C(/C)CC/C=C(/C)CCC=C(C)C,hansen,0,0,0,0,0,0,Train
5648,Nc1nc2ccccc2s1,hansen,0,0,0,0,0,0,Train
5649,C[n+]1ccc(-c2ccccc2)cc1,hansen,0,0,0,0,0,0,Train
5650,ClC1=C(Cl)[C@]2(Cl)[C@H]3[C@@H](C=C[C@@H]3Cl)[C@@]1(Cl)C2(Cl)Cl,hansen,0,0,0,0,0,0,Train
5651,C[C@@H](O)CO,hansen,0,0,0,0,0,0,Internal
5652,C=CC(=O)OCCOC,hansen,0,0,0,0,0,0,External
5653,C=CCO,hansen,0,0,0,0,0,0,Train
5654,CC(C)CNCC(C)C,hansen,0,0,0,0,0,0,Train
5655,Nc1nc[nH]n1,hansen,0,0,0,0,0,0,External
5656,O=S(=O)(O)CNc1ccc(N=Nc2cccnc2)cc1,hansen,0,0,0,0,0,0,External
5657,COC(O)=C1C(C)=NC(COC(N)=O)=C(C(=O)OC(C)C)[C@H]1c1cccc(Cl)c1Cl,hansen,0,0,0,0,0,0,Train
5658,C(=C/c1cccc(/C=C/c2ccccc2)c1)\c1ccccc1,hansen,0,0,0,0,0,0,External
5659,CCCCCCCCCCCCOC[C@H]1CO1,hansen,0,0,0,0,0,0,External
5660,C=CCCC(C=O)CC,hansen,0,0,0,0,0,0,Train
5661,Nc1cnn(-c2ccccc2)c(=O)c1Cl,hansen,0,0,0,0,0,0,Train
5662,Oc1ccnc(O)n1,hansen,0,0,0,0,0,0,Train
5663,COC(=O)C1O/C(=N\O)C(Cl)=C1Cl,hansen,0,0,0,0,0,0,Train
5664,CC1(C)CC(C(=O)NC(CO)C(O)CO)C(C)(C)[N+]1=O,hansen,0,0,0,0,0,0,Train
5665,O=C(O)c1occc(=O)c1O,hansen,0,0,0,0,0,0,Train
5666,C=CC(=O)c1ccc2c(c1)OCO2,hansen,0,0,0,0,0,0,Train
5667,C[C@@]12CCc3occc3C1CC[C@@]13CC(CCC12)C(O)(CO)C3,hansen,0,0,0,0,0,0,Train
5668,O/N=C/c1ccncc1,hansen,0,0,0,0,0,0,External
5669,C[C@H]1Cc2c(Cl)cc(C(=O)N[C@H](Cc3ccccc3)C(=O)O)c(O)c2C(=O)O1,hansen,0,0,0,0,0,0,Train
5670,N[C@@H](Cc1ccc(O)c([N+](=O)[O-])c1)C(=O)O,hansen,0,0,0,0,0,0,Train
5671,CN(N=O)c1cccnc1,hansen,0,0,0,0,0,0,Train
5672,OC1C=Cc2c(ccc3cc4c(cc23)C(O)C(O)c2ccccc2-4)C1O,hansen,0,0,0,0,0,0,Train
5673,CCNCCN,hansen,0,0,0,0,0,0,Train
5674,CN(C)CCN(Cc1ccccc1)c1ccccc1,hansen,0,0,0,0,0,0,Train
5675,CSCNc1ccccc1C(C)=O,hansen,0,0,0,0,0,0,Train
5676,CC(C)=CCC/C(C)=C/CC/C(C)=C/C(=O)OCC(=O)C1(O)CCC2C3CCC4=CC(=O)C=CC4(C)C3C(O)CC21C,hansen,0,0,0,0,0,0,External
5677,C#CCOCCN1C=CN(C)C1/C=N/O,hansen,0,0,0,0,0,0,Internal
5678,CC1CC2(C)C(CCC3C4CCC(O)C4(C)CCC32)CC1=O,hansen,0,0,0,0,0,0,Train
5679,CC[C@@H](C)N,hansen,0,0,0,0,0,0,Train
5680,CC1SCC(C(=O)NC(Cc2c[nH]cn2)C(=O)N2CCCC2C(N)=O)NC1=O,hansen,0,0,0,0,0,0,Train
5681,N=C(N)N=C(N)NCCc1ccccc1,hansen,0,0,0,0,0,0,Train
5682,CCCC[C@@H](CC)COC(=O)CCCCCCCCC(=O)OC[C@H](CC)CCCC,hansen,0,0,0,0,0,0,Train
5683,Cc1ccc(C)c(O)c1,hansen,0,0,0,0,0,0,Train
5684,Cc1cc2c3c(ccc2c2ccccc12)C(O)C(O)C1OC31,hansen,0,0,0,0,0,0,Train
5685,COc1cc(/C=C/C(=O)OC2CCC34CC35CCC3(C)C(C(C)CCC=C(C)C)CCC3(C)C5CCC4C2(C)C)ccc1O,hansen,0,0,0,0,0,0,Train
5686,CCOC(=O)CNC(=O)CCCCSc1[nH]cnc2ncnc1-2,hansen,0,0,0,0,0,0,External
5687,CCCCCCCCCCCCCC[C@H]1CO1,hansen,0,0,0,0,0,0,Train
5688,O=C(/C=C\c1ccc(O)c(O)c1)O[C@@H]1C[C@](O)(C(=O)O)C[C@H](O)[C@H]1O,hansen,0,0,0,0,0,0,Train
5689,O=C1OC2(c3ccccc31)c1cc(I)c(O)c(I)c1Oc1c2cc(I)c(O)c1I,hansen,0,0,0,0,0,0,Train
5690,CC1=CCC(C(C)(C)O)CC1,hansen,0,0,0,0,0,0,Train
5691,C[C@@H](N)[C@@H](O)c1ccccc1,hansen,0,0,0,0,0,0,Train
5692,CC(C)=CCCC(C)CC=O,hansen,0,0,0,0,0,0,External
5693,C[C@H]1CCCC(=O)CCC/C=C\c2cc(O)cc(O)c2C(=O)O1,hansen,0,0,0,0,0,0,External
5694,O=S(=O)(O)c1ccc2cc(O)c(S(=O)(=O)O)cc2c1,hansen,0,0,0,0,0,0,External
5695,CNc1ccc(N=Nc2ccc(NC)cc2)cc1,hansen,0,0,0,0,0,0,Train
5696,C#CC1(O)CCC2C3CCC4=CC(=O)CCC4C3CCC21C,hansen,0,0,0,0,0,0,External
5697,Nc1ccc(NC(=O)c2ccc(C(=O)O)cc2)cc1,hansen,0,0,0,0,0,0,Internal
5698,C/C=C(\C)C(=O)OC1CCN2CC=C(CO)C12,hansen,0,0,0,0,0,0,Train
5699,OCC1OC(n2cnc3c(NCC(O)COc4cccc5ccccc45)ncnc32)C(O)C1O,hansen,0,0,0,0,0,0,Train
5700,CC(C)=CC=O,hansen,0,0,0,0,0,0,External
5701,CCCCCCCCCCCCCCCC[C@H]1CO1,hansen,0,0,0,0,0,0,External
5702,CC(=C/C=C/C=C(C)/C=C/C=C(\C)C(=O)O[C@@H]1O[C@H](CO[C@@H]2O[C@H](CO)[C@@H](O)[C@H](O)[C@H]2O)[C@@H](O)[C@H](O)[C@H]1O)/C=C/C=C(/C)C(=O)O[C@@H]1O[C@H](CO[C@@H]2O[C@H](CO)[C@@H](O)[C@H](O)[C@H]2O)[C@@H](O)[C@H](O)[C@H]1O,hansen,0,0,0,0,0,0,Train
5703,C=C1/C(=C/C=C2\CCCC3(C)C2CCC3C(C)CCC(O)C(C)C)CC(O)CC1O,hansen,0,0,0,0,0,0,Train
5704,CCC(CO)(CO)CO,hansen,0,0,0,0,0,0,External
5705,CC(C)OC(=O)Cc1ccccc1,hansen,0,0,0,0,0,0,Train
5706,CO/N=C(\C(=O)NC1C(=O)N2C(C(=O)O)=C(CSC(=O)c3ccco3)CSC12)c1csc(N)n1,hansen,0,0,0,0,0,0,Train
5707,CCC1(O)CC2CN(CCc3c([nH]c4ccccc34)C(C(=O)OC)(c3cc4c(cc3OC)N(C)C3C(O)(C(=O)OC)C(OC(C)=O)C5(CC)C=CCN6CCC43C65)C2)C1,hansen,0,0,0,0,0,0,Train
5708,OC1C=Cc2cc3c(ccc4ccccc43)c(Cl)c2C1O,hansen,0,0,0,0,0,0,Train
5709,N=C(N)c1ccc2c(N)c(C(=N)N)[nH]c2c1,hansen,0,0,0,0,0,0,Train
5710,O=C1Nc2ccc(Cl)cc2C(c2ccccc2)=N[C@@H]1O,hansen,0,0,0,0,0,0,Train
5711,CC(=O)OCN=[N+](C)[O-],hansen,0,0,0,0,0,0,Train
5712,CC(=O)NCC(O)COc1cccc2ccccc12,hansen,0,0,0,0,0,0,Train
5713,COc1ccc(O)cc1C(C)(C)C,hansen,0,0,0,0,0,0,Train
5714,Cc1ccc(N=Nc2c(O)ccc3ccccc23)cc1C,hansen,0,0,0,0,0,0,External
5715,N=c1ccn2c(n1)O[C@H]1[C@H](O)[C@@H](CO)O[C@@H]12,hansen,0,0,0,0,0,0,Train
5716,CC(C)(C)NCC(O)COc1nsnc1N1CCOCC1,hansen,0,0,0,0,0,0,Train
5717,C=C1C[C@@]23CC[C@H]4[C@@](C)(CCC[C@@]4(C)C(=O)O)[C@@H]2CC[C@]1(O[C@@H]1O[C@H](CO)[C@@H](O)[C@H](O)[C@H]1O[C@@H]1O[C@H](CO)[C@@H](O)[C@H](O)[C@H]1O)C3,hansen,0,0,0,0,0,0,Train
5718,CC1=CC2OC3C(O)C(O)C(C)(C34CO4)C2(CO)C(O)C1=O,hansen,0,0,0,0,0,0,Train
5719,CN1CCN(c2ccc3[nH]c(Cc4ccc5[nH]c(-c6ccc(N(CCCl)CCCl)cc6)nc5c4)nc3c2)CC1,hansen,0,0,0,0,0,0,External
5720,CN[C@@H](C)Cc1ccccc1,hansen,0,0,0,0,0,0,Train
5721,CCOCCOC(=O)c1cc(Cc2ccc(N)c(C(=O)OCCOCC)c2)ccc1N,hansen,0,0,0,0,0,0,Train
5722,OC1c2cccc3ccc4cccc(c4c23)C1O,hansen,0,0,0,0,0,0,External
5723,OC[C@@H](O)[C@@H](O)[C@H](O)[C@@H](O)CO,hansen,0,0,0,0,0,0,Train
5724,C/C=C(/C)C#N,hansen,0,0,0,0,0,0,Train
5725,Cc1ccc(Cc2ccccc2)cc1,hansen,0,0,0,0,0,0,Train
5726,CCC[C@@H](O)[C@@H](CC)CO,hansen,0,0,0,0,0,0,Internal
5727,Nc1ccn(C2OC(CO)C(O)C2O)c(=O)n1,hansen,0,0,0,0,0,0,External
5728,Cc1ncc(C[n+]2csc(CCO)c2C)c(N)n1,hansen,0,0,0,0,0,0,External
5729,Cc1coc2c1CCC(C)C2,hansen,0,0,0,0,0,0,Train
5730,COCCOCCO[PH]1(OCCOCCOC)N[PH](OCCOCCOC)(OCCOCCOC)N[PH](OCCOCCOC)(OCCOCCOC)N1,hansen,0,0,0,0,0,0,Train
5731,COc1ccc2c(c1)C1CCCCC1C1OC21,hansen,0,0,0,0,0,0,Train
5732,Nc1nc(=O)n(C2CC(O)C(CO)O2)cc1I,hansen,0,0,0,0,0,0,External
5733,COC(=O)/C(Cl)=C(\OP(=O)(OC)OC)c1cc(Cl)ccc1Cl,hansen,0,0,0,0,0,0,Train
5734,CC(CC1=C(C=O)COC1O)C1=CCC(C)(C)C1,hansen,0,0,0,0,0,0,Train
5735,N=C(N)c1ccc(-c2cc3ccc(C(=N)N)cc3s2)cc1,hansen,0,0,0,0,0,0,External
5736,CCCc1cc(O)nc(S)n1,hansen,0,0,0,0,0,0,Train
5737,Cc1ccc(C)c(O)c1C,hansen,0,0,0,0,0,0,Train
5738,CCCCCCC(C/C=C/CCCCCCCC(=O)OC)OC(C)=O,hansen,0,0,0,0,0,0,Train
5739,Cc1ccc2c(C)cccc2c1,hansen,0,0,0,0,0,0,Internal
5740,C[C@@H](CN1c2ccccc2Sc2ccccc21)N(C)C,hansen,0,0,0,0,0,0,Train
5741,FC(F)(F)C(F)(F)Cl,hansen,0,0,0,0,0,0,Train
5742,Sc1c(Cl)c(Cl)c(Cl)c(Cl)c1Cl,hansen,0,0,0,0,0,0,Internal
5743,COP(=O)(OC)O/C(=C\Br)c1ccc(Cl)cc1Cl,hansen,0,0,0,0,0,0,Train
5744,CCCCCCCC[C@H]1CO1,hansen,0,0,0,0,0,0,Train
5745,c1ccc2c(c1)C1CCCCC1C1OC21,hansen,0,0,0,0,0,0,Train
5746,Nc1ccc2cc(S(=O)(=O)O)cc(O)c2c1N=Nc1ccc([N+](=O)[O-])cc1S(=O)(=O)O,hansen,0,0,0,0,0,0,Train
5747,CCO[P@](=O)(NC(C)C)Oc1ccc(SC)c(C)c1,hansen,0,0,0,0,0,0,Train
5748,C[C@]12CC(C=O)=C(O)C[C@@H]1CC[C@H]1[C@H]3CC[C@](C)(O)[C@@]3(C)CC[C@@H]12,hansen,0,0,0,0,0,0,External
5749,O=C(O)c1c(Br)c(Br)c(Br)c(Br)c1C(=O)O,hansen,0,0,0,0,0,0,Train
5750,Nc1ccccc1C(=O)CC(N)C(=O)O,hansen,0,0,0,0,0,0,Train
5751,Cc1cc(C)nc(NS(=O)(=O)c2ccc(N)cc2)n1,hansen,0,0,0,0,0,0,External
5752,CCCCNCCCC,hansen,0,0,0,0,0,0,Train
5753,Oc1ccc2ccccc2c1,hansen,0,0,0,0,0,0,Train
5754,CC(=O)c1cc(NC(=O)NC(C)(C)C)ccc1OCC(O)CNC(C)(C)C,hansen,0,0,0,0,0,0,Train
5755,CN(C)C(c1ccccc1)(c1ccccc1)N(C)C,hansen,0,0,0,0,0,0,Train
5756,Oc1ccc2cccnc2c1,hansen,0,0,0,0,0,0,Train
5757,CC(C)(Oc1ccc([C@H]2CCCc3ccccc32)cc1)C(=O)O,hansen,0,0,0,0,0,0,Train
5758,Cc1cccc(OP(=O)(Oc2ccccc2)Oc2ccccc2)c1,hansen,0,0,0,0,0,0,External
5759,Nc1ccc(S(=O)(=O)Nc2ccccn2)cc1,hansen,0,0,0,0,0,0,External
5760,CC[C@H](CC[C@@H](C)[C@H]1CC[C@H]2[C@@H]3CC=C4C[C@@H](O)CC[C@]4(C)[C@H]3CC[C@]12C)C(C)C,hansen,0,0,0,0,0,0,Train
5761,CC1C=C(C=O)C(C=O)=CC2CC(C)(C)CC12,hansen,0,0,0,0,0,0,External
5762,CC(C)(C)c1cccc(C(C)(C)C)c1O,hansen,0,0,0,0,0,0,Train
5763,c1ccc(CNc2[nH]cnc3ncnc2-3)cc1,hansen,0,0,0,0,0,0,Train
5764,CC(=O)c1ccc(CC(C)C)cc1,hansen,0,0,0,0,0,0,Train
5765,CCN1CCN(C(=O)NC(C(=O)NC2C(=O)N3C2SC(C)(C)C3C(=O)O)c2ccccc2)C(=O)C1=O,hansen,0,0,0,0,0,0,Train
5766,CCCCCCCCCCCCCCCCCC(=O)NCCCC[C@H](NC(=O)CC[C@@H](NC(=O)[C@H](C)NC(=O)[C@@H](C)O[C@H]1[C@H](O)[C@@H](CO)O[C@@H](O)[C@H]1NC(C)=O)C(N)=O)C(=O)O,hansen,0,0,0,0,0,0,External
5767,CC(C)COC(=O)COc1cc(Cl)c(Cl)cc1Cl,hansen,0,0,0,0,0,0,Train
5768,COP(=S)(OC)Oc1ccc(SC)c(C)c1,hansen,0,0,0,0,0,0,Train
5769,COc1ccc(C2CC(=O)c3c(O)cc(OC4OC(COC5OC(C)C(O)C(O)C5O)C(O)C(O)C4O)cc3O2)cc1O,hansen,0,0,0,0,0,0,Train
5770,C=C[C@@H]1CC=CCC1,hansen,0,0,0,0,0,0,Train
5771,NC(=O)CN1C[C@H](O)CC1=O,hansen,0,0,0,0,0,0,Train
5772,O=C(O)CCCC(=O)O,hansen,0,0,0,0,0,0,Train
5773,Cc1ccc(S(=O)(=O)O)cc1C,hansen,0,0,0,0,0,0,External
5774,NC(CSC/C=C/Cl)C(=O)O,hansen,0,0,0,0,0,0,Train
5775,C[n+]1cccc(C(=O)O)c1,hansen,0,0,0,0,0,0,Train
5776,Nc1nc(O)c2nc(O)n(C3CC(O)C(CO)O3)c2n1,hansen,0,0,0,0,0,0,Train
5777,O=C(O)[C@@]1(O)C[C@@H](O)[C@H](O)[C@@H](O)C1,hansen,0,0,0,0,0,0,Internal
5778,CC(C)CCO,hansen,0,0,0,0,0,0,Internal
5779,Nc1nc(N)c2[nH]cnc2n1,hansen,0,0,0,0,0,0,Train
5780,O=C(O)c1ccc(N=Nc2ccc(O)c(C(=O)O)c2)cc1,hansen,0,0,0,0,0,0,Train
5781,Nc1ccc(S(=O)(=O)O)c2ccccc12,hansen,0,0,0,0,0,0,Train
5782,C=CC1CN2CCC1CC2C(OC(=O)OCC)c1ccnc2ccc(OC)cc12,hansen,0,0,0,0,0,0,Train
5783,O=C(O)CCC(=O)Nc1ccc(Cl)c(Cl)c1Cl,hansen,0,0,0,0,0,0,Train
5784,CC(=O)/C=C\c1ccc2c(c1)OCO2,hansen,0,0,0,0,0,0,Train
5785,C=Cc1c(Cl)c(Cl)c(Cl)c(Cl)c1Cl,hansen,0,0,0,0,0,0,Train
5786,OCCc1ccccc1,hansen,0,0,0,0,0,0,Train
5787,C[N+](C)(C)CCCl,hansen,0,0,0,0,0,0,Train
5788,C=C(C)C(=O)OCC(C)O,hansen,0,0,0,0,0,0,Train
5789,BrC(Br)C(Br)(Br)Br,hansen,0,0,0,0,0,0,External
5790,CCNc1nc(O)nc(NC(C)C)n1,hansen,0,0,0,0,0,0,Train
5791,C=CC(=O)OC[C@H](CC)CCCC,hansen,0,0,0,0,0,0,Train
5792,Oc1ccccc1/C=N/c1snc2ccccc12,hansen,0,0,0,0,0,0,Train
5793,CC(C)(C)OCO,hansen,0,0,0,0,0,0,Train
5794,Nc1ccn([C@@H]2O[C@H](COP(=O)(O)O[C@H]3[C@@H](O)[C@H](n4cnc5c(N)ncnc54)O[C@@H]3CO)[C@@H](O)[C@H]2O)c(=O)n1,hansen,0,0,0,0,0,0,Train
5795,Cc1cccc(OC[C@@H](O)CNC(C)(C)C)c1C,hansen,0,0,0,0,0,0,External
5796,OC1c2c(ccc3ncccc23)C2OC2C1O,hansen,0,0,0,0,0,0,External
5797,CC[C@@H]1NC(=O)c2cc(S(N)(=O)=O)c(Cl)cc2N1,hansen,0,0,0,0,0,0,Train
5798,Cc1ccc2c(C)c3c(nc2c1)-c1ccccc1C(O)C3O,hansen,0,0,0,0,0,0,Train
5799,C[N+]([O-])=NC[C@H]1O[C@@H](CO)[C@H](O)[C@@H](O)[C@@H]1O,hansen,0,0,0,0,0,0,Train
5800,NC(CSC(F)(F)C(F)F)C(=O)O,hansen,0,0,0,0,0,0,Train
5801,CCC/C=C(\C=O)CC,hansen,0,0,0,0,0,0,Train
5802,Cc1cc(-c2ccc(N=Nc3cc(S(=O)(=O)O)c4ccccc4c3N)c(C)c2)ccc1N=Nc1cc(S(=O)(=O)O)c2ccccc2c1N,hansen,0,0,0,0,0,0,Train
5803,CCCCCCCOc1ccccc1NC(=O)OC(C)CN(CC)CC,hansen,0,0,0,0,0,0,Train
5804,CN(C)[P+](On1nnc2ccccc21)(N(C)C)N(C)C,hansen,0,0,0,0,0,0,Train
5805,Brc1ccc2c(c1)C1OC1C1CCCCC21,hansen,0,0,0,0,0,0,Internal
5806,CCCCCCCCCCCCCCCC(=O)OCC1(O)CC23CCC4c5ccoc5C=CC4(C)C2CCC1C3,hansen,0,0,0,0,0,0,Internal
5807,Cc1ccc(O)cc1C,hansen,0,0,0,0,0,0,External
5808,O=C(O)CCCCCCCCCCCCCCCCCO,hansen,0,0,0,0,0,0,Train
5809,CC(C)(C#N)N=NC(C)(C)C#N,hansen,0,0,0,0,0,0,Train
5810,C=CC(=O)NCCC[N+](C)(C)C,hansen,0,0,0,0,0,0,Train
5811,C[N+](C)(C)CC(=O)O,hansen,0,0,0,0,0,0,Train
5812,CCCC[C@@H](CC)COC(=O)/C=C/c1ccc(OC)cc1,hansen,0,0,0,0,0,0,External
5813,CS(=O)CCC(=O)N1C(C(=O)O)CSC1c1ccccc1O,hansen,0,0,0,0,0,0,Train
5814,CCCCOC(=O)c1ccc(O)cc1,hansen,0,0,0,0,0,0,External
5815,C=C1[C@@H](O)[C@@H]2O[C@]3(CC[C@H](/C=C/[C@@H](C)[C@@H]4CC(C)=C[C@@]5(O[C@H](C[C@@](C)(O)C(=O)O)CC[C@@H]5O)O4)O3)CC[C@H]2O[C@@H]1[C@@H](O)C[C@H](C)[C@H]1O[C@@]2(CCCCO2)CC[C@H]1C,hansen,0,0,0,0,0,0,Train
5816,CC(C)(Oc1ccc([C@@H]2CC2(Cl)Cl)cc1)C(=O)O,hansen,0,0,0,0,0,0,Train
5817,O=C1OC2(c3ccc(O)cc3Oc3cc(O)ccc32)c2ccccc21,hansen,0,0,0,0,0,0,Train
5818,Cc1ncc(CO)c(CO)c1O,hansen,0,0,0,0,0,0,Train
5819,CC[C@@H](C)c1ccccc1O,hansen,0,0,0,0,0,0,Train
5820,[N-]=[N+]=NCC(=O)O,hansen,0,0,0,0,0,0,Train
5821,O=[N+]([O-])c1ccc(Nc2[nH]cnc3ncnc2-3)cc1,hansen,0,0,0,0,0,0,Train
5822,O=C(O)C[C@H](Cl)C(=O)O,hansen,0,0,0,0,0,0,Train
5823,CC1=C(O)C(O)=C(C2=C(O)C(O)=C(C)C(=O)C2=O)C(=O)C1=O,hansen,0,0,0,0,0,0,Train
5824,C=CCc1ccccc1OCC(O)CNC(C)C,hansen,0,0,0,0,0,0,Train
5825,CC12CCC3C(CCC4CC(O)CCC43C)C1CCC(=O)N2,hansen,0,0,0,0,0,0,External
5826,CCC(C)c1cc([N+](=O)[O-])cc([N+](=O)[O-])c1O,hansen,0,0,0,0,0,0,Train
5827,O=c1[nH]c(=O)n(C2CC(O)C(CO)O2)cc1/C=C/Br,hansen,0,0,0,0,0,0,Internal
5828,Nc1nc(O)c2ncn(C3C=CC(CO)C3)c2n1,hansen,0,0,0,0,0,0,Train
5829,Nc1c(S(=O)(=O)O)cc(NC2CCCCC2)c2c1C(=O)c1ccccc1C2=O,hansen,0,0,0,0,0,0,Train
5830,C=C(C)C1CCC(=C)C2C3=C(CC(C)(O)C3=O)C(=O)C(C)=CC12,hansen,0,0,0,0,0,0,Train
5831,Clc1ccc(CO[C@H](Cn2ccnc2)c2ccc(Cl)cc2Cl)cc1,hansen,0,0,0,0,0,0,Train
5832,CN(C)c1ccc(C2CC3(C)C(CCC3(O)CCCO)C3CCC4=CC(=O)CCC4=C23)cc1,hansen,0,0,0,0,0,0,External
5833,O=c1[nH]c(=O)n(C2CC(O)C(CO)O2)cc1CCCCl,hansen,0,0,0,0,0,0,External
5834,CC(O)C(C)O,hansen,0,0,0,0,0,0,Internal
5835,CCC1(CC(=O)O)OCCc2c1[nH]c1c(C)cccc21,hansen,0,0,0,0,0,0,Train
5836,COc1cc2c(cc1OC)[C@@]13CCN4CC5=CCO[C@@H]6CC(=O)N2[C@H]1[C@H]6[C@@H]5C[C@@H]43,hansen,0,0,0,0,0,0,Train
5837,CCC1OC(=O)C(C)C(OC2CC(C)(OC)C(O)C(C)O2)C(C)C(OC2OC(C)CC(N(C)C)C2O)C(C)(O)CC(C)CN(C)C(C)C(O)C1(C)O,hansen,0,0,0,0,0,0,Internal
5838,Cc1cc(S(=O)(=O)O)c2c(C)ccc(C(C)C)cc1-2,hansen,0,0,0,0,0,0,External
5839,O=S(=O)(O)c1cccc2cc(O)ccc12,hansen,0,0,0,0,0,0,External
5840,CC1CCCC(=O)CCCCCc2cc(O)cc(O)c2C(=O)O1,hansen,0,0,0,0,0,0,Train
5841,OC(=S)c1ccccc1,hansen,0,0,0,0,0,0,Train
5842,O=C(O)C(O)C(O)C(O)C(O)CO,hansen,0,0,0,0,0,0,Train
5843,O=S(=O)(O)c1ccc(N=Nc2c(O)ccc3cc(S(=O)(=O)O)cc(S(=O)(=O)O)c23)cc1,hansen,0,0,0,0,0,0,External
5844,CCCCCC(=O)OC1(C(C)=O)CCC2C3CCC4=CC(=O)CCC4C3CCC21C,hansen,0,0,0,0,0,0,External
5845,COC(=O)C1=C(C)N=C(C)C(=C(O)OCCc2ccc(N3CCN(C(c4ccccc4)c4ccccc4)CC3)cc2)C1c1cccc([N+](=O)[O-])c1,hansen,0,0,0,0,0,0,Train
5846,[O-][n+]1cccc2c3c(ccc21)C(O)C(O)C1OC31,hansen,0,0,0,0,0,0,Train
5847,Nc1nc(=O)n(C2CC(O)C(CO)O2)cc1CCCl,hansen,0,0,0,0,0,0,Train
5848,Cc1c(N)nc([C@H](CC(N)=O)NC[C@H](N)C(N)=O)nc1C(=O)N[C@H](C(=O)N[C@H](C)[C@@H](O)[C@H](C)C(=O)N[C@H](C(=O)NCCc1nc(-c2nc(C(=O)O)cs2)cs1)[C@@H](C)O)[C@@H](O[C@H]1O[C@@H](CO)[C@H](O)[C@H](O)[C@@H]1O[C@H]1O[C@H](CO)[C@@H](O)[C@H](OC(N)=O)[C@@H]1O)c1c[nH]cn1,hansen,0,0,0,0,0,0,Train
5849,CC(C)CCCC(C)C1CCC2C3CC=C4CC(OCCOCCO)CCC4(C)C3CCC12C,hansen,0,0,0,0,0,0,Internal
5850,O[C@@H]1c2ccccc2-c2cc3c(ccc4ccccc43)nc2[C@H]1O,hansen,0,0,0,0,0,0,Train
5851,ClCC1(C(Cl)Cl)C2C(Cl)C(Cl)C1(C(Cl)Cl)C(Cl)C2Cl,hansen,0,0,0,0,0,0,External
5852,Nc1nc2c(s1)CCC1NCCCC21,hansen,0,0,0,0,0,0,Train
5853,O=C(O)[C@@H](O)[C@H](O)C(=O)O,hansen,0,0,0,0,0,0,External
5854,Cc1ccc2oc(=O)ccc2c1,hansen,0,0,0,0,0,0,Internal
5855,CC12CCC3C(CC=C4CC(O)CCC43C)C1CCC2=O,hansen,0,0,0,0,0,0,External
5856,Oc1nncc2ccccc12,hansen,0,0,0,0,0,0,Train
5857,CN[C@H](C)[C@@H](O)c1ccccc1,hansen,0,0,0,0,0,0,Internal
5858,CC1=CC(O)C2CC1C2(C)C,hansen,0,0,0,0,0,0,Train
5859,O=C1c2ccccc2C(=O)c2c1ccc(OC1OC(COC3OCC(O)C(O)C3O)C(O)C(O)C1O)c2O,hansen,0,0,0,0,0,0,Train
5860,CCOc1ccc(N=[N+]([O-])c2ccc(OCC)cc2)cc1,hansen,0,0,0,0,0,0,Train
5861,COC(=O)C(CSCC(Br)c1ccccc1)NC(C)=O,hansen,0,0,0,0,0,0,External
5862,COc1cc(S(=O)(=O)O)c(C)cc1N=Nc1c(O)ccc2cc(S(=O)(=O)O)ccc12,hansen,0,0,0,0,0,0,Train
5863,O=S(O)c1ccc(Cl)cc1,hansen,0,0,0,0,0,0,Train
5864,Oc1ccccc1-c1nc2ccccc2o1,hansen,0,0,0,0,0,0,Train
5865,NC(CSC(F)(F)C(F)Cl)C(=O)O,hansen,0,0,0,0,0,0,External
5866,CCCCOC(=O)COc1ccc(Cl)cc1Cl,hansen,0,0,0,0,0,0,External
5867,Cc1ccccc1[C@H](OCCN(C)C)c1ccccc1,hansen,0,0,0,0,0,0,Train
5868,CC(=O)[C@H]1CC[C@@H]2[C@@H]3CCC4=CC(=O)CC[C@]4(C)[C@H]3CC[C@]12C,hansen,0,0,0,0,0,0,Train
5869,CCC(C)n1c(=O)[nH]c(C)c(Br)c1=O,hansen,0,0,0,0,0,0,Train
5870,O=S1OC[C@H]2[C@H](CO1)[C@@]1(Cl)C(Cl)=C(Cl)[C@]2(Cl)C1(Cl)Cl,hansen,0,0,0,0,0,0,Train
5871,COc1cccc2c1C(=O)c1c(O)c3c(c(O)c1C2=O)C[C@@](O)(C(=O)CO)C[C@@H]3O[C@H]1C[C@H](N2CCOC[C@H]2C#N)[C@H](O)[C@H](C)O1,hansen,0,0,0,0,0,0,External
5872,[C-]#[O+],hansen,0,0,0,0,0,0,External
5873,Nc1ncnc2c1ncn2C1CC(O)C(CO)O1,hansen,0,0,0,0,0,0,Train
5874,CC(C)S,hansen,0,0,0,0,0,0,External
5875,Cc1ccc(Nc2ccc(O)c3c2C(=O)c2ccccc2C3=O)cc1,hansen,0,0,0,0,0,0,Train
5876,C[C@@H](O)[C@@H](N)[C@H](O)[C@H](O)C=O,hansen,0,0,0,0,0,0,Train
5877,C[C@@H](O)CNC[C@@H](C)O,hansen,0,0,0,0,0,0,Train
5878,O=C(O)CCC(NC(=O)COc1cc(Cl)c(Cl)cc1Cl)C(=O)O,hansen,0,0,0,0,0,0,External
5879,CCC[CH-][N+](=O)[O-],hansen,0,0,0,0,0,0,External
5880,Cc1c(O)cccc1O,hansen,0,0,0,0,0,0,Train
5881,C=C1C(=O)O[C@@H]2C[C@@H](C)[C@@H]3C=CC(=O)[C@]3(C)[C@@H](O)[C@H]12,hansen,0,0,0,0,0,0,Train
5882,CN(C)CC[C@@H](c1ccccc1)c1ccccn1,hansen,0,0,0,0,0,0,External
5883,ClCCN(CCCl)CCCl,hansen,0,0,0,0,0,0,Train
5884,CCN=NC(C)(C)OO,hansen,0,0,0,0,0,0,External
5885,CC1C=C(C=O)C(C=O)C(O)C2CC(C)(C)CC12,hansen,0,0,0,0,0,0,Train
5886,Cc1cc(C)c2ccccc2c1,hansen,0,0,0,0,0,0,Train
5887,CCCCCCCCCCCC[C@H]1CO1,hansen,0,0,0,0,0,0,Train
5888,O=C(O)c1ccc(Cl)c(Cl)c1,hansen,0,0,0,0,0,0,External
5889,N#Cc1c(Cl)c(Cl)c(Cl)c(C#N)c1Cl,hansen,0,0,0,0,0,0,Train
5890,C[N@+]1([O-])CCC[C@@H]1c1cccnc1,hansen,0,0,0,0,0,0,Train
5891,Cc1cc(C)c(S(=O)(=O)O)cc1N=Nc1cc(S(=O)(=O)O)c2ccccc2c1O,hansen,0,0,0,0,0,0,Train
5892,CN(C)c1ccc(C(=C2C=CC(=[N+](C)C)C=C2)c2ccccc2)cc1,hansen,0,0,0,0,0,0,Internal
5893,Nc1ccc(-c2ccc(N)cc2S(=O)(=O)O)c(S(=O)(=O)O)c1,hansen,0,0,0,0,0,0,External
5894,CCN(CC)c1ccc(N=Nc2cccnc2)cc1,hansen,0,0,0,0,0,0,Train
5895,CCC1OC(=O)C(C)C(OC2CC(C)(OC)C(O)C(C)O2)C(C)C(OC2OC(C)CC(N(C)C)C2O)C(C)(O)CC(C)/C(=N/OCOCCOC)C(C)C(O)C1(C)O,hansen,0,0,0,0,0,0,Train
5896,O=C(O)CCC(=O)Nc1ccc(Cl)c(Cl)c1,hansen,0,0,0,0,0,0,Train
5897,FC(F)=C(F)F,hansen,0,0,0,0,0,0,Train
5898,C[C@H](CO)[N+](=O)[O-],hansen,0,0,0,0,0,0,Train
5899,CC(C)[C@H]1CC[C@H](C)C[C@@H]1O,hansen,0,0,0,0,0,0,External
5900,OCC1OC(OC2(CO)OC(CO)C(O)C2O)C(O)C(O)C1O,hansen,0,0,0,0,0,0,Train
5901,CCCCCCCCC/C=C/C[C@H]1CC(=O)OC1=O,hansen,0,0,0,0,0,0,Train
5902,CC(=O)c1cc2c(cc1C)C(C)(C)[C@@H](C)C2(C)C,hansen,0,0,0,0,0,0,Train
5903,O=[N+]([O-])c1ccc(NC2OCC(O)C(O)C2O)cc1,hansen,0,0,0,0,0,0,Train
5904,Cc1cc(O)nc(S)n1,hansen,0,0,0,0,0,0,Train
5905,O=C(O)/C=C/c1ccc(/C=C/C(=O)O)cc1,hansen,0,0,0,0,0,0,Train
5906,O=C1CCc2c3c(c4c(ccc5ccccc54)c21)CCC3,hansen,0,0,0,0,0,0,External
5907,COc1cc(CC2NCCc3cc(O)c(O)cc32)cc(OC)c1OC,hansen,0,0,0,0,0,0,External
5908,CCCCCCCC1CCC(=O)O1,hansen,0,0,0,0,0,0,External
5909,CC1=CC2OC3C(O)CC(C)(C34CO4)C2(CO)C(O)C1=O,hansen,0,0,0,0,0,0,Internal
5910,O=C(O)O,hansen,0,0,0,0,0,0,Train
5911,C=C[C@@H]1CC[C@@]2(C)O[C@H]2C1,hansen,0,0,0,0,0,0,External
5912,C[C@H](CCl)OP(=O)(O[C@H](C)CCl)O[C@H](C)CCl,hansen,0,0,0,0,0,0,Train
5913,CCC(C)c1cccc(C(C)CC(CC)c2ccc(C[N+](C)(C)C)cc2)c1,hansen,0,0,0,0,0,0,Train
5914,CCCCCCOC(=O)c1ccccc1,hansen,0,0,0,0,0,0,Train
5915,COC(O)=C1C(C)=NC(C)=C(C(=O)OC/C=C/c2ccccc2)[C@@H]1c1cccc([N+](=O)[O-])c1,hansen,0,0,0,0,0,0,Train
5916,N=C(N)c1ccc2cc(C(=N)N)[nH]c2c1,hansen,0,0,0,0,0,0,Train
5917,C[C@@H](O)c1ccccc1,hansen,0,0,0,0,0,0,External
5918,CCC1OC(CO)C(COCC2OC(COC3OC(CO)C(O)C(O)C3O)C(OC)C(O)C2O)C(O)C1O,hansen,0,0,0,0,0,0,External
5919,O/N=C/C=N/O,hansen,0,0,0,0,0,0,Internal
5920,Nc1nc2cc(Cl)ccc2[nH]1,hansen,0,0,0,0,0,0,External
5921,CC(C(=O)O)N(CC1(O)CCC(O)C(O)C1O)N=O,hansen,0,0,0,0,0,0,Train
5922,CCOCCOCCO,hansen,0,0,0,0,0,0,Internal
5923,COc1ccc2cc3[n+](cc2c1OC)CCc1cc2c(cc1-3)OCO2,hansen,0,0,0,0,0,0,External
5924,O=S(=O)(O)c1ccc2c(N=Nc3ccc(S(=O)(=O)O)c4ccccc34)c(O)c(S(=O)(=O)O)cc2c1,hansen,0,0,0,0,0,0,Internal
5925,O=C(O)C1OC1C(=O)O,hansen,0,0,0,0,0,0,Train
5926,Oc1cc2ccc3c4c(cc5cccc1c5c24)-c1ccccc1-3,hansen,0,0,0,0,0,0,Internal
5927,CC12C=CC3=C4CCC(=O)C=C4CCC3C1CCC2O,hansen,0,0,0,0,0,0,Train
5928,COc1cc(O)cc2c1cc([N+](=O)[O-])c1c(C(=O)O)cc3c(c12)OCO3,hansen,0,0,0,0,0,0,Train
5929,C=CC1CN2CCC1CC2C(OC(=O)C(C)O)c1ccnc2ccc(OC)cc12,hansen,0,0,0,0,0,0,External
5930,C=C1/C(=C/C=C2\CCCC3(C)C2CCC3C(C)/C=C/C(O)C2CC2)CC(O)CC1O,hansen,0,0,0,0,0,0,Train
5931,CC(C)[C@]12CC(=O)[C@@H](C)[C@H]1C2,hansen,0,0,0,0,0,0,Train
5932,CCOCC,hansen,0,0,0,0,0,0,Train
5933,O=S(=O)(O)Oc1c2ccccc2c2ccc3cccc4ccc1c2c43,hansen,0,0,0,0,0,0,External
5934,CCCCC(C)C(OC(=O)CC(CC(=O)O)C(=O)O)C(CC(C)CC(O)CCCCC(O)CC(O)C(C)N)OC(=O)CC(CC(=O)O)C(=O)O,hansen,0,0,0,0,0,0,Train
5935,Oc1nsc2ccccc12,hansen,0,0,0,0,0,0,External
5936,CNC(=O)CC(N)C(=O)NC(C(=O)NC1C(=O)N2C1SC(C)(C)C2C(=O)O)c1ccc(O)cc1,hansen,0,0,0,0,0,0,Train
5937,N1=NC2C3OC3C1C1OC21,hansen,0,0,0,0,0,0,Train
5938,O=C(c1ccccc1)C1OC1c1ccc(F)cc1,hansen,0,0,0,0,0,0,Train
5939,O=c1oc2cccc(O)c2cc1[C@@H]1CCc2ccccc2C1,hansen,0,0,0,0,0,0,External
5940,O=C(NC(Cc1cc(O)nc2ccccc12)C(=O)O)c1ccc(Cl)cc1,hansen,0,0,0,0,0,0,Train
5941,C#CCNC(=NCCSCc1nc[nH]c1C)NC#N,hansen,0,0,0,0,0,0,Train
5942,CCOC(=O)CC(C)O,hansen,0,0,0,0,0,0,Internal
5943,C=CC1(C)CC(O)C2(C)C(CCC3C4(C)CCCC32OC4=O)C1,hansen,0,0,0,0,0,0,Train
5944,C[C@@H]1C[C@H]2OC(=O)[C@]3(C)[C@H]2[C@@H](O[C@]3(C)O)[C@@]2(C)C(=O)C=C[C@@H]12,hansen,0,0,0,0,0,0,Internal
5945,CCC(=O)N(c1ccc(Cl)c(Cl)c1)C1CCCC1N(C)C,hansen,0,0,0,0,0,0,Train
5946,CN1C=CN(CCC[n+]2ccc(C(N)=O)cc2)C1/C=N/O,hansen,0,0,0,0,0,0,Train
5947,O=C(O)[C@@H]1CSCN1,hansen,0,0,0,0,0,0,Train
5948,CCC1(O)CC2CN(CCc3c([nH]c4ccccc34)C(C(=O)OC)(c3cc4c(cc3OC)N(C=O)C3C(O)(C(=O)OC)C(OC(C)=O)C5(CC)C=CCN6CCC43C65)C2)C1,hansen,0,0,0,0,0,0,External
5949,CN(C)c1ccc(N=Nc2ccc(OC3OC(CO)C(O)C(O)C3O)cc2)cc1,hansen,0,0,0,0,0,0,Train
5950,Cc1cccc(C(=O)O)c1,hansen,0,0,0,0,0,0,Train
5951,COc1ccc2c(c1)-c1c(OC)c(OC)cc3ccnc(c13)C2=O,hansen,0,0,0,0,0,0,Train
5952,O=[N+]([O-])c1ccc(S(=O)(=O)Nc2ccccn2)cc1,hansen,0,0,0,0,0,0,Internal
5953,CC12CCNC(=O)C=C1CCC1C2CCC2(C)C(OC(=O)/C=C/c3cccc(N(CCCl)CCCl)c3)CCC12,hansen,0,0,0,0,0,0,Train
5954,Nc1ccn(C2C=C(CO)C(O)C2O)c(=O)n1,hansen,0,0,0,0,0,0,Train
5955,O=NN(CC1(O)CCC(O)C(O)C1O)C(Cc1ccccc1)C(=O)O,hansen,0,0,0,0,0,0,External
5956,CC(=O)OC/C=C(/C)CCC=C(C)C,hansen,0,0,0,0,0,0,Train
5957,COc1cc2c3c(c1O)-c1cc4c(cc1CC3N(C)CC2)OCO4,hansen,0,0,0,0,0,0,Train
5958,CCCCCCCCCCCCCC[N+](C)(C)Cc1ccccc1,hansen,0,0,0,0,0,0,External
5959,CCCOP(=S)(OCCC)OP(=S)(OCCC)OCCC,hansen,0,0,0,0,0,0,Internal
5960,O=[N+]([O-])c1ccc(-n2nc(-c3ccccc3)n[n+]2-c2ccc(I)cc2)cc1,hansen,0,0,0,0,0,0,External
5961,C=C(C)[C@H]1CC=C(C)[C@@H](OC(C)=O)C1,hansen,0,0,0,0,0,0,Train
5962,Clc1cccc(Br)c1,hansen,0,0,0,0,0,0,External
5963,CC12OC1C1CCCCC1c1ccccc12,hansen,0,0,0,0,0,0,Train
5964,OC1C=Cc2ncccc2C1O,hansen,0,0,0,0,0,0,Internal
5965,CC(=O)O[C@H]1[C@H](O)[C@@H]2O[C@H]3C=C(C)C(=O)[C@H](O)[C@@]3(CO)[C@@]1(C)[C@@]21CO1,hansen,0,0,0,0,0,0,Train
5966,CC1=CC[C@@H]2C(C)=CC[C@H](C(C)(C)C)[C@H]2C1,hansen,0,0,0,0,0,0,Internal
5967,Nc1ccn([C@H]2O[C@@H](COP(=O)(O)O)[C@H](O)[C@H]2O)c(=O)n1,hansen,0,0,0,0,0,0,External
5968,O=[N+]([O-])c1ccc(S(=O)(=O)O)c([N+](=O)[O-])c1,hansen,0,0,0,0,0,0,Train
5969,CN(C)c1ccc(C2CC3(C)C(CCC3(O)/C=C/CO)C3CCC4=CC(=O)CCC4=C23)cc1,hansen,0,0,0,0,0,0,Train
5970,COC1(CCC(C)COC2OC(CO)C(O)C(O)C2O)OC2CC3C4CC=C5CC(OC6OC(CO)C(O)C(OC7OC(CO)C(O)C(O)C7O)C6OC6OC(C)C(O)C(O)C6O)CCC5(C)C4CCC3(C)C2C1C,hansen,0,0,0,0,0,0,Train
5971,CCOP(=O)(OCC)O/C(=C\Br)c1ccc(Cl)cc1Cl,hansen,0,0,0,0,0,0,External
5972,CC1CCC2(OC1)OC1CC3C4CC=C5CC(OC6OC(CO)C(O)C(OC7OC(CO)C(O)C(O)C7O)C6OC6OC(C)C(O)C(O)C6O)CCC5(C)C4CCC3(C)C1C2C,hansen,0,0,0,0,0,0,External
5973,OC1c2ccccc2-c2cc3ccccc3c(Cl)c2C1O,hansen,0,0,0,0,0,0,Train
5974,C=C1CC/C=C(/C)CC[C@@H]2[C@H]1CC2(C)C,hansen,0,0,0,0,0,0,Internal
5975,Cc1c[nH]cn1,hansen,0,0,0,0,0,0,Train
5976,CCCC[C@@H](CC)CN,hansen,0,0,0,0,0,0,External
5977,C=C1[C@H]2CC[C@H](C2)C1(C)C,hansen,0,0,0,0,0,0,Train
5978,CC(C)CC[C@@H](C)Nc1ccc(N[C@H](C)CCC(C)C)cc1,hansen,0,0,0,0,0,0,External
5979,Cc1ccc(N=[N+]([O-])c2ccc(C)c([N+](=O)[O-])c2)cc1[N+](=O)[O-],hansen,0,0,0,0,0,0,External
5980,Cc1c(N=[N+]([O-])c2cccc([N+](=O)[O-])c2C)cccc1[N+](=O)[O-],hansen,0,0,0,0,0,0,Train
5981,OC(c1ccc(Cl)cc1)(c1ccc(Cl)cc1)C(Cl)(Cl)Cl,hansen,0,0,0,0,0,0,Train
5982,OCCNc1ccc(N=Nc2ccc(N(CCO)CCO)cc2)cc1,hansen,0,0,0,0,0,0,Train
5983,Cc1ccc(C(C)(C)O)cc1,hansen,0,0,0,0,0,0,Train
5984,CC(N)(Cc1ccc(O)c(O)c1)C(=O)O,hansen,0,0,0,0,0,0,Train
5985,Oc1ncc(F)c(O)n1,hansen,0,0,0,0,0,0,External
5986,CCCCSCCC(N)C(=O)O,hansen,0,0,0,0,0,0,Train
5987,CCC1(C(C)O)OC1(C(N)=O)C(=O)OC,hansen,0,0,0,0,0,0,External
5988,CCS,hansen,0,0,0,0,0,0,Train
5989,CC/C=C\C#N,hansen,0,0,0,0,0,0,Train
5990,C=C(C)[C@@H]1Cc2c(ccc3c2O[C@H]2COc4cc(OC)c(OC)cc4[C@@H]2C3=O)O1,hansen,0,0,0,0,0,0,External
5991,COC(=O)CCCC(=O)OC,hansen,0,0,0,0,0,0,Train
5992,Cn1c2ccc3cc2c(=S)c2cc(ccc21)OCCOCCOCCOCCOCCOCCO3,hansen,0,0,0,0,0,0,Train
5993,O=S(=O)(O)c1cc(N=Nc2c(O)ccc3ccccc23)ccc1-c1ccc(N=Nc2c(O)ccc3ccccc23)cc1S(=O)(=O)O,hansen,0,0,0,0,0,0,Train
5994,CC(C)(C)NCC(O)COc1ccc(O)cc1C1CCCC1,hansen,0,0,0,0,0,0,Train
5995,CCCCC(S)(CCC)CCCC,hansen,0,0,0,0,0,0,Train
5996,O=C(O)C1CSC(c2ccccc2O)N1C(=O)CCS,hansen,0,0,0,0,0,0,Train
5997,C[C@H]1C(C)(C)c2cc3c(cc2C1(C)C)[C@H](C)OCC3,hansen,0,0,0,0,0,0,External
5998,CC(C)[C@H]1CC[C@H](C)CC1,hansen,0,0,0,0,0,0,Train
5999,O/N=C/c1ccccn1,hansen,0,0,0,0,0,0,Internal
6000,O=C1CC2SCC=CN12,hansen,0,0,0,0,0,0,External
6001,CC1(C)C(=O)[C@@]2(C)CC[C@@H]1C2,hansen,0,0,0,0,0,0,Train
6002,CC(C)CCCCCOC(=O)Cc1cc(Cl)c(Cl)cc1Cl,hansen,0,0,0,0,0,0,Internal
6003,CC1(C)C=C(C(=O)O)C(C)(C)N1O,hansen,0,0,0,0,0,0,External
6004,O=C(O)CCC(=O)OC[C@H](NC(=O)C(Cl)Cl)[C@@H](O)c1ccc([N+](=O)[O-])cc1,hansen,0,0,0,0,0,0,Internal
6005,O=C(c1ccccc1)[C@@H]1O[C@H]1c1ccc([N+](=O)[O-])cc1,hansen,0,0,0,0,0,0,Train
6006,Cc1c2c(nc3ccc(CO)cc13)-c1ccccc1C1OC21,hansen,0,0,0,0,0,0,Train
6007,Oc1ccccc1Cl,hansen,0,0,0,0,0,0,Train
6008,O=C(O)CCC(=O)Nc1cc(Cl)c(Cl)c(Cl)c1,hansen,0,0,0,0,0,0,Internal
6009,CSCC(NC(=O)COc1cccc2cnccc12)C(=O)NC(Cc1ccccc1)C(O)C(=O)N1CSCC1C(=O)NC(C)(C)C,hansen,0,0,0,0,0,0,Train
6010,Clc1ccc([C@H](c2ccccc2Cl)C(Cl)Cl)cc1,hansen,0,0,0,0,0,0,Train
6011,OC1C2=c3c(cc4cccc5ccc(c3c54)C1O)-c1ccccc12,hansen,0,0,0,0,0,0,Train
6012,O=C(O)/C=C/c1ccc(O)c(O)c1,hansen,0,0,0,0,0,0,Train
6013,OC[C@@H](O)[C@@H](O[C@H]1O[C@H](CO)[C@@H](O)[C@H](O)[C@H]1O)[C@H](O)[C@@H](O)CO,hansen,0,0,0,0,0,0,Train
6014,ICCc1ccccc1,hansen,0,0,0,0,0,0,Train
6015,CCCCCCCCSCN1C=CN(C)C1,hansen,0,0,0,0,0,0,Train
6016,C=CCCCCCC,hansen,0,0,0,0,0,0,External
6017,Brc1cc(Br)c(-c2c(Br)cc(Br)cc2Br)c(Br)c1,hansen,0,0,0,0,0,0,External
6018,C[C@H]1C[C@@H](C)C(=O)[C@@H]([C@@H](O)CC2CC(=O)NC(=O)C2)C1,hansen,0,0,0,0,0,0,Internal
6019,CCC[C@@H](C)C[C@H](OC(=O)C[C@@H](CC(=O)O)C(=O)O)[C@H](C[C@H](C)C[C@H](O)CCCC[C@H](O)C[C@H](O)[C@H](C)N)OC(=O)C[C@@H](CC(=O)O)C(=O)O,hansen,0,0,0,0,0,0,Train
6020,O=C1C=C2C(=CCO[C@H]2O)O1,hansen,0,0,0,0,0,0,Train
6021,O=C=Nc1ccc(N=C=O)cc1,hansen,0,0,0,0,0,0,Train
6022,C[C@@H](CC(=O)O)C(=O)O,hansen,0,0,0,0,0,0,Train
6023,O=C(COc1cc(Cl)c(Cl)cc1Cl)NC(Cc1c[nH]c2ccccc12)C(=O)O,hansen,0,0,0,0,0,0,Train
6024,CC(=O)Nc1ccc(S(=O)(=O)O)c2cc(S(=O)(=O)O)c(N=Nc3ccc(N=Nc4ccc(S(=O)(=O)O)cc4)c4ccc(S(=O)(=O)O)cc34)c(O)c12,hansen,0,0,0,0,0,0,Internal
6025,C[C@@H](S)C(=O)NCC(=O)O,hansen,0,0,0,0,0,0,External
6026,COc1cc(C)cc2c(OC(C)=O)c(-c3c(C)cc4c(OC(C)=O)ccc(OC(C)=O)c4c3OC)cc(OC(C)=O)c12,hansen,0,0,0,0,0,0,External
6027,O=S(=O)(O)c1cc(Nc2nc(Nc3ccccc3)nc(N3CCOCC3)n2)ccc1/C=C/c1ccc(Nc2nc(Nc3ccccc3)nc(N3CCOCC3)n2)cc1S(=O)(=O)O,hansen,0,0,0,0,0,0,Train
6028,CCCCCCCCCCCCOS(=O)(=O)O,hansen,0,0,0,0,0,0,Train
6029,CSCCC(N)C(=O)O,hansen,0,0,0,0,0,0,Train
6030,Nc1c(S(=O)(=O)O)cc2cc(S(=O)(=O)O)ccc2c1N=Nc1ccc(-c2ccc(N=Nc3c(N)c(S(=O)(=O)O)cc4cc(S(=O)(=O)O)ccc34)c(Cl)c2)cc1Cl,hansen,0,0,0,0,0,0,Internal
6031,NC(=O)N(CC(=O)O)N=O,hansen,0,0,0,0,0,0,External
6032,CCOC(=O)C1OC1C(=O)NC(CC(C)C)C(=O)NCCC(C)C,hansen,0,0,0,0,0,0,Train
6033,O=C/C=C\c1ccco1,hansen,0,0,0,0,0,0,Internal
6034,CCOC(=O)[C@H](SP(=S)(OC)OC)c1ccccc1,hansen,0,0,0,0,0,0,Train
6035,Cc1cc(N)cc(N)c1,hansen,0,0,0,0,0,0,Internal
6036,CN(C)c1ccc(N=Nc2ccc(S(=O)(=O)O)cc2)cc1,hansen,0,0,0,0,0,0,Internal
6037,C[C@H](CS)[C@@H]1CC[C@@H](C)[C@H](S)C1,hansen,0,0,0,0,0,0,Train
6038,CCOC(=O)C[C@H](S[P@@](=O)(OC)SC)C(=O)OCC,hansen,0,0,0,0,0,0,Internal
6039,COCC(COC(=O)c1ccccc1)(COC(=O)c1ccccc1)COC(=O)c1ccccc1,hansen,0,0,0,0,0,0,Train
6040,O=C(O)CCCC[C@@H]1CCSS1,hansen,0,0,0,0,0,0,External
6041,Cc1cccc(N=Nc2c(O)ccc3ccccc23)c1C,hansen,0,0,0,0,0,0,Train
6042,SCCc1cnccn1,hansen,0,0,0,0,0,0,Train
6043,CNCC(=O)O,hansen,0,0,0,0,0,0,External
6044,CC(CCC(=O)O)C1CCC2C3C(=O)CC4CC(=O)CCC4(C)C3CCC12C,hansen,0,0,0,0,0,0,Train
6045,NC1CCCC(N)C1,hansen,0,0,0,0,0,0,Train
6046,C=C(C)[C@@H]1CC=C(C)[C@@H](O)C1,hansen,0,0,0,0,0,0,Train
6047,COC(=O)Nc1nc2cc(Sc3ccccc3)ccc2[nH]1,hansen,0,0,0,0,0,0,External
6048,NC(=O)OCC1C(NC(=O)/C(=N\OCC(=O)O)c2csc(N)n2)C(=O)N1S(=O)(=O)O,hansen,0,0,0,0,0,0,Train
6049,O=C(Cc1ccccc1)OCc1ccccc1,hansen,0,0,0,0,0,0,External
6050,N[C@@H]1C[C@H]1c1ccccc1,hansen,0,0,0,0,0,0,Train
6051,C[C@H](CCc1ccccc1)NC[C@@H](O)c1ccc(O)c(C(N)=O)c1,hansen,0,0,0,0,0,0,External
6052,Cc1cc(Cl)cc2c1C(=O)/C(=C1/Sc3cc(Cl)cc(C)c3C1=O)S2,hansen,0,0,0,0,0,0,External
6053,O=P(O)(O)OCC1OC(n2cnc3c(O)ncnc32)C(O)C1O,hansen,0,0,0,0,0,0,External
6054,CC(=O)OC(C(=O)c1ccccc1)c1ccccc1,hansen,0,0,0,0,0,0,Train
6055,O=C(NC(CO)C(O)c1ccc([N+](=O)[O-])cc1)C(Cl)Cl,hansen,0,0,0,0,0,0,Train
6056,O=C(O)c1cn(-c2ccc(F)cc2)c2cc(N3CCNCC3)c(F)cc2c1=O,hansen,0,0,0,0,0,0,Internal
6057,O=C(O)c1cccc(Cl)c1Cl,hansen,0,0,0,0,0,0,Train
6058,CN(C)c1ccc(C(=C2C=CC(=[N+](C)C)C=C2)c2ccc(N(C)C)cc2)cc1,hansen,0,0,0,0,0,0,Train
6059,Oc1nc2ccccc2o1,hansen,0,0,0,0,0,0,Train
6060,C[C@H]1CC[C@@H]2[C@@H](C)[C@H]3[C@@H](C[C@H]4[C@@H]5CC=C6C[C@@H](O[C@@H]7O[C@H](CO)[C@H](O)[C@H](O[C@@H]8O[C@@H](CO)[C@@H](O)[C@@H](O)[C@H]8O)[C@@H]7O[C@@H]7O[C@@H](C)[C@H](O)[C@@H](O)[C@H]7O)CC[C@]6(C)[C@H]5CC[C@]34C)N2C1,hansen,0,0,0,0,0,0,Train
6061,COC(=O)C1=C(c2ccccc2)C(C)OC1=O,hansen,0,0,0,0,0,0,Train
6062,FC(F)(F)CCl,hansen,0,0,0,0,0,0,Internal
6063,Nc1ccc(S(=O)(=O)O)cc1C(=O)O,hansen,0,0,0,0,0,0,Train
6064,C[C@@H]1[C@H](O)[C@@H](C)/C=C/C=C/C=C/C=C/C=C/C=C/C=C/[C@H](O[C@H]2O[C@H](C)[C@H](O)[C@H](N)[C@@H]2O)C[C@H]2O[C@](O)(C[C@@H](O)C[C@@H](O)[C@H](O)CC[C@@H](O)C[C@@H](O)CC(=O)O[C@H]1C)C[C@H](O)[C@@H]2C(=O)O,hansen,0,0,0,0,0,0,Train
6065,CCCCCCCCCCCCCCCCCCOC(=O)CCCCCCCCCCCCCCC,hansen,0,0,0,0,0,0,Train
6066,Cc1cc(O)ccc1O[P@@](=O)(Oc1cc(O)ccc1C)Oc1c(C)cccc1O,hansen,0,0,0,0,0,0,Train
6067,NC(=O)CBr,hansen,0,0,0,0,0,0,Internal
6068,CC1COc2c(C3(N)CC3)c(F)cc3c(=O)c(C(=O)O)cn1c23,hansen,0,0,0,0,0,0,Train
6069,O=C(O)c1ccc(O)cc1O,hansen,0,0,0,0,0,0,External
6070,COc1c2ccc(O)cc2nc2occc12,hansen,0,0,0,0,0,0,Train
6071,N#C/C(N)=C(\N)C#N,hansen,0,0,0,0,0,0,Train
6072,O=C(O)/C=C/c1c[nH]cn1,hansen,0,0,0,0,0,0,Internal
6073,C1CC[C@H]2CCCC[C@@H]2C1,hansen,0,0,0,0,0,0,Train
6074,COP(=O)(OC)Oc1c(Cl)cc(C)cc1Cl,hansen,0,0,0,0,0,0,Train
6075,O=NN(CC(=O)O)CC1(O)CCC(O)C(O)C1O,hansen,0,0,0,0,0,0,Train
6076,CC(=O)[C@@H](C)O,hansen,0,0,0,0,0,0,Train
6077,CC1CCC2(OC1)OC1CC3C4CC=C5CC(O)CCC5(C)C4CCC3(C)C1C2C,hansen,0,0,0,0,0,0,Train
6078,NC(=O)c1ncn([C@@H]2O[C@H](CO)[C@@H](O)[C@H]2O)n1,hansen,0,0,0,0,0,0,Internal
6079,Cc1ccc(/C(=C\CN2CCCC2)c2ccccn2)cc1,hansen,0,0,0,0,0,0,Train
6080,Oc1ccnc2ccccc12,hansen,0,0,0,0,0,0,Internal
6081,C=C1CC[C@H](O)C/C1=C/C=C1/CCC[C@]2(C)[C@@H]1CC[C@H]2[C@H](C)CCCC(C)C,hansen,0,0,0,0,0,0,Train
6082,CCN(CC)CC#CC(C)(C)OC(=O)C(O)(c1ccccc1)C1CCCCC1,hansen,0,0,0,0,0,0,Train
6083,CC1(C)[C@H]2CC[C@]1(C)C(=O)C2,hansen,0,0,0,0,0,0,Train
6084,CC(C)C(O)(C(=O)OCC1CCN2CCCC12)C(C)O,hansen,0,0,0,0,0,0,Train
6085,OC1c2ccccc2-c2ccc3ccccc3c2C1O,hansen,0,0,0,0,0,0,Train
6086,CNC[C@@H](O)c1cccc(O)c1,hansen,0,0,0,0,0,0,Internal
6087,NC(CSC(F)(F)C(Cl)Cl)C(=O)O,hansen,0,0,0,0,0,0,Train
6088,COc1ccc2[nH]c(N)nc2c1,hansen,0,0,0,0,0,0,External
6089,CCC1C(c2ccc(O)cc2)=C(C)c2cc(O)ccc21,hansen,0,0,0,0,0,0,External
6090,CCOC(=O)C[n+]1csc2ccccc21,hansen,0,0,0,0,0,0,Train
6091,[O-][n+]1c2ccc3ccccc3c2cc2c3ccccc3ccc21,hansen,0,0,0,0,0,0,Train
6092,CN1[C@@H]2C[C@H](OC(=O)[C@@H](CO)c3ccccc3)C[C@H]1[C@H]1O[C@H]12,hansen,0,0,0,0,0,0,Internal
6093,CC(C)(C)S(=O)(=O)CC(Cc1ccccc1)C(=O)NC(Cc1c[nH]cn1)C(=O)NC(CC1CCCCC1)C(O)C(O)C1CC1,hansen,0,0,0,0,0,0,Train
6094,N=C(N)c1cc2ccc(Br)cc2[nH]1,hansen,0,0,0,0,0,0,Train
6095,Oc1ccc2ccccc2n1,hansen,0,0,0,0,0,0,Train
6096,C=C[C@@H](O)c1ccc2c(c1)OCO2,hansen,0,0,0,0,0,0,Train
6097,OC[PH](CO)(CO)CO,hansen,0,0,0,0,0,0,Internal
6098,CC1CCC2C(C)C3C(CC4C5CC=C6CC(OC7OC(CO)C(OC8OC(C)C(O)C(O)C8O)C(O)C7OC7OC(C)C(O)C(O)C7O)CCC6(C)C5CCC43C)N2C1,hansen,0,0,0,0,0,0,External
6099,C/C=C\c1ccc(O)c(OC)c1,hansen,0,0,0,0,0,0,External
6100,O=C(O)C1OC(Oc2ccc3cc4ccc5cccc6ccc(c3c2)c4c56)C(O)C(O)C1O,hansen,0,0,0,0,0,0,Internal
6101,CC1(c2ccccc2)/C(=N/c2ccccc2)c2ccccc2N1O,hansen,0,0,0,0,0,0,Train
6102,OCC(CO)N[C@@H]1C[C@](O)(CO)[C@H](O)[C@@H](O)[C@@H]1O,hansen,0,0,0,0,0,0,External
6103,CCSCC[C@H](N)C(=O)O,hansen,0,0,0,0,0,0,Train
6104,C#CC1(O)CCC2C3CCc4cc(OC)ccc4C3CCC21C,hansen,0,0,0,0,0,0,Train
6105,C[C@@H](CCC(=O)O)[C@H]1CC[C@H]2[C@@H]3CC[C@H]4C[C@@H](O)CC[C@]4(C)[C@H]3CC[C@]12C,hansen,0,0,0,0,0,0,External
6106,CCCCCCCCCCCl,hansen,0,0,0,0,0,0,Train
6107,COCCOCCO,hansen,0,0,0,0,0,0,Internal
6108,Oc1c(Cl)cc(Cl)c(Cl)c1Cc1c(O)c(Cl)cc(Cl)c1Cl,hansen,0,0,0,0,0,0,Train
6109,O=[N+]([O-])c1ccc(N=Nc2ccc(O)cc2O)cc1,hansen,0,0,0,0,0,0,Train
6110,CCCCCCCCCCCCCC(=O)[N-][N+](C)(C)CC(C)O,hansen,0,0,0,0,0,0,Train
6111,NC(Cc1ccc(O)cc1)C(=O)O,hansen,0,0,0,0,0,0,Train
6112,CC(=O)N1CNC(=O)N(C(C)=O)C1=O,hansen,0,0,0,0,0,0,Internal
6113,CC1CCCC(C)N1CCCC(O)(c1ccccc1)c1ccccn1,hansen,0,0,0,0,0,0,Train
6114,NC(=S)NNC(N)=S,hansen,0,0,0,0,0,0,Train
6115,Nc1nc(O)c2[nH]nnc2n1,hansen,0,0,0,0,0,0,Train
6116,NC(CCC(=O)Nc1ccc([N+](=O)[O-])cc1)C(=O)O,hansen,0,0,0,0,0,0,Internal
6117,N[C@@H](CCC(=O)O)C(=O)O,hansen,0,0,0,0,0,0,Train
6118,COc1ccc2c3c1O[C@@H]1[C@@H](O)C=C[C@H]4[C@@H](C2)N(C)CC[C@]314,hansen,0,0,0,0,0,0,External
6119,Cc1cc(C)cc(N=Nc2c(O)ccc3ccccc23)c1,hansen,0,0,0,0,0,0,Internal
6120,C=C[C@](C)(O)CCC=C(C)C,hansen,0,0,0,0,0,0,Train
6121,CSCCC(NC=O)C(=O)NC(Cc1ccccc1)C(=O)O,hansen,0,0,0,0,0,0,Train
6122,[C-]#N,hansen,0,0,0,0,0,0,Train
6123,O=S(=O)(O)c1ccc2c(N=Nc3ccccc3)c(O)ccc2c1,hansen,0,0,0,0,0,0,External
6124,FC(F)(F)[C@H](Cl)Br,hansen,0,0,0,0,0,0,Train
6125,CN1CCN(C2=Nc3cc(Cl)ccc3Nc3ccccc32)CC1,hansen,0,0,0,0,0,0,Train
6126,c1cc[n+]2c(c1)-c1cccc[n+]1CC2,hansen,0,0,0,0,0,0,Train
6127,O=c1[nH][nH]c(=O)c2ccccc12,hansen,0,0,0,0,0,0,Train
6128,O=S(=O)(O)c1cc(S(=O)(=O)O)c2c(N=Nc3ccc(S(=O)(=O)O)c4ccccc34)c(O)ccc2c1,hansen,0,0,0,0,0,0,Train
6129,Nc1nc(O)c2nc(CNc3ccc(C(=O)N[C@@H](CCC(=O)O)C(=O)O)cc3)cnc2n1,hansen,0,0,0,0,0,0,Train
6130,Oc1ncc2ccc3cccc4ccc1c2c34,hansen,0,0,0,0,0,0,Train
6131,O=C1NS(=O)(=O)c2ccccc21,hansen,0,0,0,0,0,0,Train
6132,CCCC[C@@H](CC)COC(=O)CCCCC(=O)OC[C@H](CC)CCCC,hansen,0,0,0,0,0,0,Train
6133,C=C1C[C@@]23CCC4[C@@](C)(CCC[C@@]4(C)C(=O)O)C2CCC1(OC(C)=O)C3,hansen,0,0,0,0,0,0,External
6134,N[C@@H](CSCc1ccccc1)C(=O)O,hansen,0,0,0,0,0,0,Train
6135,SC(S)=N/C=C/N=C(S)S,hansen,0,0,0,0,0,0,Internal
6136,CC(=O)Nc1cc(N=Nc2ccc(C)c(NC(C)=O)c2)ccc1C,hansen,0,0,0,0,0,0,Train
6137,CC(=O)CCOOCCC(C)=O,hansen,0,0,0,0,0,0,Train
6138,NC(CCCCNCC(N)C(=O)O)C(=O)O,hansen,0,0,0,0,0,0,External
6139,Cn1c(=O)c2nc[nH]c2n(C)c1=O,hansen,0,0,0,0,0,0,Internal
6140,CC(C)(C)CC(C)(C)c1ccc(OCCOCC[N+](C)(C)Cc2ccccc2)cc1,hansen,0,0,0,0,0,0,Train
6141,c1cnc2c(c1)C1OC1C1OC21,hansen,0,0,0,0,0,0,Train
6142,CCCOC(=O)c1ccc(O)cc1,hansen,0,0,0,0,0,0,Train
6143,COC(=O)Nc1nc2cc(C(=O)c3ccc(F)cc3)ccc2[nH]1,hansen,0,0,0,0,0,0,Train
6144,COc1cc(O)c2c(c1)C1=CC(O)C(O)CC1(C)OC2=O,hansen,0,0,0,0,0,0,External
6145,O=C1C=CC2=[N+]([O-])C(c3ccccc3)(c3ccccc3)/C(=N/c3ccccc3)C2=C1,hansen,0,0,0,0,0,0,Train
6146,Cc1ccc(O)c(O)c1,hansen,0,0,0,0,0,0,Train
6147,CO/N=C(\C(=O)NC1C(=O)N2C(C(=O)OCOC(=O)C(C)(C)C)=C(/C=C/c3scnc3C)CSC12)c1csc(N)n1,hansen,0,0,0,0,0,0,External
6148,CC(=N)S,hansen,0,0,0,0,0,0,External
6149,NNC(N)=O,hansen,0,0,0,0,0,0,Train
6150,C(=N/N1Cc2[nH]c3ccccc3c2N=N1)\c1ccc(Oc2ccccc2)cc1,hansen,0,0,0,0,0,0,Train
6151,CCCC[C@H](CC)COC(=O)c1cccc(C(=O)OC[C@@H](CC)CCCC)c1,hansen,0,0,0,0,0,0,Train
6152,COc1cc2c(cc1O)CC1c3c(cc(OC)c(O)c3-2)CC[N+]1(C)C,hansen,0,0,0,0,0,0,Train
6153,Cc1cc(C2(c3cc(C)c(O)cc3C)OS(=O)(=O)c3ccccc32)c(C)cc1O,hansen,0,0,0,0,0,0,Train
6154,O=C(O)c1ccc(O[PH]2(OC3=CCC(C(=O)O)C=C3)N[PH](Oc3ccc(C(=O)O)cc3)(Oc3ccc(C(=O)O)cc3)N[PH](Oc3ccc(C(=O)O)cc3)(Oc3ccc(C(=O)O)cc3)N2)cc1,hansen,0,0,0,0,0,0,Train
6155,CCCCCCCCCc1ccccc1C(CO)OS(=O)(=O)O,hansen,0,0,0,0,0,0,Train
6156,O=S(=O)(O)c1cc(S(=O)(=O)O)c2cc(O)ccc2c1,hansen,0,0,0,0,0,0,External
6157,CC[C@H]1CN2CCc3cc(OC)c(OC)cc3[C@H]2C[C@H]1C[C@H]1NCCc2cc(OC)c(OC)cc21,hansen,0,0,0,0,0,0,Train
6158,C[C@@H](O)CN(C[C@@H](C)O)C[C@@H](C)O,hansen,0,0,0,0,0,0,Train
6159,CCCC[C@@H](CC)COC(=O)c1ccccc1C(=O)O,hansen,0,0,0,0,0,0,External
6160,CCCCCCCCCCCCCCCCCC(=O)NCCCCC(NC(=O)CCC(NC(=O)C(C)NC(=O)C(C)OC(C(C=O)NC(C)=O)C(O)C(O)CO)C(N)=O)C(=O)O,hansen,0,0,0,0,0,0,Train
6161,Clc1ccc2c(c1)Oc1ccc(Cl)cc1O2,hansen,0,0,0,0,0,0,Train
6162,CCCCCCCOc1ccccc1NC(=O)OCCN1CCCCC1,hansen,0,0,0,0,0,0,Internal
6163,COc1ccccc1-c1ccccc1,hansen,0,0,0,0,0,0,External
6164,CN[PH]1(NC)N[PH](NC)(NC)N[PH](NC)(NC)N1,hansen,0,0,0,0,0,0,Internal
6165,CCOC(=O)Nc1cccc2c3c[nH]ccc-3nc12,hansen,0,0,0,0,0,0,External
6166,COc1cccc2c1cc1c3c(cc4c(c32)OCO4)C(=O)N1[C@@H]1O[C@H](CO)[C@@H](O)[C@H](O)[C@H]1O,hansen,0,0,0,0,0,0,Train
6167,CCOP(=S)(OCC)Oc1ccc(S(C)=O)cc1,hansen,0,0,0,0,0,0,Train
6168,Br[C@@H]1CC[C@H](Br)[C@H](Br)CC[C@@H](Br)[C@@H](Br)CC[C@H]1Br,hansen,0,0,0,0,0,0,Train
6169,CC(=O)Nc1cccc(N=Nc2cccc(NC(C)=O)c2C)c1C,hansen,0,0,0,0,0,0,Train
6170,CCCC[C@@H](CC)COCCC#N,hansen,0,0,0,0,0,0,Internal
6171,CC1(C)CC(C(=O)NCCCCCCCCCCCC(=O)O)C(C)(C)N1O,hansen,0,0,0,0,0,0,External
6172,Cc1oc(=O)oc1COC(=O)C1N2C(=O)C(NC(=O)C(N)c3ccccc3)C2SC1(C)C,hansen,0,0,0,0,0,0,Train
6173,CC1(C)OC1COc1c2ccoc2cc2oc(=O)ccc12,hansen,0,0,0,0,0,0,Train
6174,CCCCCC(C)(O)/C=C/C1C(O)CC(=O)C1C/C=C/CCCC(=O)O,hansen,0,0,0,0,0,0,Train
6175,CC1CN(N=O)CC(C)N1C(=O)c1ccccc1,hansen,0,0,0,0,0,0,Train
6176,CC[C@@H]1OC(=O)[C@H](C)[C@@H](O[C@H]2C[C@@](C)(OC)[C@@H](O)[C@@H](C)O2)[C@H](C)[C@@H](O[C@@H]2O[C@H](C)C[C@H](N(C)C)[C@H]2O)[C@](C)(O)C[C@@H](C)C(=O)[C@H](C)[C@@H](O)[C@]1(C)O,hansen,0,0,0,0,0,0,Train
6177,O=C1C2(Cl)C3(Cl)C4(Cl)C(Cl)(Cl)C5(Cl)C3(Cl)C1(Cl)C5(Cl)C24Cl,hansen,0,0,0,0,0,0,Train
6178,CCOC[C@@H](O)COc1ccc(NC(=O)CC[S+](C)C)cc1,hansen,0,0,0,0,0,0,Train
6179,C=CCCCC,hansen,0,0,0,0,0,0,Train
6180,CC/C=C/CC/C=C/C=O,hansen,0,0,0,0,0,0,Train
6181,OC1C=Cc2c(ccc3ncccc23)C1O,hansen,0,0,0,0,0,0,Internal
6182,CCN=[N+](C)[O-],hansen,0,0,0,0,0,0,Train
6183,O=C1Cc2cc3ccc([N+](=O)[O-])cc3cc2C(O)C1O,hansen,0,0,0,0,0,0,Train
6184,CCCCC/C=C\C=C/C=O,hansen,0,0,0,0,0,0,Train
6185,CCCCCCCC/C=C\CCCCCCCC(=O)OC,hansen,0,0,0,0,0,0,External
6186,CCCCCCCCS(=O)[C@H](C)Cc1ccc2c(c1)OCO2,hansen,0,0,0,0,0,0,Train
6187,O=C(O)C1OC(Oc2cccc3c2cc2ccc4cccc5ccc3c2c45)C(O)C(O)C1O,hansen,0,0,0,0,0,0,Train
6188,CCOC(=O)C[C@@H](SP(=O)(OC)OC)C(=O)OCC,hansen,0,0,0,0,0,0,Train
6189,O=C=NC1CCCCC1,hansen,0,0,0,0,0,0,External
6190,C1CCCC1,hansen,0,0,0,0,0,0,Train
6191,ClC(Cl)C(Cl)(Cl)Cl,hansen,0,0,0,0,0,0,Train
6192,N[C@H](Cc1ccc(F)cc1)C(=O)O,hansen,0,0,0,0,0,0,Train
6193,O=S(=O)(O)c1ccc(N=NNc2ccc(S(=O)(=O)O)cc2)cc1,hansen,0,0,0,0,0,0,Train
6194,NCC(=O)NCC(=O)NCC(=O)NCC(=O)O,hansen,0,0,0,0,0,0,Train
6195,Nc1nc2c(Cl)cccc2s1,hansen,0,0,0,0,0,0,Train
6196,C/C=C\C=C/C(=O)O,hansen,0,0,0,0,0,0,Train
6197,Sc1nc2ccccc2[nH]1,hansen,0,0,0,0,0,0,Train
6198,O=[N+]([O-])c1ccc(N/N=C(/N=Nc2ccc(I)cc2)c2ccccc2)cc1,hansen,0,0,0,0,0,0,Train
6199,[O-][n+]1cccc2c1C1OC1C=C2,hansen,0,0,0,0,0,0,Train
6200,ON1c2ccccc2/C(=N\c2ccccc2)C1(c1ccccc1)c1ccccc1,hansen,0,0,0,0,0,0,Train
6201,C[N+](C)(C)NCCC(=O)O,hansen,0,0,0,0,0,0,Train
6202,Cc1ccc(/N=C/N=C/N(C)c2ccc(C)cc2C)c(C)c1,hansen,0,0,0,0,0,0,Train
6203,COc1cc([N+](=O)[O-])ccc1N=N[C@H](C(C)=O)C(=O)Nc1ccccc1OC,hansen,0,0,0,0,0,0,Internal
6204,CC(C)(C)OOC(C)(C)c1cccc(C(C)(C)OOC(C)(C)C)c1,hansen,0,0,0,0,0,0,Train
6205,Nc1nc(O)nc2c1ncn2C1CC(O)C(CO)O1,hansen,0,0,0,0,0,0,Internal
6206,Oc1ncnc2ccccc12,hansen,0,0,0,0,0,0,Train
6207,N#CCC[C@](Br)(C#N)CBr,hansen,0,0,0,0,0,0,Train
6208,NCCCC[C@H](N[C@@H](CCc1ccccc1)C(=O)O)C(=O)N1CCC[C@H]1C(=O)O,hansen,0,0,0,0,0,0,Train
6209,Cc1ccccc1N=Nc1ccc(N(C)C)cc1,hansen,0,0,0,0,0,0,Train
6210,CCCC[C@H](CC)C(=O)O,hansen,0,0,0,0,0,0,Train
6211,Cc1ccc(OP(=O)(Oc2ccc(C)cc2C)Oc2ccc(C)cc2C)c(C)c1,hansen,0,0,0,0,0,0,External
6212,CCCCCCCCCCCCCOC(=O)C[N+](CC)(CC)CC,hansen,0,0,0,0,0,0,Train
6213,CC(O)C1C(=O)N2C(C(=O)O)=C(C3CCCO3)SC12,hansen,0,0,0,0,0,0,Train
6214,CC1(C)CCCC2(C)C1CCC1(C)C(C=O)C(C=O)=CCC12,hansen,0,0,0,0,0,0,External
6215,CN(C)CCN(Cc1ccc(O)cc1)c1ccccn1,hansen,0,0,0,0,0,0,Train
6216,CC1Cc2ccc(C(=O)NC(Cc3ccccc3)C(=O)O)c(O)c2C(=O)O1,hansen,0,0,0,0,0,0,External
6217,CCC(=O)/C=C/C1C(C)=CCCC1(C)C,hansen,0,0,0,0,0,0,External
6218,CCCCCOc1cccc(NC(=O)OC2CCCCC2N2CCCC2)c1,hansen,0,0,0,0,0,0,Train
6219,CCCN(CCC)CCC,hansen,0,0,0,0,0,0,Train
6220,CN(N=O)c1ccncc1,hansen,0,0,0,0,0,0,Train
6221,COC1=C[C@@H]2[C@@H]3Cc4ccc(OC)c(O)c4[C@]2(CCN3C)CC1=O,hansen,0,0,0,0,0,0,Internal
6222,CNC(=O)O/N=C\C(C)(C)SC,hansen,0,0,0,0,0,0,Train
6223,O=C(O)/C(Cl)=C(\CCl)C(=O)O,hansen,0,0,0,0,0,0,Train
6224,CC1(CO)C(O)CCC2(C)C1CCC1CC3CC12CCC3(O)CO,hansen,0,0,0,0,0,0,Train
6225,O=C(O)[C@@H]1[C@H](C(=O)O)[C@]2(Cl)C(Cl)=C(Cl)[C@@]1(Cl)C2(Cl)Cl,hansen,0,0,0,0,0,0,Train
6226,CNC(=O)N(O)C(=O)NC,hansen,0,0,0,0,0,0,External
6227,Nc1cc(S(=O)(=O)O)cc2cc(S(=O)(=O)O)c(N=Nc3ccccc3)c(O)c12,hansen,0,0,0,0,0,0,Train
6228,CCCCOC(=O)COc1cc(Cl)c(Cl)cc1Cl,hansen,0,0,0,0,0,0,Train
6229,CCCC(=O)Nc1ccc(OC[C@H](O)CNC(C)C)c(C(C)=O)c1,hansen,0,0,0,0,0,0,Train
6230,COc1ccc2c(c1OC)C(=O)O[C@@H]2[C@H]1c2cc3c(cc2CCN1C)OCO3,hansen,0,0,0,0,0,0,Train
6231,C/C(C(=O)O)=C(/Cl)C(=O)O,hansen,0,0,0,0,0,0,External
6232,C1=C\CCC2OC2CC/C=C/CC/1,hansen,0,0,0,0,0,0,Train
6233,CCCCCCCCCCCCCCCCCCCCCCCCCCCCO,hansen,0,0,0,0,0,0,Train
6234,CO/N=C(\C(=O)NC1C(=O)N2C(C(=O)O)=C(C[n+]3ccn4ncccc43)CSC12)c1nsc(N)n1,hansen,0,0,0,0,0,0,External
6235,CN(Cc1cnc2nc(N)nc(N)c2n1)c1c(Cl)cc(C(=O)N[C@@H](CCC(=O)O)C(=O)O)cc1Cl,hansen,0,0,0,0,0,0,Train
6236,Cc1nnc(O)nc1O,hansen,0,0,0,0,0,0,External
6237,O=CC(O)C(O)C(O)C(O)CO,hansen,0,0,0,0,0,0,Train
6238,O=NN(CC1(O)CCC(O)C(O)C1O)C(C(=O)O)C(=O)O,hansen,0,0,0,0,0,0,Train
6239,OC1c2ccccc2-c2cc3ccccc3c(Br)c2C1O,hansen,0,0,0,0,0,0,Train
6240,Nc1cc(-c2ccncc2)cnc1O,hansen,0,0,0,0,0,0,Train
6241,ClC1=C(Cl)[C@]2(Cl)[C@@H]3[C@@H]([C@@H]4C=C[C@H]3C4)[C@@]1(Cl)C2(Cl)Cl,hansen,0,0,0,0,0,0,External
6242,CC(=O)[C@@H](N=Nc1ccc(-c2ccc(N=N[C@H](C(C)=O)C(=O)Nc3ccccc3)c(Cl)c2)cc1Cl)C(=O)Nc1ccccc1,hansen,0,0,0,0,0,0,Internal
6243,C[C@@]12CCC3[C@@](CCC4[C@@]3(C)CCC[C@@]4(C)C(=O)O)(CC1=O)C2,hansen,0,0,0,0,0,0,External
6244,CC(=O)Nc1cccc(N=[N+]([O-])c2cccc(NC(C)=O)c2C)c1C,hansen,0,0,0,0,0,0,Train
6245,N#CCl,hansen,0,0,0,0,0,0,External
6246,CNC(=S)N(C)C,hansen,0,0,0,0,0,0,Internal
6247,Nc1nc(O)nc2c1ncn2C1OC(CO)C(O)C1O,hansen,0,0,0,0,0,0,Train
6248,CC(C)c1c(C(=O)Nc2ccccc2)c(-c2ccccc2)c(-c2ccc(F)cc2)n1CCC(O)CC(O)CC(=O)O,hansen,0,0,0,0,0,0,Internal
6249,COC(=O)C1=C(C)N=C(C)C(=C(O)OC)C1c1ccccc1[N+](=O)[O-],hansen,0,0,0,0,0,0,Train
6250,Nc1cc2c(O)c(N=Nc3ccc(N=Nc4ccc(S(=O)(=O)O)cc4)c4ccc(S(=O)(=O)O)cc34)c(S(=O)(=O)O)cc2cc1S(=O)(=O)O,hansen,0,0,0,0,0,0,Train
6251,C[CH-][N+](=O)[O-],hansen,0,0,0,0,0,0,Train
6252,O=[N+]([O-])C(Br)(CO)CO,hansen,0,0,0,0,0,0,Train
6253,CC[C@H](C)[C@@H]1NC(=O)[C@@H](CCCN=C(N)N)NC(=O)[C@H](CC(=O)O)NC(=O)[C@@H](CCSC)NC(=O)[C@H](CCCN=C(N)N)NC(=O)CNC(=O)CNC(=O)[C@H](Cc2ccccc2)NC(=O)[C@@H](NC(=O)[C@H](CO)NC(=O)[C@@H](CO)NC(=O)[C@H](CCCN=C(N)N)NC(=O)[C@@H](CCCN=C(N)N)NC(=O)[C@H](CC(C)C)NC(=O)[C@@H](N)CO)CSSC[C@H](C(=O)N[C@@H](CC(N)=O)C(=O)N[C@@H](CO)C(=O)N[C@H](Cc2ccccc2)C(=O)N[C@@H](CCCN=C(N)N)C(=O)N[C@@H](Cc2ccc(O)cc2)C(=O)O)NC(=O)CNC(=O)[C@H](CC(C)C)NC(=O)CNC(=O)[C@H](CO)NC(=O)[C@@H](CCC(N)=O)NC(=O)[C@@H](C)NC(=O)CNC1=O,hansen,0,0,0,0,0,0,Train
6254,C[C@@H](CCN(C)C)N(C)C,hansen,0,0,0,0,0,0,Train
6255,Oc1c2nc3ccccc3c-2nnn1/N=C/c1ccc(-c2ccccc2)cc1,hansen,0,0,0,0,0,0,External
6256,O=C1CCCCCO1,hansen,0,0,0,0,0,0,External
6257,NC(=S)Nc1ccccc1,hansen,0,0,0,0,0,0,Train
6258,Cc1cccc(C)c1Nc1cc(Cl)nc(SCC(=O)NCCO)n1,hansen,0,0,0,0,0,0,Train
6259,CC[C@@H]([C@@H](C)O)[N+](=O)[O-],hansen,0,0,0,0,0,0,External
6260,CNC1C(O)C(OC2C(NC(=O)C(O)CN)CC(N)C(OC3CC(CN)C(O)C(O)C3O)C2O)CCC1(C)O,hansen,0,0,0,0,0,0,Train
6261,CCc1ccc(C)nc1,hansen,0,0,0,0,0,0,Train
6262,COc1c(Cl)cc2c(c1OC)N(C)C1N3C(=O)C4(C)SSC3(C(=O)N4C)C(O)C21O,hansen,0,0,0,0,0,0,Train
6263,Nc1nnc(S)s1,hansen,0,0,0,0,0,0,Train
6264,Cn1ccnc1S,hansen,0,0,0,0,0,0,Train
6265,OCC#CCO,hansen,0,0,0,0,0,0,Train
6266,Cc1ccc(NCC2(O)OCC(O)C(O)C2O)cc1,hansen,0,0,0,0,0,0,Train
6267,O=C(O)c1cc(O)nc(O)n1,hansen,0,0,0,0,0,0,Train
6268,CCN=[N+]([O-])CC,hansen,0,0,0,0,0,0,External
6269,C=CCc1cc(OC)c2c(c1)OCO2,hansen,0,0,0,0,0,0,Train
6270,C[C@@H]1CC[C@H]2[C@@H](C)[C@H]3[C@@H](C[C@H]4[C@H]5CC=C6C[C@@H](O[C@@H]7O[C@H](CO)[C@@H](O[C@H]8O[C@@H](C)[C@H](O)[C@@H](O)[C@H]8O[C@H]8O[C@@H](C)[C@H](O)[C@@H](O)[C@H]8O)[C@H](O)[C@H]7O)CC[C@]6(C)[C@@H]5CC[C@]34C)N2C1,hansen,0,0,0,0,0,0,Train
6271,C/C=C/C[C@@H](C)[C@@H](O)[C@H]1C(=O)N[C@@H](CC)C(=O)N(C)CC(=O)N(C)[C@@H](CC(C)C)C(=O)N[C@@H](C(C)C)C(=O)N(C)[C@@H](CC(C)C)C(=O)N[C@@H](C)C(=O)N[C@H](C)C(=O)N(C)[C@@H](CC(C)C)C(=O)N(C)[C@@H](CC(C)C)C(=O)N(C)[C@@H](C(C)C)C(=O)N1C,hansen,0,0,0,0,0,0,Train
6272,CC1(Cn2ccnn2)C(C(=O)O)N2C(=O)CC2S1(=O)=O,hansen,0,0,0,0,0,0,External
6273,CSCCC(NC(=O)C(N)Cc1c[nH]c2ccccc12)C(=O)NC(CC(=O)O)C(=O)NC(Cc1ccccc1)C(N)=O,hansen,0,0,0,0,0,0,Internal
6274,CCC1(CC(=O)O)OCCc2c1[nH]c1c(C(C)O)cccc21,hansen,0,0,0,0,0,0,Train
6275,C#CC1(O)CCC2C3CCc4cc(O)ccc4C3CCC21C,hansen,0,0,0,0,0,0,Train
6276,C=C1C(=O)OC2C1CCC(C)C1C=CC(=O)C12C,hansen,0,0,0,0,0,0,External
6277,COC(=O)C(N)Cc1ccc(Cl)cc1,hansen,0,0,0,0,0,0,External
6278,O=C(O)CC(NC(=O)COc1cc(Cl)c(Cl)cc1Cl)C(=O)O,hansen,0,0,0,0,0,0,Train
6279,Oc1cc(O)ncn1,hansen,0,0,0,0,0,0,Train
6280,O=[N+]([O-])c1cccc(I)c1,hansen,0,0,0,0,0,0,Internal
6281,O=C1C(c2[nH]c3ccc(S(=O)(=O)O)cc3c2O)=Nc2ccc(S(=O)(=O)O)cc21,hansen,0,0,0,0,0,0,Train
6282,Cc1c(N)cccc1Cl,hansen,0,0,0,0,0,0,Internal
6283,CCCC(C)=O,hansen,0,0,0,0,0,0,Train
6284,C=C(C)C1CCC2(C)OC2C1,hansen,0,0,0,0,0,0,External
6285,C/C=C/c1ccc2c(c1)OCO2,hansen,0,0,0,0,0,0,External
6286,OC1C=Cc2ccc3ncccc3c2C1O,hansen,0,0,0,0,0,0,Train
6287,O=[N+]([O-])c1c(Cl)cc(Cl)cc1Cl,hansen,0,0,0,0,0,0,Train
6288,CCCCCCCCCCCCCN1CC(C)OC(C)C1,hansen,0,0,0,0,0,0,External
6289,O=S(=O)(O)c1ccc(N=Nc2c(O)ccc3ccccc23)cc1,hansen,0,0,0,0,0,0,External
6290,CCCC[C@@H](CC)COC(=O)c1ccccc1C(=O)OC[C@H](CC)CCCC,hansen,0,0,0,0,0,0,Train
6291,OC1=C(O)C23CCCCC2(O3)c2cc3ccc4ccccc4c3nc21,hansen,0,0,0,0,0,0,External
6292,CC(C)(N)[C@H]1CC[C@@](C)(N)CC1,hansen,0,0,0,0,0,0,Train
6293,NC1(C(=O)O)CCCC1,hansen,0,0,0,0,0,0,Train
6294,C=C1C(=O)OC2CCN3CC=C(COC(=O)C(C)(O)C(C)C1C)C23,hansen,0,0,0,0,0,0,Train
6295,Cc1cc(N(CCO)CCO)ccc1N=Nc1ccc(N)cc1,hansen,0,0,0,0,0,0,External
6296,CC(=O)CC(=O)/C=C/C(=O)O,hansen,0,0,0,0,0,0,External
6297,CCCCNC(=O)NS(=O)(=O)c1ccc(C)cc1,hansen,0,0,0,0,0,0,Train
6298,CCC(C)C1NC(=O)C(C(C)=O)=C1O,hansen,0,0,0,0,0,0,External
6299,CC[C@H](CO)NCCN[C@H](CC)CO,hansen,0,0,0,0,0,0,Internal
6300,COc1cc(OC)c2cc([N+](=O)[O-])c3c(C(=O)O)cc4c(c3c2c1)OCO4,hansen,0,0,0,0,0,0,Train
6301,Oc1nc(Cl)nc(Cl)n1,hansen,0,0,0,0,0,0,Train
6302,Nc1ccc2c(-c3ccccc3C(=O)O)c3ccc(N)cc3[o+]c2c1,hansen,0,0,0,0,0,0,Train
6303,CSCC(NC(=O)C(C)(C)SC)C(=O)O,hansen,0,0,0,0,0,0,Train
6304,CC(=O)O[C@@H]1C(=O)[C@@]2(C)[C@H]([C@H](OC(=O)c3ccccc3)[C@@]3(O)C[C@H](OC(=O)[C@H](O)[C@@H](NC(=O)c4ccccc4)c4ccccc4)C(C)=C1C3(C)C)[C@]1(OC(C)=O)CO[C@@H]1C[C@@H]2O,hansen,0,0,0,0,0,0,External
6305,COc1cc2c(c(OC)c1OC)-c1ccc(OC)c(=O)cc1[C@H](NC(C)=O)CC2,hansen,0,0,0,0,0,0,Train
6306,O=S(=O)(O)c1ccc(N=Nc2ccc(O)c3ccccc23)cc1,hansen,0,0,0,0,0,0,Train
6307,O=C1c2ccccc2C(=O)c2c1ccc1nc3c(ccc4c(O)c5ccccc5c(O)c43)nc21,hansen,0,0,0,0,0,0,Train
6308,Cc1ccc(C(=O)O)cc1,hansen,0,0,0,0,0,0,Internal
6309,C=C1CC23CCC4C(C)(C(=O)OC5OC(CO)C(O)C(O)C5O)CCCC4(C)C2CCC1(OC1OC(CO)C(O)C(O)C1OC1OC(C)C(O)C(O)C1O)C3,hansen,0,0,0,0,0,0,External
6310,CN(C)CCN1C=CN(C)C1/C=N/O,hansen,0,0,0,0,0,0,Train
6311,COCC1CN(c2ccc3nc(C(O)CCC#N)sc3c2)C(=O)O1,hansen,0,0,0,0,0,0,Train
6312,CNC(=O)ON(C(=O)NC)C(=O)NC,hansen,0,0,0,0,0,0,Train
6313,O=S(=O)(O)c1c(N=Nc2c(O)ccc3ccccc23)ccc2ccccc12,hansen,0,0,0,0,0,0,Train
6314,CCCCCCCC/C=C/CCCCCCCC(=O)OCCOCC1(OCCOC)OCC(OCCOC)C1OCCOC,hansen,0,0,0,0,0,0,External
6315,COc1cc(Oc2ccc(Cl)cc2Cl)cc([N+](=O)[O-])c1,hansen,0,0,0,0,0,0,Internal
6316,CCOC(=O)[C@@H]1O[C@H]1c1ccccc1,hansen,0,0,0,0,0,0,Train
6317,CN1CCN(c2ccc3[nH]c(-c4ccc5[nH]c(-c6ccc(N(CCCl)CCCl)cc6)nc5c4)nc3c2)CC1,hansen,0,0,0,0,0,0,External
6318,CCC(Br)(CC)C(=O)NC(N)=O,hansen,0,0,0,0,0,0,Train
6319,C=Cc1ccc(C)cc1,hansen,0,0,0,0,0,0,Internal
6320,CC(=O)OC1C2CC(C)(C)CC2=C(C=O)C2(C=O)CC12C,hansen,0,0,0,0,0,0,External
6321,Oc1cccc2c1ccc1nc3ccc4ccccc4c3cc12,hansen,0,0,0,0,0,0,Train
6322,CCCC[C@@H](CC)COP(OC[C@H](CC)CCCC)OC[C@H](CC)CCCC,hansen,0,0,0,0,0,0,Train
6323,CC(C)c1ccc(OP(=O)(Oc2ccccc2)Oc2ccccc2)cc1,hansen,0,0,0,0,0,0,Train
6324,OCCN(CCO)c1ccc(N=Nc2cccnc2)cc1,hansen,0,0,0,0,0,0,Train
6325,CC(=O)OC1C(O)C(C)OC(OC2C(OC(=O)C3CCC4C(C3)OC3(CC(OC(=O)/C=C/c5ccccc5)C(C)CO3)C43CO3)OC(C)C(O)C2OC(C)=O)C1O,hansen,0,0,0,0,0,0,External
6326,CC(C)C1(NC(=O)C2CC3c4cccc5[nH]cc(c45)CC3N(C)C2)OC2(O)C3CCCN3C(=O)C(Cc3ccccc3)N2C1=O,hansen,0,0,0,0,0,0,Train
6327,CC[C@H](O)CN,hansen,0,0,0,0,0,0,Train
6328,Cc1c(C)c2c(c(C)c1O)CCC(C)(CCCC(C)CCCC(C)CCCC(C)C)O2,hansen,0,0,0,0,0,0,Train
6329,C=C1C(=O)OC2CC3(C)C(CCC(C)=O)C3CC12,hansen,0,0,0,0,0,0,External
6330,N=C(N)c1ccc(-c2cc3ccc(C(=N)N)cc3[nH]2)cc1,hansen,0,0,0,0,0,0,External
6331,CC(=O)Nc1ccc2[nH]c3c(C)c4ccncc4c(C)c3c2c1,hansen,0,0,0,0,0,0,Train
6332,CC(=O)OC1(C(C)=O)CCC2C3C4CC4(Cl)C4=CC(=O)C5CC5C4(C)C3CCC21C,hansen,0,0,0,0,0,0,Train
6333,CN1CC[C@@H](CN2c3ccccc3Sc3ccccc32)C1,hansen,0,0,0,0,0,0,External
6334,CCCCCCCCCCCC(C)=O,hansen,0,0,0,0,0,0,Internal
6335,OC1C=Cc2c(ccc3cc4c5c(ccc4cc23)C(O)C(O)C=C5)C1O,hansen,0,0,0,0,0,0,Train
6336,COC(=O)/C(C)=C/C=C/C(C)=C/C=C/C=C(C)/C=C/C=C(C)/C=C/C1=C(C)CCCC1(C)C,hansen,0,0,0,0,0,0,External
6337,C#CC1(OC(C)=O)CCC2C3CCC4=CC(=O)CCC4(C)C3CCC21C,hansen,0,0,0,0,0,0,Train
6338,C[C@H]1C[C@@H](OC(=O)c2ccccc2O)CC(C)(C)C1,hansen,0,0,0,0,0,0,Train
6339,CCC[C@](C)(COC(N)=O)COC(=O)NC(C)C,hansen,0,0,0,0,0,0,Train
6340,O=c1oc2cc(-n3nc4ccc5ccccc5c4n3)ccc2cc1-c1ccccc1,hansen,0,0,0,0,0,0,Train
6341,O=C(COc1ccc(Cl)cc1Cl)NC(Cc1c[nH]c2ccccc12)C(=O)O,hansen,0,0,0,0,0,0,Train
6342,C/C=C1\CC(C)C(C)(O)C(=O)OCC2=CCN3CCC(OC1=O)C23,hansen,0,0,0,0,0,0,Train
6343,CCN(CCCl)c1ccc(-c2nc3cc(-c4nc5cc(N6CCN(C)CC6)ccc5[nH]4)ccc3[nH]2)cc1,hansen,0,0,0,0,0,0,Train
6344,COc1cc2c(c3oc(=O)c4c(c13)CCC4=O)C1(C)C3OC3OC1(C)O2,hansen,0,0,0,0,0,0,Internal
6345,CCCC[C@@H](CC)COC(=O)c1ccc(C(=O)OC[C@H](CC)CCCC)c(C(=O)OC[C@H](CC)CCCC)c1,hansen,0,0,0,0,0,0,Train
6346,CC1OC(OC2C(OC3C(OC4CCC5(C)C(CCC6(C)C5CC=C5C7CC(C)(C)CC(O)C7(C)CCC56C)C4(C)CO)OC(C(=O)O)C(O)C3O)OC(CO)C(O)C2O)C(O)C(O)C1O,hansen,0,0,0,0,0,0,Internal
6347,CCOC(=O)[C@H](C)O,hansen,0,0,0,0,0,0,Train
6348,CCN=c1cc2oc3cc(NCC)c(C)cc3c(-c3ccccc3C(=O)OCC)c-2cc1C,hansen,0,0,0,0,0,0,Train
6349,CC(Cl)C(=O)O,hansen,0,0,0,0,0,0,Internal
6350,CCCC[C@@H](CC)CNC[C@H](CC)CCCC,hansen,0,0,0,0,0,0,Train
6351,CCOC(=O)[C@@H]1O[C@]1(C)c1ccccc1,hansen,0,0,0,0,0,0,Train
6352,CCCCCCCCCCCCOCCOCCOCCOCCOCCOCCOCCO,hansen,0,0,0,0,0,0,Train
6353,Nc1nc2ncnc-2c[nH]1,hansen,0,0,0,0,0,0,Train
6354,O=[N+]([O-])O[C@@H]1CO[C@H]2[C@@H]1OC[C@H]2O,hansen,0,0,0,0,0,0,Train
6355,COC1=CC(=O)C[C@@H](C)[C@]12Oc1c(Cl)c(OC)cc(OC)c1C2=O,hansen,0,0,0,0,0,0,Train
6356,CCC[C@@H](C)C[C@@H](OC(=O)C[C@@H](CC(=O)O)C(=O)O)[C@@H](C[C@H](C)CCCCCC[C@H](O)C[C@H](O)[C@@H](C)N)OC(=O)C[C@@H](CC(=O)O)C(=O)O,hansen,0,0,0,0,0,0,Train
6357,O=C(O)CO,hansen,0,0,0,0,0,0,Train
6358,COc1cc(-c2ccc(N=Nc3cc(S(=O)(=O)O)c4ccccc4c3O)c(OC)c2)ccc1N=Nc1cc(S(=O)(=O)O)c2ccccc2c1O,hansen,0,0,0,0,0,0,Train
6359,O=C(O)c1cc(O)c2c(c1)C(=O)c1cc(O)cc(O)c1C2=O,hansen,0,0,0,0,0,0,Train
6360,COc1ccc(CNCC(O)COc2ccc3nc(O)ccc3c2)cc1OC,hansen,0,0,0,0,0,0,Train
6361,CCC(Cl)CC(Cl)CC(C)Cl,hansen,0,0,0,0,0,0,External
6362,O=C1CCC(C(=O)N2CSCC2C(=O)O)N1,hansen,0,0,0,0,0,0,Internal
6363,COc1cc(C2c3cc4c(cc3C(OC3OC5COC(C)OC5C(O)C3O)C3COC(=O)C23)OCO4)cc(OC)c1O,hansen,0,0,0,0,0,0,Train
6364,O=C(O)/C=C(/CC(=O)O)C(=O)O,hansen,0,0,0,0,0,0,Train
6365,OC1C=Cc2cccnc2C1O,hansen,0,0,0,0,0,0,Train
6366,CC(CC=O)c1ccc(C(C)(C)C)cc1,hansen,0,0,0,0,0,0,Train
6367,COC(=O)CCCCC(=O)OC,hansen,0,0,0,0,0,0,Train
6368,CCCCCCCCCCCCCCCCCCOC(=O)CCc1cc(C(C)(C)C)c(O)c(C(C)(C)C)c1,hansen,0,0,0,0,0,0,Train
6369,CC1(C(Cl)Cl)C2C(Cl)C(Cl)C1(C(Cl)Cl)C(Cl)C2Cl,hansen,0,0,0,0,0,0,Train
6370,C=C1CC23CCC4C(C)(C(=O)O)CCCC4(C)C2CCC1C3,hansen,0,0,0,0,0,0,Train
6371,CCCC[C@@H](CC)COCCCN,hansen,0,0,0,0,0,0,Train
6372,Nc1cc(S(=O)(=O)O)c2cccc(S(=O)(=O)O)c2c1,hansen,0,0,0,0,0,0,External
6373,O=C(O)CCC(=O)O,hansen,0,0,0,0,0,0,Train
6374,CCNCC#CC(C)(C)OC(=O)C(O)(c1ccccc1)C1CCCCC1,hansen,0,0,0,0,0,0,External
6375,Brc1ccc2c(c1)C=CC1CCCCC21,hansen,0,0,0,0,0,0,External
6376,COC(=O)[C@@H](c1ccccc1)[C@H]1CCCCN1,hansen,0,0,0,0,0,0,External
6377,Cc1nc(O)c(C#N)cc1-c1ccncc1,hansen,0,0,0,0,0,0,Train
6378,Clc1c(Cl)c(Cl)c2c(Cl)c(Cl)c(Cl)c(Cl)c2c1Cl,hansen,0,0,0,0,0,0,Train
6379,CC[C@@H](C)[C@H](C)CO,hansen,0,0,0,0,0,0,Train
6380,[O-][n+]1cccc2c1C=CC1OC21,hansen,0,0,0,0,0,0,Train
6381,NC(=O)C1CCCN1C(=O)C(Cc1c[nH]cn1)NC(=O)C1CCC(=O)N1,hansen,0,0,0,0,0,0,Train
6382,C[C@H](CCc1ccccc1)c1ccccc1,hansen,0,0,0,0,0,0,Train
6383,COP(=O)(O)O,hansen,0,0,0,0,0,0,Train
6384,O=C1Cc2cc3cc([N+](=O)[O-])ccc3cc2C(O)C1O,hansen,0,0,0,0,0,0,Train
6385,CN1Cc2c(N)cccc2[C@H](c2ccccc2)C1,hansen,0,0,0,0,0,0,Internal
6386,O=C(O)CC(NC(=O)COc1ccc(Cl)cc1Cl)C(=O)O,hansen,0,0,0,0,0,0,Internal
6387,CNC=O,hansen,0,0,0,0,0,0,Train
6388,Nc1nc(=O)n(C2CC(O)C(CO)O2)cc1O,hansen,0,0,0,0,0,0,External
6389,COC(O)=C1C(C)=NC(C)=C(C(=O)OCC(C)=O)[C@@H]1c1ccccc1[N+](=O)[O-],hansen,0,0,0,0,0,0,External
6390,N/C(=N\OC1OC(C(=O)O)C(O)C(O)C1O)c1ccccc1,hansen,0,0,0,0,0,0,Train
6391,CN/C(=C/[N+](=O)[O-])NCCSCc1ccc(CN(C)C)o1,hansen,0,0,0,0,0,0,External
6392,Oc1[nH]cnc2nncc1-2,hansen,0,0,0,0,0,0,Train
6393,CCOC(/C=C(/C)CCC=C(C)C)OCC,hansen,0,0,0,0,0,0,Internal
6394,CCCc1ccc2c(c1)OCO2,hansen,0,0,0,0,0,0,Train
6395,CC(C)n1c(/C=C/[C@H](O)C[C@@H](O)CC(=O)O)c(-c2ccc(F)cc2)c2ccccc21,hansen,0,0,0,0,0,0,Train
6396,CC(=O)C1=CCC2C3=CCC4=CC(O)C(O)CC4(C)C3CC(O)C12C,hansen,0,0,0,0,0,0,External
6397,CC(C)(C)NC(=O)SCC(NC(=O)CCC(N)C(=O)O)C(=O)NCC(=O)O,hansen,0,0,0,0,0,0,Train
6398,CC(=O)Nc1ccc(C(=O)O)cc1,hansen,0,0,0,0,0,0,Train
6399,Cc1c2oc3c(C)ccc(C(=O)N[C@@H]4C(=O)N[C@@H](C(C)C)C(=O)N5CCC[C@H]5C(=O)N(C)CC(=O)N(C)[C@H](C(C)C)C(=O)O[C@@H]4C)c3nc-2c(C(=O)N[C@@H]2C(=O)N[C@@H](C(C)C)C(=O)N3CCC[C@H]3C(=O)N(C)CC(=O)N(C)[C@@H](C(C)C)C(=O)O[C@H]2C)c(N)c1=O,hansen,0,0,0,0,0,0,Train
6400,CC[C@@H](CO)[N+](=O)[O-],hansen,0,0,0,0,0,0,External
6401,O=C(O)c1cc(=O)c2c(OCC(O)COc3cccc4oc(C(=O)O)cc(=O)c34)cccc2o1,hansen,0,0,0,0,0,0,External
6402,O=C(O)Cc1ccccc1Nc1c(Cl)cccc1Cl,hansen,0,0,0,0,0,0,Internal
6403,CC(=O)C1(C)OC12C(=O)C=Cc1ccccc12,hansen,0,0,0,0,0,0,Train
6404,CC1(C)S[C@@H]2[C@@H](NC(=O)Cc3ccccc3)C(=O)N2[C@H]1C(=O)O,hansen,0,0,0,0,0,0,Train
6405,CCCCCC[C@H](O)C/C=C\CCCCCCCC(=O)O,hansen,0,0,0,0,0,0,Train
6406,O=P(O)(O)OCC(O)CO,hansen,0,0,0,0,0,0,Train
6407,O=C(OCC1OC(OC(=O)c2cc(O)c(OC(=O)c3cc(O)c(O)c(O)c3)c(O)c2)C(OC(=O)c2cc(O)c(O)c(O)c2)C(OC(=O)c2cc(O)c(O)c(O)c2)C1OC(=O)c1cc(O)c(O)c(O)c1)c1cc(O)c(O)c(O)c1,hansen,0,0,0,0,0,0,Train
6408,CC(C)OC(=O)C[C@@](O)(CC(=O)O)C(=O)O,hansen,0,0,0,0,0,0,Train
6409,O=C1C(O)=C(O)O[C@@H]1[C@@H](O)CO,hansen,0,0,0,0,0,0,Train
6410,[O-][n+]1cccc2cccc(O)c21,hansen,0,0,0,0,0,0,Train
6411,CC1CC23CCC4C(C)(C(=O)O)CCCC4(C)C2CCC1(O)C3,hansen,0,0,0,0,0,0,Train
6412,NC(CSC(F)(F)C(F)(F)C(F)F)C(=O)O,hansen,0,0,0,0,0,0,Train
6413,COP(=O)(OC)O/C(C)=C\C(=O)O[C@@H](C)c1ccccc1,hansen,0,0,0,0,0,0,Train
6414,CCCC[C@@H](CC)COP(=O)(Oc1ccccc1)Oc1ccccc1,hansen,0,0,0,0,0,0,External
6415,CC(Cc1ccc(O)c(O)c1)C(C)Cc1ccc(O)c(O)c1,hansen,0,0,0,0,0,0,Train
6416,COC(=O)Nc1nc2cc(O)ccc2[nH]1,hansen,0,0,0,0,0,0,External
6417,CCN(CC)c1ccc(N=Nc2ccccc2)cc1,hansen,0,0,0,0,0,0,Train
6418,CCOCCOC(=O)/C=C\c1ccc(OC)cc1,hansen,0,0,0,0,0,0,Train
6419,N[C@H](Cc1c[nH]c2ccccc12)C(=O)O,hansen,0,0,0,0,0,0,External
6420,CC1(C)CCCC2(C)C(C=O)C(C=O)=CCC12,hansen,0,0,0,0,0,0,Train
6421,Cc1ccc2nc3c(c(C)c2c1)C(O)C(O)c1ccccc1-3,hansen,0,0,0,0,0,0,External
6422,NC(CSc1c(Cl)c(Cl)c(Cl)c(Cl)c1Cl)C(=O)O,hansen,0,0,0,0,0,0,Train
6423,CCCCCCCCCCCCCCCCCC(=O)OCC(O)CO,hansen,0,0,0,0,0,0,Train
6424,OC/C=C/c1ccccc1,hansen,0,0,0,0,0,0,Internal
6425,CC(C)(C)NCC(O)COc1cccc2c1CC(O)C(O)C2,hansen,0,0,0,0,0,0,External
6426,CN[N+](=O)[O-],hansen,0,0,0,0,0,0,Train
6427,CC(C)=CCC1CCCC1=O,hansen,0,0,0,0,0,0,Train
6428,CC(=O)OC1CC2C3(C)CCCC(C)(C)C3CCC2(C)C2CC=C(C=O)C(C=O)C12C,hansen,0,0,0,0,0,0,Internal
6429,Cc1ccc(N=Nc2c(O)ccc3ccccc23)cc1,hansen,0,0,0,0,0,0,Train
6430,Oc1cc2c(cc1O)[C@H]1c3ccc(O)c(O)c3OC[C@]1(O)C2,hansen,0,0,0,0,0,0,Train
6431,CC(=O)Nc1ccc(OCC(O)CNC(C)C)cc1,hansen,0,0,0,0,0,0,Internal
6432,CC1CCC2C(C)C3C(CC4C5CC=C6CC(O)CCC6(C)C5CCC43C)N2C1,hansen,0,0,0,0,0,0,Train
6433,C[Si](C)(C)O[Si](C)(O[Si](C)(C)C)O[Si](C)(C)C,hansen,0,0,0,0,0,0,Internal
6434,CC(=O)OCC12CCC(C)=CC1OC1C(O)C(OC(C)=O)C2(C)C12CO2,hansen,0,0,0,0,0,0,Train
6435,CC1(C)S[C@@H]2[C@@H](NC(=O)[C@@H](N)c3ccccc3)C(=O)N2[C@H]1C(=O)O,hansen,0,0,0,0,0,0,Train
6436,CC1(C)O[C@]2(C)CC[C@H]1CC2,hansen,0,0,0,0,0,0,External
6437,C1=C[C@H]2[C@@H](C1)[C@@H]1C=C[C@H]2C1,hansen,0,0,0,0,0,0,Train
6438,COC1(CCC(C)COC2OC(CO)C(O)C(O)C2O)OC2CC3C4CC=C5CC(OC6OC(CO)C(OC7OC(C)C(O)C(O)C7O)C(O)C6OC6OC(C)C(O)C(O)C6O)CCC5(C)C4CCC3(C)C2C1C,hansen,0,0,0,0,0,0,Train
6439,C=C1C[C@]23C[C@@]1(O)CC[C@@H]2[C@@]12C=C[C@H](O)[C@@](C)(C(=O)O1)[C@H]2[C@@H]3C(=O)O,hansen,0,0,0,0,0,0,Train
6440,CCC1=C(CC2NCCc3cc(OC)c(OC)cc32)CC2c3cc(OC)c(OC)cc3CCN2C1,hansen,0,0,0,0,0,0,External
6441,C=CCOC(=O)CCCCCCCC,hansen,0,0,0,0,0,0,Train
6442,C=C(C)C(=O)N[N+](C)(C)C[C@@H](C)O,hansen,0,0,0,0,0,0,Internal
6443,CCC(CCOCN1C=CN(C)C1/C=N/O)[N+](=O)[O-],hansen,0,0,0,0,0,0,Train
6444,CN(C)CCN(Cc1ccsc1)c1ccccn1,hansen,0,0,0,0,0,0,Train
6445,Clc1ccc(Br)cc1,hansen,0,0,0,0,0,0,Internal
6446,N#C/C=C\C#N,hansen,0,0,0,0,0,0,Train
6447,O=C(c1ccc(Br)cc1)C1OC1c1ccccc1,hansen,0,0,0,0,0,0,Train
6448,CCCCC[C@@H](CC)OC(=O)c1cccc(C(=O)O[C@H](CC)CCCCC)c1,hansen,0,0,0,0,0,0,Train
6449,CC1(C)CC(C(=O)O)C(C)(C)N1O,hansen,0,0,0,0,0,0,External
6450,OCCN(CCO)c1ccc(N=Nc2ccc(N(CCO)CCO)nc2)cc1,hansen,0,0,0,0,0,0,Train
6451,CC(C)CCCCCOC(=O)c1ccccc1C(=O)OCCCCCC(C)C,hansen,0,0,0,0,0,0,Train
6452,CC(C)NC[C@@H](O)COc1cccc2ccccc12,hansen,0,0,0,0,0,0,Train
6453,C[C@@H]1CC2C3CCC4=CC(=O)C=C[C@]4(C)[C@@]3(F)[C@@H](O)C[C@]2(C)[C@@]1(O)C(=O)CO,hansen,0,0,0,0,0,0,Train
6454,Oc1nc2ccccc2n1C1CCN(CCCC(c2ccc(F)cc2)c2ccc(F)cc2)CC1,hansen,0,0,0,0,0,0,Train
6455,CC(=O)/C(C)=N\O,hansen,0,0,0,0,0,0,Internal
6456,CC(/C=C(\C#N)c1ccc(F)cc1)C(c1ccccc1)C(C#N)c1ccc(F)cc1,hansen,0,0,0,0,0,0,Train
6457,C1CCCCC1,hansen,0,0,0,0,0,0,Internal
6458,CN(C)CCO[C@@](C)(c1ccccc1)c1ccccn1,hansen,0,0,0,0,0,0,External
6459,C=C[C@](C)(CCC=C(C)C)OC(=O)c1ccccc1N,hansen,0,0,0,0,0,0,Train
6460,C[C@@H](O)COC[C@@H](C)O,hansen,0,0,0,0,0,0,Internal
6461,C[C@@H](N)CN,hansen,0,0,0,0,0,0,Train
6462,OC1C=Cc2cc3c(ccc4ccccc43)c(Br)c2C1O,hansen,0,0,0,0,0,0,External
6463,CCN(Cc1cccc(S(=O)(=O)O)c1)c1ccc(C(=C2C=CC(=[N+](CC)Cc3cccc(S(=O)(=O)O)c3)C=C2)c2ccc(O)cc2S(=O)(=O)O)cc1,hansen,0,0,0,0,0,0,Train
6464,Cc1ccc(Cl)cc1N,hansen,0,0,0,0,0,0,Train
6465,[O-][N+](=Nc1ccc2c(c1)Cc1ccccc1-2)c1ccc2c(c1)Cc1ccccc1-2,hansen,0,0,0,0,0,0,External
6466,CC(=O)c1c(O)cc(C)oc1=O,hansen,0,0,0,0,0,0,Train
6467,CC(C)C[C@@H](C)Nc1ccc(Nc2ccccc2)cc1,hansen,0,0,0,0,0,0,Train
6468,COc1cc(C2OCC3C(c4cc(OC)c(OC)c(OC)c4)OCC23)cc(OC)c1OC,hansen,0,0,0,0,0,0,Train
6469,O=C(O)Cc1c[nH]c2ccc(O)cc12,hansen,0,0,0,0,0,0,Train
6470,O=C(O)C1OC(Oc2c3ccccc3c3ccc4cccc5ccc2c3c54)C(O)C(O)C1O,hansen,0,0,0,0,0,0,External
6471,CCCC(CCC)C(=O)O,hansen,0,0,0,0,0,0,Train
6472,CCSCCOP(=S)(OC)OC,hansen,0,0,0,0,0,0,Internal
6473,CCNC(=S)NCC,hansen,0,0,0,0,0,0,Train
6474,CCCC[C@@H](CC)CO,hansen,0,0,0,0,0,0,Train
6475,Oc1ccc(O[PH]2(Oc3ccc(O)cc3)N[PH](Oc3ccc(O)cc3)(Oc3ccc(O)cc3)N[PH](Oc3ccc(O)cc3)(Oc3ccc(O)cc3)N2)cc1,hansen,0,0,0,0,0,0,Train
6476,CCOC1=CC(c2ccccc2)(c2ccccc2)N(O)c2ccccc21,hansen,0,0,0,0,0,0,External
6477,Oc1c(Cl)cccc1Cl,hansen,0,0,0,0,0,0,Train
6478,CCc1ccc2c3c(cccc13)-c1ccccc1-2,hansen,0,0,0,0,0,0,Train
6479,O=C1NC(=O)[C@@H]2CC=CC[C@H]12,hansen,0,0,0,0,0,0,Train
6480,CN1CCC[C@@H]1c1cccnc1,hansen,0,0,0,0,0,0,Train
6481,C(=N/c1snc2ccccc12)\c1ccccc1,hansen,0,0,0,0,0,0,External
6482,COc1cc(NC(C)=O)ccc1NC(C)=O,hansen,0,0,0,0,0,0,External
6483,CN(C)[C@H]1C(=O)C(C(N)=O)=C(O)[C@]2(O)C(O)=C3C(=O)c4c(O)cccc4[C@](C)(O)[C@H]3[C@@H](O)[C@@H]12,hansen,0,0,0,0,0,0,Train
6484,O=C(c1ccccc1)[C@@H](O)c1ccccc1,hansen,0,0,0,0,0,0,Train
6485,C[C@H]1[C@H](C)CC[C@]2(C(=O)O[C@@H]3O[C@H](CO[C@@H]4O[C@H](CO)[C@@H](O[C@@H]5O[C@@H](C)[C@H](O)[C@@H](O)[C@H]5O)[C@H](O)[C@H]4O)[C@@H](O)[C@H](O)[C@H]3O)CC[C@]3(C)C(=CC[C@@H]4[C@@]5(C)C[C@@H](O)[C@H](O)[C@@](C)(CO)[C@@H]5CC[C@]43C)[C@H]12,hansen,0,0,0,0,0,0,External
6486,CC[C@@]1(CC(=O)O)OCCc2c1n(C)c1ccccc21,hansen,0,0,0,0,0,0,Train
6487,CC(C)NC[C@@H](O)COc1cccc2c1OC[C@@H](O[N+](=O)[O-])C2,hansen,0,0,0,0,0,0,Train
6488,COC(=O)/C(Br)=C(\OP(=O)(OC)OC)c1ccc(Cl)cc1Cl,hansen,0,0,0,0,0,0,External
6489,CCCCc1cc(C)cc(CCCC)c1O,hansen,0,0,0,0,0,0,Train
6490,c1ccc2c(c1)CCC1CCCCC21,hansen,0,0,0,0,0,0,External
6491,CC(C)CC1NC(=O)C(C)N(C)C(=O)CNC(=O)/C(=C\c2ccccc2)N(C)C1=O,hansen,0,0,0,0,0,0,Train
6492,Cc1cc(N(CCO)CCO)ccc1N=Nc1cccnc1,hansen,0,0,0,0,0,0,Train
6493,CCc1cccc2cc([C@H](O)CNC(C)(C)C)oc12,hansen,0,0,0,0,0,0,Train
6494,COP(=O)(O)OC,hansen,0,0,0,0,0,0,External
6495,Oc1[nH]nc2ccccc12,hansen,0,0,0,0,0,0,Train
6496,Cc1ccc2ccccc2c1,hansen,0,0,0,0,0,0,Internal
6497,NC1CCCCC1,hansen,0,0,0,0,0,0,Internal
6498,CCN(CC)C(=S)SSCC(NC(C)=O)C(=O)O,hansen,0,0,0,0,0,0,Internal
6499,CCCC[CH-][N+](=O)[O-],hansen,0,0,0,0,0,0,Internal
6500,CC[C@@H](C)Nc1ccc(N[C@H](C)CC)cc1,hansen,0,0,0,0,0,0,Internal
6501,CC12CCC(=O)C=C1C1CC1C1C2CCC2(C)C1C1CC1C21CCC(=O)O1,hansen,0,0,0,0,0,0,Train
6502,CC(C)(CO)C(O)C(=O)NCCCO,hansen,0,0,0,0,0,0,Train
6503,CC/C=C/C=C/C=C/C=C/C=C/SCC(O)CO,hansen,0,0,0,0,0,0,Train
6504,CC(C)=CC1C(C(=O)O)C1(C)C,hansen,0,0,0,0,0,0,Train
6505,C/C=C/c1cc2c(c(=O)o1)C(=O)C(O)C(C)O2,hansen,0,0,0,0,0,0,External
6506,O=C(O)/C=C\C(=O)O,hansen,0,0,0,0,0,0,Train
6507,Cc1cc(C)cc(O)c1,hansen,0,0,0,0,0,0,Train
6508,CCCCCO,hansen,0,0,0,0,0,0,Train
6509,CCC1=C(OC)C(=O)c2c(O)c(OC)c(OC)c(O)c2C1=O,hansen,0,0,0,0,0,0,Train
6510,Oc1c2ccccc2nc2ccccc12,hansen,0,0,0,0,0,0,Train
6511,CC(=O)Nc1ccc(C)c(N=Nc2cc(NC(C)=O)ccc2C)c1,hansen,0,0,0,0,0,0,Train
6512,CC(C)CCCCCOC(=O)Cc1ccc(Cl)cc1Cl,hansen,0,0,0,0,0,0,External
6513,c1ccc2c(c1)CCC1CCCC3OC213,hansen,0,0,0,0,0,0,External
6514,COC(=O)[C@H]1[C@H]2C[C@@H]3c4[nH]c5cc(OC)ccc5c4CCN3C[C@@H]2C[C@@H](OC(=O)c2cc(OC)c(OC)c(OC)c2)[C@@H]1OC,hansen,0,0,0,0,0,0,Internal
6515,Cc1cccc(C)c1N=Nc1c(O)ccc2ccccc12,hansen,0,0,0,0,0,0,Train
6516,C/C=C/C1OC(=O)C=CC1O,hansen,0,0,0,0,0,0,Train
6517,CN(C)c1ccc(C2(c3ccc(N(C)C)cc3)OC(=O)c3cc(N(C)C)ccc32)cc1,hansen,0,0,0,0,0,0,External
6518,Oc1c2ccccc2nc2occc12,hansen,0,0,0,0,0,0,Internal
6519,c1ccc(SCCSc2ccccc2)cc1,hansen,0,0,0,0,0,0,Train
6520,Cc1cc(NS(=O)(=O)c2ccc(N)cc2)no1,hansen,0,0,0,0,0,0,Train
6521,CC(C)=CCCC(C)CCO,hansen,0,0,0,0,0,0,Train
6522,COC(=O)[C@H]1[C@H]2C[C@@H]3c4[nH]c5cc(OC)ccc5c4CCN3C[C@@H]2C[C@@H](OC(=O)/C=C/c2cc(OC)c(OC)c(OC)c2)[C@@H]1OC,hansen,0,0,0,0,0,0,Train
6523,CSC(C)(C)/C=N\O,hansen,0,0,0,0,0,0,Train
6524,BrC[C@@H](Br)[C@@H]1CC[C@@H](Br)[C@@H](Br)C1,hansen,0,0,0,0,0,0,Internal
6525,c1ccc2scnc2c1,hansen,0,0,0,0,0,0,Train
6526,CC(=O)NC(CS/C(F)=C(\F)C(F)(F)F)C(=O)O,hansen,0,0,0,0,0,0,Train
6527,CCCCCCCCCCCCCCCCCCCCCCCCCCCC(=O)OCCC(C)O,hansen,0,0,0,0,0,0,Train
6528,[O-][N+](=Nc1ccc(Cl)c(Cl)c1)c1ccc(Cl)c(Cl)c1,hansen,0,0,0,0,0,0,Train
6529,O=NN(CC(=O)O)C[C@]1(O)OC[C@@H](O)[C@@H](O)[C@H]1O,hansen,0,0,0,0,0,0,Train
6530,CC(=O)C1(C)OC12C=Cc1ccccc1C2=O,hansen,0,0,0,0,0,0,Train
6531,CC(CCC(=O)O)C1CCC2C3CCc4cc(O)ccc4C3CCC12C,hansen,0,0,0,0,0,0,External
6532,O=C(O)C1OC(Oc2ccc3ccc4cc5ccccc5c5ccc2c3c45)C(O)C(O)C1O,hansen,0,0,0,0,0,0,Train
6533,COc1cc(C(=O)OCCCN2CCCN(CCCOC(=O)c3cc(OC)c(OC)c(OC)c3)CC2)cc(OC)c1OC,hansen,0,0,0,0,0,0,External
6534,CCCC[C@@H](CC)COC(=O)CCCCC(=O)O,hansen,0,0,0,0,0,0,External
6535,COC(=O)CC1Cc2cc3cc(OC)c(-c4c(OC)cc5cc6c(c(O)c5c4O)C(=O)OC(CC(=O)OC)C6)c(O)c3c(O)c2C(=O)O1,hansen,0,0,0,0,0,0,Train
6536,CCCC1(O)CCC2C3CCC4CC(=O)CC(C)C4(C)C3CCC21C,hansen,0,0,0,0,0,0,External
6537,CCc1cn(C2CC(O)C(CO)O2)c(=O)[nH]c1=O,hansen,0,0,0,0,0,0,Train
6538,CC/C=C/[C@H](C=O)CC,hansen,0,0,0,0,0,0,Train
6539,CCCCC/C=C/C/C=C/CCCCCCCC(=O)O,hansen,0,0,0,0,0,0,Train
6540,CCCCCCCCCC[C@H]1CO1,hansen,0,0,0,0,0,0,Train
6541,Cc1ccc2ccccc2c1C,hansen,0,0,0,0,0,0,External
6542,C=C1C(O)C23CCC4C(C)(C(=O)O)CCCC4(C)C2CCC1(O)C3,hansen,0,0,0,0,0,0,External
6543,Cc1cccc2sc(N)nc12,hansen,0,0,0,0,0,0,Train
6544,COC(C(=O)C(O)C(C)O)C1Cc2cc3cc(OC4CC(OC5CC(O)C(OC)C(C)O5)C(OC(C)=O)C(C)O4)c(C)c(O)c3c(O)c2C(=O)C1OC1CC(OC2CC(OC3CC(C)(O)C(OC(C)=O)C(C)O3)C(O)C(C)O2)C(O)C(C)O1,hansen,0,0,0,0,0,0,Internal
6545,FC(F)OC(F)(F)C(F)Cl,hansen,0,0,0,0,0,0,External
6546,COC(=O)Nc1nc2cc(OS(=O)(=O)c3ccc(F)cc3)ccc2[nH]1,hansen,0,0,0,0,0,0,External
6547,CC(C)=CCC1=C(O)C(=O)c2ccccc2C1=O,hansen,0,0,0,0,0,0,Train
6548,CN(C)c1ccncc1,hansen,0,0,0,0,0,0,Train
6549,N#C[C@@H](O)c1ccccc1,hansen,0,0,0,0,0,0,Train
6550,CCN(CC)C(=O)c1cc(Cc2ccc(N)c(C(=O)N(CC)CC)c2)ccc1N,hansen,0,0,0,0,0,0,Internal
6551,CN1C(=O)C23CC4=CC=CC(O)C4N2C(=O)C1(CO)SS3,hansen,0,0,0,0,0,0,Train
6552,CC(C)(C)NC(=O)C1CCC2C3CC=C4C=C(C(=O)O)CCC4(C)C3CCC12C,hansen,0,0,0,0,0,0,Train
6553,CCCCCCCCCCCCCC(=O)O[C@@H]1[C@H](C)[C@]2(O)[C@@H](C=C(CO)C[C@@]3(O)C(=O)C(C)=C[C@@H]23)[C@H]2C(C)(C)[C@@]12OC(C)=O,hansen,0,0,0,0,0,0,Train
6554,CCCCC(C)C(OC(=O)CC(CC(=O)O)C(=O)O)C(CC(C)CC(O)CCCCCCC(O)C(C)N)OC(=O)CC(CC(=O)O)C(=O)O,hansen,0,0,0,0,0,0,Train
6555,CC1CCC2(OC1)OC1CC3C4CC=C5CC(OC6OC(CO)C(OC7OC(C)C(O)C(O)C7O)C(O)C6OC6OC(C)C(O)C(O)C6O)CCC5(C)C4CCC3(C)C1C2C,hansen,0,0,0,0,0,0,Train
6556,O=c1ccn(C2OC(COP(=O)(O)O)C(O)C2O)c(=O)[nH]1,hansen,0,0,0,0,0,0,Train
6557,CC(=O)OC1(C(C)=O)CCC2C3CC(C)C4=CC(=O)CCC4(C)C3CCC21C,hansen,0,0,0,0,0,0,External
6558,O=C(O)c1cc(O)c2ccccc2n1,hansen,0,0,0,0,0,0,Internal
6559,O=C(O)C1=NN(c2ccc(S(=O)(=O)O)cc2)C(=O)[C@H]1N=Nc1ccc(S(=O)(=O)O)cc1,hansen,0,0,0,0,0,0,Train
6560,CCCC[C@@H](CC)COS(=O)(=O)O,hansen,0,0,0,0,0,0,Train
6561,NC(CCC(=O)NC(CSC(=O)NCCO)C(=O)NCC(=O)O)C(=O)O,hansen,0,0,0,0,0,0,Train
6562,CC(=O)Nc1cc2c(cc1OC(C)=O)-c1ccccc1C2,hansen,0,0,0,0,0,0,Train
6563,Cc1ccc(N=Nc2c(O)c(C(=O)O)cc3ccccc23)cc1S(=O)(=O)O,hansen,0,0,0,0,0,0,Train
6564,Nc1c(O)ccc2ccccc12,hansen,0,0,0,0,0,0,Train
6565,COc1cc(C)cc2c1C(=O)C=C(c1c(C)cc3c(c1OC)C(=O)C=CC3=O)C2=O,hansen,0,0,0,0,0,0,Train
6566,Cl/C=C/c1c(Cl)c(Cl)c(Cl)c(Cl)c1Cl,hansen,0,0,0,0,0,0,Train
6567,ON1CN(Cl)CN(Cl)C1,hansen,0,0,0,0,0,0,External
6568,CCCC[C@H](C=O)CC,hansen,0,0,0,0,0,0,Train
6569,CC/C(=C(/c1ccccc1)c1ccc(OCCN(C)C)cc1)c1ccccc1,hansen,0,0,0,0,0,0,External
6570,CC1C(C)(C)Nc2ccccc2C1(C)C1C(C)(C)Nc2ccccc2C1(C)C,hansen,0,0,0,0,0,0,Internal
6571,CNC(=O)Oc1ccc2c(c1)C1(C)CCN(C)C1N2C,hansen,0,0,0,0,0,0,Internal
6572,CC1(C)C[C@@H](N=C=O)C[C@](C)(CN=C=O)C1,hansen,0,0,0,0,0,0,Train
6573,CC(C)=CCC/C(C)=C\C=O,hansen,0,0,0,0,0,0,Internal
6574,Cc1ccc([N+](=O)[O-])cc1N=[N+]([O-])c1cc([N+](=O)[O-])ccc1C,hansen,0,0,0,0,0,0,Train
6575,CCCC[C@@H](CC)COP(=O)(OC[C@H](CC)CCCC)OC[C@H](CC)CCCC,hansen,0,0,0,0,0,0,Train
6576,CC1CCC2CC1C2(C)C,hansen,0,0,0,0,0,0,Train
6577,Cc1ccc(N=Nc2ccc(N(CCO)CCO)cc2)cc1,hansen,0,0,0,0,0,0,Train
6578,CC12CCC3c4ccc(O)cc4CCC3C1CC(O)C2O,hansen,0,0,0,0,0,0,External
6579,COc1cc(C2c3cc4c(cc3C(O)C3COC(=O)C23)OCO4)cc(OC)c1OC,hansen,0,0,0,0,0,0,Train
6580,CCOC(=O)C1=C(C)N=C(C)C(=C(O)OCC2COC3(CCCC3)O2)C1c1cccc(Cl)c1,hansen,0,0,0,0,0,0,Train
6581,CN1CCN(c2ccc3[nH]c(CCCCCCc4ccc5[nH]c(-c6ccc(N(CCCl)CCCl)cc6)nc5c4)nc3c2)CC1,hansen,0,0,0,0,0,0,Train
6582,COC(=O)C[C@H]1[C@]2(C)C3=C(C)[C@H](c4ccoc4)CC3O[C@@H]2[C@@H]2OC(=O)[C@]3(C)C=CC(=O)[C@@]1(C)C23,hansen,0,0,0,0,0,0,Train
6583,C=CC(O)c1ccc(OC)cc1,hansen,0,0,0,0,0,0,Train
6584,S=C=S,hansen,0,0,0,0,0,0,Train
6585,CC(=O)OC1COC(Nc2ccc(C(=O)O)cc2)C(OC(C)=O)C1OC(C)=O,hansen,0,0,0,0,0,0,Train
6586,OCC1OC(n2cnc3c2ncn2ccnc32)CC1O,hansen,0,0,0,0,0,0,Train
6587,CC1=C2C(=CO[C@H](C)[C@H]2C)C(O)=C(C(=O)O)C1=O,hansen,0,0,0,0,0,0,Internal
6588,CCCCCCCCCC/C=C/[C@H]1CC(=O)OC1=O,hansen,0,0,0,0,0,0,Internal
6589,ClC1=C(Cl)[C@]2(Cl)[C@H]3[C@@H]4C[C@@H]([C@@H]5O[C@H]45)[C@H]3[C@@]1(Cl)C2(Cl)Cl,hansen,0,0,0,0,0,0,External
6590,COC(=O)c1oc(N)c(Cl)c1Cl,hansen,0,0,0,0,0,0,Train
6591,C1=C2CCCC(=CC3OC13)O2,hansen,0,0,0,0,0,0,Train
6592,CC[N+]([O-])=NC,hansen,0,0,0,0,0,0,External
6593,O=C1NC(=S)NC(=O)C1C(=O)Nc1ccccc1,hansen,0,0,0,0,0,0,Train
6594,CCCNc1c([N+](=O)[O-])ccc(Cl)c1C(=O)O,hansen,0,0,0,0,0,0,Train
6595,CCCC(=O)OC1C(C)OC(OC2C(C)OC(OC3C(CC=O)CC(C)C(O)/C=C\C=C/CC(C)OC(=O)CC(O)C3OC)C(O)C2N(C)C)CC1(C)OC(=O)CC,hansen,0,0,0,0,0,0,Internal
6596,OCC1OC(n2cnc3c2ncn2ccnc32)C(O)C1O,hansen,0,0,0,0,0,0,Train
6597,Cc1cccc2[nH]nnc12,hansen,0,0,0,0,0,0,External
6598,CN(C)[C@@H]1C(=O)C(C(N)=O)=C(O)[C@@]2(O)C(O)=C3C(=O)c4c(O)cccc4[C@@](C)(O)[C@H]3C[C@H]12,hansen,0,0,0,0,0,0,Internal
6599,CCN(CC)C(=S)SC1OC(CO)C(O)C(O)C1O,hansen,0,0,0,0,0,0,Train
6600,O=CN(O)c1ccccc1,hansen,0,0,0,0,0,0,Train
6601,CCC(C)C,hansen,0,0,0,0,0,0,External
6602,CC1(C(=O)O)CCC2(C)CCC3(C)C(=CC(=O)C4C5(C)CCC(OC6OC(C(=O)O)C(O)C(O)C6OC6OC(C(=O)O)C(O)C(O)C6O)C(C)(C)C5CCC43C)C2C1,hansen,0,0,0,0,0,0,Internal
6603,CCCC[C@@H](CC)COC(=O)C(C#N)=C(c1ccccc1)c1ccccc1,hansen,0,0,0,0,0,0,Train
6604,NC1=N[C@H](C(=O)O)CS1,hansen,0,0,0,0,0,0,Train
6605,CC(C)C1=CC2=CCC3C(C)(C(=O)O)CCCC3(C)C2CC1,hansen,0,0,0,0,0,0,Internal
6606,CCOC(=O)C(CCc1ccccc1)NC(C)C(=O)N1C(C(=O)O)CC2CCCCC21,hansen,0,0,0,0,0,0,External
6607,C1CCC(C(C[C@H]2CCCCN2)C2CCCCC2)CC1,hansen,0,0,0,0,0,0,Train
6608,Cc1ccc(N=Nc2c(O)ccc3ccccc23)cc1S(=O)(=O)O,hansen,0,0,0,0,0,0,Train
6609,OC1c2ccc3ncccc3c2C2OC2C1O,hansen,0,0,0,0,0,0,Train
6610,O=C1OC2C(O)COC2(O)C1(O)Cc1c[nH]c2ccccc12,hansen,0,0,0,0,0,0,Train
6611,CC(=O)Nc1cc(N(C)C)ccc1N=Nc1cccnc1,hansen,0,0,0,0,0,0,Train
6612,CCN(CC)CCN1C(=O)CN=C(c2ccccc2F)c2cc(Cl)ccc21,hansen,0,0,0,0,0,0,Train
6613,Clc1ccc(N=Nc2ccc(Cl)c(Cl)c2)cc1Cl,hansen,0,0,0,0,0,0,Train
6614,CC1=CC(=O)C=C2CCC3C4CCC(=O)C4(C)CCC3C12C,hansen,0,0,0,0,0,0,Internal
6615,CCC1OC1c1ccccc1,hansen,0,0,0,0,0,0,Train
6616,FC(F)=C(F)Cl,hansen,0,0,0,0,0,0,External
6617,CN1[C@@H](CSCC(F)(F)F)Nc2cc(Cl)c(S(N)(=O)=O)cc2S1(=O)=O,hansen,0,0,0,0,0,0,External
6618,OCCN(CCO)c1nc(-c2cccs2)nc2ccccc12,hansen,0,0,0,0,0,0,Train
6619,C1C[C@H](O[C@H]2CC[C@@H]3O[C@@H]32)[C@H]2O[C@@H]12,hansen,0,0,0,0,0,0,Train
6620,CC(C)C(O)(C(=O)OCC1=CCN2CCC(O)C12)C(C)O,hansen,0,0,0,0,0,0,External
6621,O=C(c1ccccc1)C1OC1c1ccc(Br)cc1,hansen,0,0,0,0,0,0,External
6622,C1CCC2OCCOCCOC3CCCCC3OCCOCCOCCOC2C1,hansen,0,0,0,0,0,0,Train
6623,OC1C=Cc2ccc3c(sc4ccccc43)c2C1O,hansen,0,0,0,0,0,0,Train
6624,CCCCCCCCC(Cl)CCC(Cl)CC(Cl)C(Cl)C(Cl)CC(=O)OC,hansen,0,0,0,0,0,0,Train
6625,N[C@H]1CC[C@H](N)CC1,hansen,0,0,0,0,0,0,External
6626,ClC1(Cl)[C@]2(Cl)[C@@]3(Cl)[C@]4(Cl)C(Cl)(Cl)[C@@]5(Cl)[C@](Cl)([C@]1(Cl)[C@]53Cl)[C@]24Cl,hansen,0,0,0,0,0,0,Train
6627,Cc1ccc([N+](=O)[O-])c(N)c1,hansen,0,0,0,0,0,0,Train
6628,Cc1cccc(C)c1O,hansen,0,0,0,0,0,0,Train
6629,COCOC,hansen,0,0,0,0,0,0,External
6630,Oc1ccc(O)nn1,hansen,0,0,0,0,0,0,Train
6631,CC(=O)OC1(C(C)=O)CCC2C3C=C(Cl)C4=CC(=O)C5CC5C4(C)C3CCC21C,hansen,0,0,0,0,0,0,Train
6632,CN1C=CN(COCCC(C)(C)[N+](=O)[O-])C1/C=N/O,hansen,0,0,0,0,0,0,External
6633,CN1C=CN(CCS(C)(=O)=O)C1/C=N/O,hansen,0,0,0,0,0,0,Train
6634,CN(C)c1ccc(C(=C2C=CC(=[N+](C)C)C=C2)c2c(O)c(S(=O)(=O)O)cc3cc(S(=O)(=O)O)ccc23)cc1,hansen,0,0,0,0,0,0,Train
6635,C=C(C)C1CCC(=C)C2C3=C(CC(C)C3=O)C(=O)C(C)=CC12,hansen,0,0,0,0,0,0,Train
6636,C[C@@H]1CCCC[C@H]1NC(=O)Nc1ccccc1,hansen,0,0,0,0,0,0,Train
6637,COC1COC(COCC2COC(OC)C(OS(=O)(=O)O)C2OS(=O)(=O)O)C(OS(=O)(=O)O)C1OS(=O)(=O)O,hansen,0,0,0,0,0,0,Train
6638,Nc1nc(C2CC2)ncc1Br,hansen,0,0,0,0,0,0,Train
6639,S=c1[nH]c2nc(C3CC3)ncc2s1,hansen,0,0,0,0,0,0,Train
6640,O=C(Cl)c1ccc(F)c(S(=O)(=O)Cl)c1,hansen,0,0,0,0,0,0,Train
6641,C[C@@H](OC1CCCCO1)C(=N)N,hansen,0,0,0,0,0,0,External
6642,C[C@@H](OC1CCCCO1)C(=N)NS(=O)(=O)c1cc(C(=O)C(C(=O)c2cc(F)ccc2F)=C2Nc3ccccc3N2)ccc1F,hansen,0,0,0,0,0,0,External
6643,C[C@@H](O)C(=N)NS(=O)(=O)c1cc(C(=O)C(C(=O)c2cc(F)ccc2F)=C2Nc3ccccc3N2)ccc1F,hansen,0,0,0,0,0,0,Train
6644,COc1cc(N2CCC(OC)(OC)CC2)ccc1Nc1nc(Cl)nc(Nc2ccccc2S(=O)(=O)C(C)C)n1,hansen,0,0,0,0,0,0,Train
6645,COc1cc(N2CCC(OC)(OC)CC2)ccc1[N+](=O)[O-],hansen,0,0,0,0,0,0,Train
6646,COc1cc(N2CCC(OC)(OC)CC2)ccc1N,hansen,0,0,0,0,0,0,Internal
6647,CC(C)S(=O)(=O)c1ccccc1Nc1nc(Cl)nc(Cl)n1,hansen,0,0,0,0,0,0,Train
6648,COc1cc(N2CCC(OC)(OC)CC2)ccc1Nc1ncnc(Nc2ccccc2S(=O)(=O)C(C)C)n1,hansen,0,0,0,0,0,0,External
6649,COc1cc(N2CCC(=O)CC2)ccc1Nc1ncnc(Nc2ccccc2S(=O)(=O)C(C)C)n1,hansen,0,0,0,0,0,0,Train
6650,CCOc1cc(N(CC)CC)ccc1C(=O)c1ccccc1C(=O)O,hansen,0,0,0,0,0,0,Train
6651,CCOc1cc(N(CC)CC)ccc1C1(c2c(C)n(CC)c3ccccc23)OC(=O)c2ccccc21,hansen,0,0,0,0,0,0,Train
6652,c1ccc(-c2ccc(N(c3ccc(-c4ccccc4)cc3)c3ccc(-c4ccc(N(c5ccccc5)c5cccc6ccccc56)cc4)cc3)cc2)cc1,hansen,0,0,0,0,0,0,Train
6653,c1ccc(-c2ccc(-c3ccc(N(c4ccccc4)c4ccc(-c5ccc(N(c6ccc(-c7ccccc7)cc6)c6ccc(-c7ccccc7)cc6)cc5)cc4)cc3)cc2)cc1,hansen,0,0,0,0,0,0,Train
6654,CC(C)(C)OC(=O)N[C@]12CC3(F)C[C@](F)(C[C@](F)(C3)C1)C2,hansen,0,0,0,0,0,0,Train
6655,COC(=O)c1cnc(N[C@]23CC4(F)C[C@](F)(C[C@](F)(C4)C2)C3)nc1C(F)(F)F,hansen,0,0,0,0,0,0,Internal
6656,O=C(O)c1cnc(N[C@]23CC4(F)C[C@](F)(C[C@](F)(C4)C2)C3)nc1C(F)(F)F,hansen,0,0,0,0,0,0,Train
6657,O=C(c1cnc(N[C@]23CC4(F)C[C@](F)(C[C@](F)(C4)C2)C3)nc1C(F)(F)F)N1CCS(=O)(=O)CC1,hansen,0,0,0,0,0,0,Internal
6658,C=C[Si](C)(C)O,hansen,0,0,0,0,0,0,Train
6659,OCCOc1ccc(C2(c3ccc(OCCO)c(-c4ccccc4)c3)c3ccccc3-c3ccccc32)cc1-c1ccccc1,hansen,0,0,0,0,0,0,Internal
6660,Brc1ccc(-c2ccc(-c3ccccc3)cc2)cc1,hansen,0,0,0,0,0,0,External
6661,CCCCC(CC)CNS(=O)(=O)c1c(C)cc(CC)c(Nc2ccc(Nc3c(CC)cc(C)c(S(=O)(=O)NCC(CC)CCCC)c3CC)c3c2C(=O)c2ccccc2C3=O)c1CC,hansen,0,0,0,0,0,0,Train
6662,C=C(C)C(=O)Oc1ccc(O)c2ccccc12,hansen,0,0,0,0,0,0,Train
6663,CCCCCCCCCCCCCCOc1ccc(N)cc1N,hansen,0,0,0,0,0,0,Internal
6664,NCCCSS(=O)(=O)O,hansen,0,0,0,0,0,0,Train
6665,O=S(=O)(Cl)NS(=O)(=O)Cl,hansen,0,0,0,0,0,0,Train
6666,Nc1ccc(Br)cc1C(=O)c1ccccn1,hansen,0,0,0,0,0,0,Train
6667,COC(=O)c1c(OCc2ccccc2)c(=O)ccn1CC(O)CO,hansen,0,0,0,0,0,0,Train
6668,C[C@@H]1CCO[C@H]2Cn3ccc(=O)c(OCc4ccccc4)c3C(=O)N12,hansen,0,0,0,0,0,0,Train
6669,C[C@@H]1CCO[C@H]2Cn3cc(Br)c(=O)c(OCc4ccccc4)c3C(=O)N12,hansen,0,0,0,0,0,0,External
6670,C[C@@H]1CCO[C@H]2Cn3cc(C(=O)NCc4ccc(F)cc4F)c(=O)c(OCc4ccccc4)c3C(=O)N12,hansen,0,0,0,0,0,0,Train
6671,CC(C)C(=O)/C(=C/c1ccccc1)C(=O)Nc1ccccc1,hansen,0,0,0,0,0,0,Train
6672,CCCCCCc1cc(Br)cc(CCCCCC)c1,hansen,0,0,0,0,0,0,Train
6673,COC(=O)CCC1(CCC(=O)OC)c2ccccc2-c2ccccc21,hansen,0,0,0,0,0,0,Train
6674,COC(=O)c1cc(C(C)(C)C)cc(C(C)(C)C)c1O,hansen,0,0,0,0,0,0,Train
6675,O=S(=O)(O)SSS(=O)(=O)O,hansen,0,0,0,0,0,0,Train
6676,CCC[C@H]1CC[C@H](c2ccc(-c3ccc(-c4cc(F)c(OC(F)(F)F)c(F)c4)c(F)c3)cc2)CC1,hansen,0,0,0,0,0,0,Train
6677,CCCc1ccc(-c2ccc(-c3ccc(-c4cc(F)c(F)c(F)c4)c(F)c3)cc2)cc1,hansen,0,0,0,0,0,0,Train
6678,O=C(CNCC(=O)NCC(F)(F)F)NCC(F)(F)F,hansen,0,0,0,0,0,0,Train
6679,CC(C)(C)/C(Br)=C(\Br)c1ccccc1,hansen,0,0,0,0,0,0,Internal
6680,c1ccc(Nc2ccc(-c3ccc(N(c4ccccc4)c4ccccc4)cc3)cc2)cc1,hansen,0,0,0,0,0,0,Train
6681,c1ccc(N(c2ccccc2)c2ccc(-c3ccc(N(c4ccccc4)c4ccc(-c5ccc(N(c6ccccc6)c6ccc(-c7ccc(N(c8ccccc8)c8ccccc8)cc7)cc6)cc5)cc4)cc3)cc2)cc1,hansen,0,0,0,0,0,0,Train
6682,COCCOc1c(S(C)(=O)=O)ccc(C(=O)O)c1C,hansen,0,0,0,0,0,0,Train
6683,O=C(CCC(=O)OCCc1ccc(OCc2ccccc2)cc1)OCCc1ccc(OCc2ccccc2)cc1,hansen,0,0,0,0,0,0,Train
6684,O=C(CCCC(=O)OCCc1ccc(OCc2ccccc2)cc1)OCCc1ccc(OCc2ccccc2)cc1,hansen,0,0,0,0,0,0,Train
6685,COc1cccc(CCc2ccccc2OCC(CN(C)C)OC(=O)CCC(=O)O)c1,hansen,0,0,0,0,0,0,Train
6686,COc1cc(NC(=O)c2ccccc2)nc(NC(=O)c2ccccc2)n1,hansen,0,0,0,0,0,0,Train
6687,COc1cc(N)nc(N)n1,hansen,0,0,0,0,0,0,Train
6688,O=P(OCC(F)(F)F)(OCC(F)(F)F)OCC(F)(F)F,hansen,0,0,0,0,0,0,Train
6689,CC(C)(C)SC[C@@](C)(N)C(=O)O,hansen,0,0,0,0,0,0,Train
6690,C[C@@](N)(CS)C(=O)O,hansen,0,0,0,0,0,0,Internal
6691,COc1cc2cc(CO)c(CO)c(-c3ccnc(N4CC[C@H](O)c5ccccc54)c3)c2cc1OC,hansen,0,0,0,0,0,0,Train
6692,COC(=O)C1(C)CCCC2(C)c3cc(Cc4cc5c(cc4C(C)C)CCC4C(C)(C(=O)OC)CCCC54C)c(C(C)C)cc3CCC12,hansen,0,0,0,0,0,0,Train
6693,Cc1cc(C2(c3ccc(OCCO)c(C)c3)c3ccccc3-c3ccccc32)ccc1OCCO,hansen,0,0,0,0,0,0,Train
6694,OCc1c(F)c(F)c(CCl)c(F)c1F,hansen,0,0,0,0,0,0,Train
6695,CCCCCCCCc1ccc(CCC(N)(CO)CO)cc1,hansen,0,0,0,0,0,0,External
6696,CCOC(=O)[C@@H]1c2ccccc2C(=O)N([C@H]2CCCC[C@@H]2N)[C@H]1c1ccc(Cl)cc1Cl,hansen,0,0,0,0,0,0,External
6697,CCOC(=O)[C@@H]1c2ccccc2C(=O)N([C@H]2CCCC[C@@H]2NS(C)(=O)=O)[C@H]1c1ccc(Cl)cc1Cl,hansen,0,0,0,0,0,0,Train
6698,C=C(C)C(=O)OCCC(O)(C(F)(F)F)C(F)(F)F,hansen,0,0,0,0,0,0,Train
6699,CCOc1ccc(Cc2cc(Br)c(OC)cc2C)cc1,hansen,0,0,0,0,0,0,Train
6700,CCOc1ccc(Cc2cc(Br)c(O)cc2C)cc1,hansen,0,0,0,0,0,0,External
6701,CC12C(=O)OC(=O)C1C1(C)C(=O)OC(=O)C21,hansen,0,0,0,0,0,0,External
6702,CC12C(=O)OC(=O)C1C1C(=O)OC(=O)C12C,hansen,0,0,0,0,0,0,Train
6703,CC1(C)c2cc(Cl)ccc2-c2ccc(I)cc21,hansen,0,0,0,0,0,0,Train
6704,CCCCCCCCCCCCCCNC(CC(=O)O)C(=O)O,hansen,0,0,0,0,0,0,Train
6705,CCCCCCCCCCCCNC(CC(=O)O)C(=O)O,hansen,0,0,0,0,0,0,Train
6706,COc1cc(F)c(-n2c(=O)[nH]c3csc(C(=O)O)c3c2=O)cc1OCc1c(OC)ccc(F)c1F,hansen,0,0,0,0,0,0,Train
6707,CC(C)(C)CC1C=C(C(=O)O)C1,hansen,0,0,0,0,0,0,Train
6708,CC(C)(C)CC1CC(C(=O)O)C1,hansen,0,0,0,0,0,0,Train
6709,CCOC(=O)/C=C/C(C)(C)C,hansen,0,0,0,0,0,0,Train
6710,C=CC(=O)OCc1cccc(Oc2ccccc2)c1,hansen,0,0,0,0,0,0,Train
6711,CCOC(=O)c1ccc(O)c(O)c1,hansen,0,0,0,0,0,0,Train
6712,c1ccc2c(c1)sc1c(-c3ccc4c5ccccc5c5ccccc5c4c3)cccc12,hansen,0,0,0,0,0,0,Train
6713,NCCCS(=O)(=O)O,hansen,0,0,0,0,0,0,External
6714,CCn1nccc1OC(=O)c1ccc(S(C)(=O)=O)c(OCCOC)c1C,hansen,0,0,0,0,0,0,Train
6715,CCn1ncc(C(=O)c2ccc(S(C)(=O)=O)c(OCCOC)c2C)c1O,hansen,0,0,0,0,0,0,Train
6716,CCn1ncc(C(=O)c2ccc(S(C)(=O)=O)c(OCCOC)c2C)c1OC(C)OC(=O)OC,hansen,0,0,0,0,0,0,Train
6717,CCOC(=O)c1ccc(OCc2ccccc2)c(O)c1,hansen,0,0,0,0,0,0,Train
6718,CCOC(=O)c1ccc(OCc2ccccc2)c(OC(C)C)c1,hansen,0,0,0,0,0,0,Train
6719,CC(C)Oc1cc(C(=O)O)ccc1OCc1ccccc1,hansen,0,0,0,0,0,0,Train
6720,CCOC(=O)C1(CBr)CCC(=CC(=O)OC(C)(C)C)CC1,hansen,0,0,0,0,0,0,Train
6721,CCOC(=O)C1(CBr)CCC(OC)(OC)CC1,hansen,0,0,0,0,0,0,External
6722,CCOC(=O)C1CCC(OC)(OC)CC1,hansen,0,0,0,0,0,0,Train
6723,CCOC(=O)CN(CCC(=O)OC(C)(C)C)C(=O)OCc1ccccc1,hansen,0,0,0,0,0,0,Train
6724,CCOC(=O)CN(CCC(=O)O)C(=O)OCc1ccccc1,hansen,0,0,0,0,0,0,External
6725,CCOC(=O)CN(CCC(=O)NC1CC1)C(=O)OCc1ccccc1,hansen,0,0,0,0,0,0,Train
6726,O=C1CN(C(=O)OCc2ccccc2)CC1C(=O)NC1CC1,hansen,0,0,0,0,0,0,Train
6727,O=C(NC1CC1)[C@H]1CN(C(=O)OCc2ccccc2)C[C@@H]1O,hansen,0,0,0,0,0,0,Train
6728,C#CCC[C@H](CCCCC)OC1CCCCO1,hansen,0,0,0,0,0,0,Train
6729,C=CCc1c(OC)cccc1[C@@H](O)C#CCC[C@H](CCCCC)OC1CCCCO1,hansen,0,0,0,0,0,0,Train
6730,C=CCc1c(OC)cccc1[C@H](C#CCC[C@H](CCCCC)OC1CCCCO1)O[Si](C)(C)C(C)(C)C,hansen,0,0,0,0,0,0,Train
6731,CCCCC[C@@H](CCC1=C2[C@H](CC1=O)Cc1c(OC)cccc1[C@@H]2O[Si](C)(C)C(C)(C)C)OC1CCCCO1,hansen,0,0,0,0,0,0,Train
6732,CCOC(=O)/C(=C\NCCF)C(=O)c1cc(F)c(F)c(OC)c1F,hansen,0,0,0,0,0,0,External
6733,CCOC(=O)c1cn(CCF)c2c(OC)c(F)c(F)cc2c1=O,hansen,0,0,0,0,0,0,Train
6734,O=C(OCCCCC(F)(F)C(F)(F)Br)[C@]12CC3CC(C[C@H](C3)C1)C2,hansen,0,0,0,0,0,0,Train
6735,CCn1c2ccc(C(=O)c3ccccc3C)cc2c2cc(/C(CCC3CCCC3)=N\OC(C)=O)ccc21,hansen,0,0,0,0,0,0,Train
6736,O=Cc1c(S)cccc1Cl,hansen,0,0,0,0,0,0,Train
6737,COC(=O)c1cc2c(Cl)cccc2s1,hansen,0,0,0,0,0,0,Train
6738,COc1cc(F)ccc1OCc1c(OC)ccc(F)c1F,hansen,0,0,0,0,0,0,Train
6739,COc1cc(F)c(N)cc1OCc1c(OC)ccc(F)c1F,hansen,0,0,0,0,0,0,Train
6740,C[C@@H](Oc1cc(-c2cnn(C3CCNCC3)c2)cnc1N)c1c(Cl)ccc(F)c1Cl,hansen,0,0,0,0,0,0,Train
6741,Nc1c(Cl)cccc1C(=O)O,hansen,0,0,0,0,0,0,Train
6742,COC(=O)c1cccc(Cl)c1N,hansen,0,0,0,0,0,0,Train
6743,COC(=O)c1cccc(Cl)c1N=O,hansen,0,0,0,0,0,0,Train
6744,O=C(O)c1cccc(Cl)c1[N+](=O)[O-],hansen,0,0,0,0,0,0,Train
6745,COC(=O)c1cccc(Cl)c1[N+](=O)[O-],hansen,0,0,0,0,0,0,Train
6746,O=[N+]([O-])c1c(Cl)cccc1CO,hansen,0,0,0,0,0,0,Train
6747,COCc1cccc(Cl)c1[N+](=O)[O-],hansen,0,0,0,0,0,0,Train
6748,CS(=O)O,hansen,0,0,0,0,0,0,Train
6749,COc1cc(OC)nc(CC#N)n1,hansen,0,0,0,0,0,0,Train
6750,COCc1cccc(C(C#N)c2nc(OC)cc(OC)n2)c1[N+](=O)[O-],hansen,0,0,0,0,0,0,Train
6751,COCc1cccc(C(=O)c2nc(OC)cc(OC)n2)c1[N+](=O)[O-],hansen,0,0,0,0,0,0,Train
6752,COCc1cccc(C(O)c2nc(OC)cc(OC)n2)c1[N+](=O)[O-],hansen,0,0,0,0,0,0,External
6753,FC(F)(F)c1cnc(Cl)nc1Cl,hansen,0,0,0,0,0,0,Train
6754,CC(C)Oc1cc(C(N)=O)ccc1OCc1ccccc1,hansen,0,0,0,0,0,0,Train
6755,CCOC(=O)c1coc(-c2ccc(OCc3ccccc3)c(OC(C)C)c2)n1,hansen,0,0,0,0,0,0,External
6756,COC(=O)c1ccc(OCCCCCCOCC2(C)COC2)cc1,hansen,0,0,0,0,0,0,Internal
6757,CC1(COCCCCCCOc2ccc(C(=O)O)cc2)COC1,hansen,0,0,0,0,0,0,External
6758,CC1(COCCCCCCOc2ccc(C(=O)Oc3ccc(OCc4ccccc4)cc3)cc2)COC1,hansen,0,0,0,0,0,0,Train
6759,CC1(COCCCCCCOc2ccc(C(=O)Oc3ccc(O)cc3)cc2)COC1,hansen,0,0,0,0,0,0,Internal
6760,CC(=O)Nc1ccc(Br)c(C(=O)O)c1,hansen,0,0,0,0,0,0,Train
6761,CCn1c2ccc(C(C)=O)cc2c2cc(C(=O)c3ccc(C(=O)c4ccc5c(c4)c4cc(C(C)=O)ccc4n5CC)s3)ccc21,hansen,0,0,0,0,0,0,External
6762,CCn1c2ccc(C(=O)c3ccc(C(=O)c4ccc5c(c4)c4cc(/C(C)=N/O)ccc4n5CC)s3)cc2c2cc(/C(C)=N/O)ccc21,hansen,0,0,0,0,0,0,Train
6763,CCn1c2ccc(C(=O)c3ccc(C(=O)c4ccc5c(c4)c4cc(/C(C)=N/OC(C)=O)ccc4n5CC)s3)cc2c2cc(/C(C)=N/OC(C)=O)ccc21,hansen,0,0,0,0,0,0,Train
6764,COc1cc(/N=N/c2ccc(Cl)cc2[N+](=O)[O-])c(O)c(C(C)(C)C)c1,hansen,0,0,0,0,0,0,Train
6765,COc1cc(-n2nc3ccc(Cl)cc3[n+]2[O-])c(O)c(C(C)(C)C)c1,hansen,0,0,0,0,0,0,Train
6766,COc1cc(-n2nc3ccc(Cl)cc3n2)c(O)c(C(C)(C)C)c1,hansen,0,0,0,0,0,0,Train
6767,O=c1oc(-c2ccc(-c3ccc(-c4nc5ccccc5c(=O)o4)cc3)cc2)nc2ccccc12,hansen,0,0,0,0,0,0,Train
6768,Cn1c(=O)cc(Cl)n(Cc2cc(F)ccc2C#N)c1=O,hansen,0,0,0,0,0,0,Train
6769,Cn1c(=O)cc(N2CCC[C@@H](N)C2)n(Cc2cc(F)ccc2C#N)c1=O,hansen,0,0,0,0,0,0,Train
6770,CO[Si](OC)(OC)c1ccc(C)cc1,hansen,0,0,0,0,0,0,Train
6771,O=C(c1cc(O)c(O)c(O)c1)c1ccc(O)c(O)c1O,hansen,0,0,0,0,0,0,Train
6772,COC(=O)CC[C@H](NC(=O)OC(C)(C)C)C(=O)Nc1ccc(Br)cc1C(=O)c1ccccn1,hansen,0,0,0,0,0,0,Train
6773,COC(=O)CC[C@@H]1N=C(c2ccccn2)c2cc(Br)ccc2NC1=O,hansen,0,0,0,0,0,0,Train
6774,O=C1c2ccccc2C(=O)N1C/C=C\COc1cc(CN2CCCCC2)ccn1,hansen,0,0,0,0,0,0,Train
6775,NC/C=C/COc1cc(CN2CCCCC2)ccn1,hansen,0,0,0,0,0,0,Train
6776,CCCC1CCC(C2CCC(c3ccc(OC)c(F)c3F)CC2)CC1,hansen,0,0,0,0,0,0,Internal
6777,CC(=O)O/N=C(\C)c1ccc(N(c2ccc(C(=O)c3ccccc3C)cc2)c2ccc(/C(C)=N/OC(C)=O)cc2)cc1,hansen,0,0,0,0,0,0,Train
6778,Cc1ccccc1C(C#N)=C1CCCCC1,hansen,0,0,0,0,0,0,Train
6779,CC/C=C/CC/C=C/C#N,hansen,0,0,0,0,0,0,Train
6780,CCOC1Oc2ccc(OS(C)(=O)=O)cc2C1(C)C,hansen,0,0,0,0,0,0,Train
6781,CCOC(=O)c1csc(CNCCCc2ccccc2)n1,hansen,0,0,0,0,0,0,Train
6782,CCOC(=O)c1csc(CN(CCCc2ccccc2)C(=O)c2cc(OC)c(C)c(OC)c2)n1,hansen,0,0,0,0,0,0,Train
6783,COc1cc(C(=O)N(CCCc2ccccc2)Cc2nc(C(=O)O)cs2)cc(OC)c1C,hansen,0,0,0,0,0,0,Train
6784,Cc1ccc(Sc2ccccc2N2CCNCC2)c(C)c1,hansen,0,0,0,0,0,0,Train
6785,O=C(CCCCOCc1ccccc1)N1C(=O)OCC1Cc1ccccc1,hansen,0,0,0,0,0,0,Train
6786,C1=CCC(C2CC3C=CC2C3)CC1,hansen,0,0,0,0,0,0,Train
6787,O=C1N[C@H](Cc2ccccc2)CO1,hansen,0,0,0,0,0,0,Train
6788,C=C(C)C(=O)N1C(=O)C2CCCC21,hansen,0,0,0,0,0,0,Train
6789,Oc1ccc(CCC(CCc2ccc(O)cc2)(c2ccc(O)cc2)c2ccc(O)cc2)cc1,hansen,0,0,0,0,0,0,External
6790,CCNS(=O)(=O)NC(=O)c1csc(CN(CCCc2ccccc2)C(=O)c2cc(OC)c(C)c(OC)c2)n1,hansen,0,0,0,0,0,0,Train
6791,COc1cc(C(=O)N(CCCc2ccccc2)Cc2nc(C(=O)n3ccnc3)cs2)cc(OC)c1C,hansen,0,0,0,0,0,0,Train
6792,O[Si]1(c2ccccc2)O[Si]2(c3ccccc3)O[Si](O)(c3ccccc3)O[Si](c3ccccc3)(O1)O[Si]1(c3ccccc3)O[Si](O)(c3ccccc3)O[Si](c3ccccc3)(O[Si](O)(c3ccccc3)O1)O2,hansen,0,0,0,0,0,0,Train
6793,C[SiH](C)O[Si]1(c2ccccc2)O[Si]2(c3ccccc3)O[Si](O[SiH](C)C)(c3ccccc3)O[Si](c3ccccc3)(O1)O[Si]1(c3ccccc3)O[Si](O[SiH](C)C)(c3ccccc3)O[Si](c3ccccc3)(O[Si](O[SiH](C)C)(c3ccccc3)O1)O2,hansen,0,0,0,0,0,0,Train
6794,C[Si](C)(CCC1CCC2OC2C1)O[Si]1(c2ccccc2)O[Si]2(c3ccccc3)O[Si](O[Si](C)(C)CCC3CCC4OC4C3)(c3ccccc3)O[Si](c3ccccc3)(O1)O[Si]1(c3ccccc3)O[Si](O[Si](C)(C)CCC3CCC4OC4C3)(c3ccccc3)O[Si](c3ccccc3)(O[Si](O[Si](C)(C)CCC3CCC4OC4C3)(c3ccccc3)O1)O2,hansen,0,0,0,0,0,0,Train
6795,O=C(NC(=O)c1c(F)cccc1F)Nc1ccc(Oc2ccc(C(F)(F)F)cc2Cl)cc1F,hansen,0,0,0,0,0,0,Train
6796,N#CCCOCC(N)(COCCC#N)COCCC#N,hansen,0,0,0,0,0,0,Train
6797,O=C(NCCc1ncc(C(F)(F)F)cc1Cl)c1ccccc1C(F)(F)F,hansen,0,0,0,0,0,0,Train
6798,CC(C)(C)OC(=O)CC(CCCOCc1ccccc1)C(=O)N1C(=O)OCC1Cc1ccccc1,hansen,0,0,0,0,0,0,Internal
6799,CC(C)(C)OC(=O)CC(CCCOCc1ccccc1)C(=O)O,hansen,0,0,0,0,0,0,Train
6800,C=C(C)C(=O)OCc1ccc(-c2ccccc2)cc1,hansen,0,0,0,0,0,0,Train
6801,C=CC(=O)OCCCCOc1ccc(C(=O)Oc2ccc(C=O)cc2)cc1,hansen,0,0,0,0,0,0,Train
6802,C=CC(=O)OCCCCOc1ccc(C(=O)Oc2ccc(C(=O)O)cc2)cc1,hansen,0,0,0,0,0,0,Train
6803,C=CC(=O)OCCCCOc1ccc(C(=O)Oc2ccc(C(=O)Oc3ccc(CC)cc3)cc2)cc1,hansen,0,0,0,0,0,0,Train
6804,C=CC(=O)OCCOCCOc1ccc(C(=O)O)cc1,hansen,0,0,0,0,0,0,Internal
6805,CCCCOC(=O)c1ccc(OCCOCCO)cc1,hansen,0,0,0,0,0,0,Train
6806,O=C(O)c1ccc(OCCOCCO)cc1,hansen,0,0,0,0,0,0,External
6807,C=CC(=O)OCCOCCOc1ccc(C(=O)Oc2ccc(OC(=O)c3ccc(OCCCCCCOCC4(C)COC4)cc3)cc2)cc1,hansen,0,0,0,0,0,0,Train
6808,Nc1c(Br)cc(C(F)(C(F)(F)F)C(F)(F)F)cc1C(F)(F)F,hansen,0,0,0,0,0,0,Train
6809,Nc1ccc(C(F)(C(F)(F)F)C(F)(F)F)cc1C(F)(F)F,hansen,0,0,0,0,0,0,Train
6810,COc1c(F)c(F)cc2c(=O)c(C(=O)OB(OC(C)=O)OC(C)=O)cn(CCF)c12,hansen,0,0,0,0,0,0,Train
6811,COc1c(N2CC(F)C(CNC3CC3)C2)c(F)cc2c(=O)c(C(=O)OB(OC(C)=O)OC(C)=O)cn(CCF)c12,hansen,0,0,0,0,0,0,Train
6812,O=C(CCc1ccc(O)cc1)CCc1ccc(O)cc1,hansen,0,0,0,0,0,0,External
6813,O=C(/C=C/c1ccc(O)cc1)/C=C/c1ccc(O)cc1,hansen,0,0,0,0,0,0,Train
6814,O=C1Cc2ccccc2C(=O)O1,hansen,0,0,0,0,0,0,Internal
6815,O=S(=O)(F)NS(=O)(=O)F,hansen,0,0,0,0,0,0,Train
6816,CCN(Cc1ccc(-c2ccc(CN(CC)c3ccc(C)cc3)cc2)cc1)c1ccc(C)cc1,hansen,0,0,0,0,0,0,Train
6817,COc1ccc(CN)cc1,hansen,0,0,0,0,0,0,Train
6818,Fc1c(F)c(F)c([B-](c2ccc(OCc3ccccc3)cc2)(c2c(F)c(F)c(F)c(F)c2F)c2c(F)c(F)c(F)c(F)c2F)c(F)c1F,hansen,0,0,0,0,0,0,Train
6819,c1ccc2c(-c3c4ccccc4cc4ccccc34)cccc2c1,hansen,0,0,0,0,0,0,Train
6820,Brc1c2ccccc2c(-c2cccc3ccccc23)c2ccccc12,hansen,0,0,0,0,0,0,Train
6821,OB(O)c1ccc2ccccc2c1,hansen,0,0,0,0,0,0,Internal
6822,Brc1ccc(I)cc1,hansen,0,0,0,0,0,0,Train
6823,Brc1ccc(-c2ccc3ccccc3c2)cc1,hansen,0,0,0,0,0,0,Train
6824,OB(O)c1c2ccccc2c(-c2cccc3ccccc23)c2ccccc12,hansen,0,0,0,0,0,0,External
6825,c1ccc2cc(-c3ccc(-c4c5ccccc5c(-c5cccc6ccccc56)c5ccccc45)cc3)ccc2c1,hansen,0,0,0,0,0,0,Internal
6826,CCCCCCCCOc1ccc(-n2nc3ccc(OC)cc3n2)c(O)c1,hansen,0,0,0,0,0,0,Train
6827,COC(=O)C1C(C)(C(=O)O)C(C(=O)OC)C1(C)C(=O)O,hansen,0,0,0,0,0,0,Internal
6828,N[C@@H](C[C@](O)(Cc1c[nH]c2ccccc12)C(=O)O)C(=O)O,hansen,0,0,0,0,0,0,Train
6829,Cc1ccc(Nc2nccc(N(C)c3ccc4c(C)n(C)nc4c3)n2)cc1S(N)(=O)=O,hansen,0,0,0,0,0,0,Train
6830,c1ccc(Nc2ccc3c(c2)CCCC3)cc1,hansen,0,0,0,0,0,0,Train
6831,CC(C)(C)OC(=O)N[C@@H]1CN(C2CCCCC2)c2ccccc2NC1=O,hansen,0,0,0,0,0,0,Train
6832,CC(C)(C)OC(=O)N[C@@H]1CNc2ccccc2NC1=O,hansen,0,0,0,0,0,0,Internal
6833,NCCCn1ccnc1,hansen,0,0,0,0,0,0,Train
6834,CC(C)(C)CC1CC(C=O)C1,hansen,0,0,0,0,0,0,External
6835,CC(C)(C)CC1CC(C=C(Br)Br)C1,hansen,0,0,0,0,0,0,Train
6836,C#CC1CC(CC(C)(C)C)C1,hansen,0,0,0,0,0,0,Train
6837,Fc1cc(F)cc(Cl)c1,hansen,0,0,0,0,0,0,Train
6838,C=C(Cl)C(=O)OCCC(F)(F)C(F)(F)C(F)(F)C(F)(F)C(F)(F)C(F)(F)F,hansen,0,0,0,0,0,0,External
6839,CC1CCC(C)c2ccccc21,hansen,0,0,0,0,0,0,External
6840,c1ccc(-n2c3ccccc3c3cc(-c4ccc5[nH]c6ccccc6c5c4)ccc32)cc1,hansen,0,0,0,0,0,0,External
6841,Clc1cc(-c2ccccc2)cc(-c2ccccc2)c1,hansen,0,0,0,0,0,0,Train
6842,c1ccc(-c2cc(-c3ccccc3)cc(-n3c4ccccc4c4cc(-c5ccc6c(c5)c5ccccc5n6-c5ccccc5)ccc43)c2)cc1,hansen,0,0,0,0,0,0,External
6843,CCOc1ccc(-c2ccc(OCC)c(F)c2F)cc1,hansen,0,0,0,0,0,0,Train
6844,CCCCCC[C@@H](C)Oc1ccc(-c2ccc(C3CCC(CCC)CC3)cc2)cc1F,hansen,0,0,0,0,0,0,Internal
6845,O=C1NCCNC1(O)C(F)(F)F,hansen,0,0,0,0,0,0,Train
6846,O=c1[nH]ccnc1C(F)(F)F,hansen,0,0,0,0,0,0,Train
6847,FC(F)(F)c1nccnc1Cl,hansen,0,0,0,0,0,0,External
6848,CCCCOC(=O)c1cc(F)c(F)c(F)c1F,hansen,0,0,0,0,0,0,Train
6849,CCCCOC(=O)c1cc(F)c(C(C#N)C(=O)OCC)c(F)c1F,hansen,0,0,0,0,0,0,Internal
6850,CCOC(=O)C(C#N)c1c(F)cc(C(=O)O)c(F)c1F,hansen,0,0,0,0,0,0,Train
6851,N#CCc1c(F)cc(C(=O)O)c(F)c1F,hansen,0,0,0,0,0,0,Train
6852,N/C(=N\NC(=O)c1ccncc1)c1cc[n+]([O-])cc1,hansen,0,0,0,0,0,0,Train
6853,N#Cc1cc(C(=N)NNC(=O)c2ccncc2)ccn1,hansen,0,0,0,0,0,0,Train
6854,N#Cc1cc(-c2n[nH]c(-c3ccncc3)n2)ccn1,hansen,0,0,0,0,0,0,Train
6855,COC(=O)c1nccnc1C(F)(F)F,hansen,0,0,0,0,0,0,Train
6856,O=C(Nc1ccccc1-c1ccc(F)c(F)c1)c1nccnc1C(F)(F)F,hansen,0,0,0,0,0,0,Train
6857,C=C(C)C(=O)NCCC[Si](OC)(OC)OC,hansen,0,0,0,0,0,0,External
6858,CC(C)(C)OC(=O)N[C@@H](Cc1ccc(O)c(O)c1)C(=O)O,hansen,0,0,0,0,0,0,Train
6859,CC(C)(C)OC(=O)N[C@@H](Cc1ccc(O)c(O)c1)C(=O)OCc1ccccc1,hansen,0,0,0,0,0,0,Train
6860,CC(C)(OC(=O)c1ccccc1)C(=O)O,hansen,0,0,0,0,0,0,Train
6861,CC(C)(OC(=O)c1ccccc1)C(=O)Cl,hansen,0,0,0,0,0,0,Train
6862,CC(C)(C)OC(=O)N[C@@H](Cc1ccc(OC(=O)C(C)(C)OC(=O)c2ccccc2)c(OC(=O)C(C)(C)OC(=O)c2ccccc2)c1)C(=O)OCc1ccccc1,hansen,0,0,0,0,0,0,Train
6863,CC(C)(C)OC(=O)N[C@@H](Cc1ccc(OC(=O)C(C)(C)OC(=O)c2ccccc2)c(OC(=O)C(C)(C)OC(=O)c2ccccc2)c1)C(=O)O,hansen,0,0,0,0,0,0,External
6864,CC(C)(OC(=O)c1ccccc1)C(=O)Oc1ccc(C[C@H](N)C(=O)O)cc1OC(=O)C(C)(C)OC(=O)c1ccccc1,hansen,0,0,0,0,0,0,Train
6865,COC(=O)[C@H](C)OC(=O)c1ccc(Cl)cc1,hansen,0,0,0,0,0,0,Internal
6866,C[C@H](OC(=O)c1ccc(Cl)cc1)C(=O)O,hansen,0,0,0,0,0,0,External
6867,CC(C)(C)OC(=O)N1C[C@H](O)C[C@H]1C(=O)O,hansen,0,0,0,0,0,0,Internal
6868,COc1ccc(/C=C/C(=O)n2ccnc2)cc1,hansen,0,0,0,0,0,0,Train
6869,O=C(OCc1ccccc1)N1C[C@H](CNC2CC2)[C@@H](O)C1,hansen,0,0,0,0,0,0,Train
6870,Fc1ccc([C@@]2(Cn3cncn3)O[C@@H]2c2ccccc2Cl)cc1,hansen,0,0,0,0,0,0,Train
6871,CC(C)c1cccc(NC(=O)c2ccccc2C(F)(F)F)c1,hansen,0,0,0,0,0,0,Train
6872,CC(C)C(=O)c1ccc(O)cc1O,hansen,0,0,0,0,0,0,Train
6873,CNCCc1ccc(N)cc1,hansen,0,0,0,0,0,0,External
6874,O=C1OC(=O)c2cc3ccccc3cc21,hansen,0,0,0,0,0,0,Train
6875,Cc1ccc(N(c2ccc(/C=C/c3ccc(/C=C/c4ccc(N(c5ccc(C)cc5)c5ccc(C)c(C)c5)cc4)cc3)cc2)c2ccc(C)c(C)c2)cc1,hansen,0,0,0,0,0,0,Train
6876,CC1(C)Oc2cc(N)ccc2NC1=O,hansen,0,0,0,0,0,0,Train
6877,Cc1ccc2c(c1)[C@H](Nc1nc(N)nc(C(C)F)n1)[C@@H](C)C2,hansen,0,0,0,0,0,0,Train
6878,C=C[Si](C)(c1ccccc1)c1ccccc1,hansen,0,0,0,0,0,0,Train
6879,O=[N+]([O-])c1cc(Cc2ccc(O)c([N+](=O)[O-])c2)ccc1O,hansen,0,0,0,0,0,0,Train
6880,O=C(OCc1ccccc1)N1C[C@@H](CN(C2CC2)S(=O)(=O)c2ccccc2[N+](=O)[O-])[C@@H](O)C1,hansen,0,0,0,0,0,0,Train
6881,O=C(OCc1ccccc1)N1C[C@@H](CN(C2CC2)S(=O)(=O)c2ccccc2[N+](=O)[O-])[C@H](F)C1,hansen,0,0,0,0,0,0,Train
6882,O=C(OCc1ccccc1)N1C[C@H](CNC2CC2)[C@H](F)C1,hansen,0,0,0,0,0,0,Internal
6883,C=CCC(O)(c1ccccc1)c1ccccc1,hansen,0,0,0,0,0,0,Train
6884,Clc1ccc(/C=C/C=C(c2ccccc2)c2ccccc2)cc1,hansen,0,0,0,0,0,0,Train
6885,CN1C[C@@H](C(=O)OCc2ccccc2)N(C(=O)OCc2ccccc2)C1=O,hansen,0,0,0,0,0,0,Train
6886,CCCC1(OCC)OCC(=O)[C@@]2(O1)[C@@H](C)C[C@H]1[C@@H]3CCC4=CC(=O)C=C[C@]4(C)[C@@]3(F)[C@@H](O)C[C@@]12C,hansen,0,0,0,0,0,0,External
6887,CCCC(=O)O[C@]1(C(=O)CO)[C@@H](C)C[C@H]2[C@@H]3CCC4=CC(=O)C=C[C@]4(C)[C@@]3(F)[C@@H](O)C[C@@]21C,hansen,0,0,0,0,0,0,Internal
6888,CCCC(=O)O[C@]1(C(=O)COC(=O)CC)[C@@H](C)C[C@H]2[C@@H]3CCC4=CC(=O)C=C[C@]4(C)[C@@]3(F)[C@@H](O)C[C@@]21C,hansen,0,0,0,0,0,0,External
6889,CCCCC1COc2cscc2O1,hansen,0,0,0,0,0,0,Train
6890,CC(C)N=C(N)/N=C(\N)Nc1ccc(Cl)cc1,hansen,0,0,0,0,0,0,External
6891,O=C1C(=O)c2ccccc2C(O)=C1C1CCC(c2ccc(Cl)cc2)CC1,hansen,0,0,0,0,0,0,External
6892,Cn1sc2ccccc2c1=O,hansen,0,0,0,0,0,0,Train
6893,C[C@H](C[C@@H](Cc1ccc(-c2ccccc2)cc1)NC(=O)OC(C)(C)C)C(=O)O,hansen,0,0,0,0,0,0,Internal
6894,CCOC(=O)[C@H](C)C[C@H](N)Cc1ccc(-c2ccccc2)cc1,hansen,0,0,0,0,0,0,External
6895,CC(c1cc(C(C)(C)C)cc(C(C)(C)C)c1O)c1cc(C(C)(C)C)cc(C(C)(C)C)c1O,hansen,0,0,0,0,0,0,Train
6896,CCCC1CCC(C2CCC(C(=O)Oc3ccc(C4CCC(CC)CC4)cc3)CC2)CC1,hansen,0,0,0,0,0,0,Train
6897,C=CC1CCC(c2cc(F)c(C#N)c(F)c2)CC1,hansen,0,0,0,0,0,0,External
6898,CCCCC1CCC(C(=O)Oc2ccc(F)c(F)c2)CC1,hansen,0,0,0,0,0,0,Train
6899,CCCC1CCC(C2CCC(C(=O)Oc3ccc(F)c(F)c3)CC2)CC1,hansen,0,0,0,0,0,0,Train
6900,O=C(CCCCCCCCCCC(=O)OCCOc1ccc(-c2nc(-c3ccccc3)nc(-c3ccccc3)n2)c(O)c1)OCCOc1ccc(-c2nc(-c3ccccc3)nc(-c3ccccc3)n2)c(O)c1,hansen,0,0,0,0,0,0,Train
6901,CCOC(=O)CN=Cc1ccccc1,hansen,0,0,0,0,0,0,Train
6902,Fc1cc(OC(=S)c2c(F)cc(Cl)cc2F)cc(F)c1F,hansen,0,0,0,0,0,0,Train
6903,Fc1cc(OC(F)(F)c2c(F)cc(Cl)cc2F)cc(F)c1F,hansen,0,0,0,0,0,0,Train
6904,CCCc1ccc(-c2ccc(-c3ccc(C)cc3)c(F)c2F)cc1,hansen,0,0,0,0,0,0,Train
6905,Nc1nc(Cl)nc(Nc2ccc(S(=O)(=O)O)c(/N=N/c3c(S(=O)(=O)O)cc4cc(S(=O)(=O)O)c(/N=N/c5cc(S(=O)(=O)O)ccc5S(=O)(=O)O)c(N)c4c3O)c2)n1,hansen,0,0,0,0,0,0,Train
6906,O=C(Cl)c1ccc(Cl)nc1,hansen,0,0,0,0,0,0,External
6907,CCOC(=O)[C@@H](N)Cc1cscn1,hansen,0,0,0,0,0,0,External
6908,CC(C)(C)OC(=O)N[C@@H](Cc1cscn1)C(=O)O,hansen,0,0,0,0,0,0,Train
6909,N[C@@H](Cc1cscn1)C(=O)O,hansen,0,0,0,0,0,0,External
6910,C[C@@H]1CCO[C@H]2Cn3cc(C(=O)NCc4ccc(F)cc4F)c(=O)c(O)c3C(=O)N12,hansen,0,0,0,0,0,0,Train
6911,C(/C=C/c1ccc(N(c2ccc(/C=C/C=C(c3ccccc3)c3ccccc3)cc2)c2ccc(/C=C/C=C(c3ccccc3)c3ccccc3)cc2)cc1)=C(c1ccccc1)c1ccccc1,hansen,0,0,0,0,0,0,Train
6912,Clc1ccc(/C=C/c2ccc(/C=C/c3ccc(Cl)cc3)cc2)cc1,hansen,0,0,0,0,0,0,Train
6913,Cc1ccc(N(c2ccc(/C=C/c3ccc(/C=C/c4ccc(N(c5ccc(C)cc5)c5ccc(C)cc5C)cc4)cc3)cc2)c2ccc(C)cc2C)cc1,hansen,0,0,0,0,0,0,Train
6914,Cc1cc(CC(C)C[Si](C)(O[Si](C)(C)C)O[Si](C)(C)C)c(O)c(-n2nc3ccccc3n2)c1,hansen,0,0,0,0,0,0,Train
6915,CCOC(=O)C(=Cc1ccccc1)C(=O)OCC,hansen,0,0,0,0,0,0,Train
6916,CC(C)(C)OC(=O)N1C[C@H](Oc2nc3ccccc3c3ccccc23)C[C@H]1C(=O)O,hansen,0,0,0,0,0,0,Train
6917,CC(=O)OCCCc1ccc(I)cc1,hansen,0,0,0,0,0,0,Train
6918,Cc1ccc(N(c2ccc(CCCO)cc2)c2ccc(CCCO)cc2)cc1C,hansen,0,0,0,0,0,0,External
6919,C=CC(=O)OCCCc1ccc(N(c2ccc(CCCOC(=O)C=C)cc2)c2ccc(C)c(C)c2)cc1,hansen,0,0,0,0,0,0,External
6920,COC(=O)c1ccc2c(c1)CCC(C(=O)OC)C2,hansen,0,0,0,0,0,0,External
6921,O=C1CO[C@@H](CCl)CN1Cc1ccccc1,hansen,0,0,0,0,0,0,Train
6922,ClC[C@H]1CN(Cc2ccccc2)CCO1,hansen,0,0,0,0,0,0,Train
6923,Cc1ccc(S(=O)(=O)OCC2CCN(C(=O)OC(C)(C)C)CC2)cc1,hansen,0,0,0,0,0,0,Train
6924,Cc1ccc(/C=C/c2ccc(N(c3ccccc3)c3ccc4c(c3)CCCC4)cc2)cc1,hansen,0,0,0,0,0,0,Train
6925,CCCN(c1ccc2c(-c3ccccc3S(=O)(=O)[O-])c3ccc(N(CCC)c4c(C)cccc4C)cc3[o+]c2c1)c1c(C)cccc1C,hansen,0,0,0,0,0,0,Train
6926,CCCCn1ccnc1,hansen,0,0,0,0,0,0,Train
6927,Brc1ccc2[nH]c3ccccc3c2c1,hansen,0,0,0,0,0,0,Train
6928,CCCCCCCCCCCCCCCCCCCCCCNC(=O)CCc1ccc(O)cc1,hansen,0,0,0,0,0,0,Internal
6929,Oc1oc(-c2ccccc2)nc1/N=N/c1ccc(Cl)c(COCC(F)(F)C(F)(F)F)c1,hansen,0,0,0,0,0,0,Internal
6930,O=C(Nc1cccc(C(=O)O)c1)Oc1ccccc1,hansen,0,0,0,0,0,0,Internal
6931,CC(C)(C)OC(=O)N[C@@H]1CN(C2CCCCC2)c2ccccc2N(CC(=O)C(C)(C)C)C1=O,hansen,0,0,0,0,0,0,Train
6932,CC(C)(C)C(=O)CN1C(=O)[C@H](N)CN(C2CCCCC2)c2ccccc21,hansen,0,0,0,0,0,0,Train
6933,CC(C)(C)C(=O)CN1C(=O)[C@H](NC(=O)Nc2cccc(C(=O)O)c2)CN(C2CCCCC2)c2ccccc21,hansen,0,0,0,0,0,0,Internal
6934,O=C(O)C(CCC(F)(F)C(F)(F)Br)C(=O)O,hansen,0,0,0,0,0,0,External
6935,O=C(O)CCCC(F)(F)C(F)(F)Br,hansen,0,0,0,0,0,0,External
6936,O=C(Cl)CCCC(F)(F)C(F)(F)Br,hansen,0,0,0,0,0,0,Train
6937,CC(=O)c1ccc(Cl)nc1,hansen,0,0,0,0,0,0,Internal
6938,CC(OC(=O)ON1C(=O)CCC1=O)OC(=O)C(C)C,hansen,0,0,0,0,0,0,Internal
6939,CC(OC(=O)NCC1(CC(=O)O)CCCCC1)OC(=O)C(C)C,hansen,0,0,0,0,0,0,Train
6940,CCOC(=O)c1sc(N)c(C(=O)OCC)c1C,hansen,0,0,0,0,0,0,Train
6941,CCOC(=O)[C@H](C)C[C@@H](Cc1ccc(-c2ccccc2)cc1)NC(=O)CCC(=O)O,hansen,0,0,0,0,0,0,Train
6942,CCCCCC(CC)n1c2cc(C(=O)c3ccccc3C)sc2c2sc(/C(C)=N\OC(C)=O)cc21,hansen,0,0,0,0,0,0,External
6943,O=C(O/N=C(/CC1CCCC1)C(=O)c1ccc(Sc2ccc(C(=O)c3cccs3)cc2)cc1)c1ccccc1,hansen,0,0,0,0,0,0,Train
6944,O=C(NC[C@H]1CN(c2ccc(N3CCOCC3=O)cc2)C(=O)O1)c1ccc(Cl)s1,hansen,0,0,0,0,0,0,Train
6945,CCCCCc1ccc(-c2ccc(B(O)O)c(F)c2)cc1,hansen,0,0,0,0,0,0,Train
6946,CC(C)c1ccccc1Br,hansen,0,0,0,0,0,0,Train
6947,O=Cc1cccc(Br)n1,hansen,0,0,0,0,0,0,Train
6948,CC(C)c1cccc(C(C)C)c1/N=C/c1cccc(-c2cccc3ccccc23)n1,hansen,0,0,0,0,0,0,Train
6949,CC(C)c1ccccc1C(Nc1c(C(C)C)cccc1C(C)C)c1cccc(-c2cccc3ccccc23)n1,hansen,0,0,0,0,0,0,External
6950,C=C[C@@H]1C[C@]1(NC(=O)[C@@H]1C[C@@H](Oc2nc3ccccc3c3ccccc23)CN1C(=O)OC(C)(C)C)C(=O)OCC,hansen,0,0,0,0,0,0,Train
6951,O=C1CCNc2ccccc21,hansen,0,0,0,0,0,0,Train
6952,COC(=O)c1c(C)nn(C)c1C,hansen,0,0,0,0,0,0,Internal
6953,CON(C)C(=O)C(CCCOCc1ccccc1)CC(=O)OC(C)(C)C,hansen,0,0,0,0,0,0,Train
6954,CC(C)(C)OC(=O)CC(/C=N\O)CCCOCc1ccccc1,hansen,0,0,0,0,0,0,Train
6955,CC(C)(C)CC1CC(c2cc(C(CCCOCc3ccccc3)CC(=O)OC(C)(C)C)no2)C1,hansen,0,0,0,0,0,0,Train
6956,Cn1c(=O)[nH]c(=O)[nH]c1=O,hansen,0,0,0,0,0,0,Train
6957,CCn1c2ccc(C(C)=O)cc2c2cc(C(=O)c3ccc(OCC4COC(C)(C)O4)cc3C)ccc21,hansen,0,0,0,0,0,0,Train
6958,CCn1c2ccc(C(=O)c3ccc(OCC4COC(C)(C)O4)cc3C)cc2c2cc(/C(C)=N\O)ccc21,hansen,0,0,0,0,0,0,Train
6959,O=C1CCC(c2ccc(Cl)c(Cl)c2)c2ccccc21,hansen,0,0,0,0,0,0,Train
6960,CN=C1CCC(c2ccc(Cl)c(Cl)c2)c2ccccc21,hansen,0,0,0,0,0,0,Train
6961,CCCCCCCSCCNC(=O)Nc1cccc(S(=O)(=O)O)c1,hansen,0,0,0,0,0,0,Internal
6962,CS(=O)(=O)Oc1c(F)c(F)c(F)c(F)c1F,hansen,0,0,0,0,0,0,Train
6963,C=C[Si](Cl)(c1ccccc1)c1ccccc1,hansen,0,0,0,0,0,0,Train
6964,CC(C(=O)O)C(=O)O,hansen,0,0,0,0,0,0,Train
6965,CSc1cccc(Cl)c1Cl,hansen,0,0,0,0,0,0,Train
6966,CSc1ccc(Br)c(Cl)c1Cl,hansen,0,0,0,0,0,0,Train
6967,CS(=O)(=O)c1ccc(Br)c(Cl)c1Cl,hansen,0,0,0,0,0,0,Train
6968,CS(=O)(=O)c1ccc(Br)c(Cl)c1O,hansen,0,0,0,0,0,0,Train
6969,COc1cccc(N)c1Br,hansen,0,0,0,0,0,0,Train
6970,COc1ccc(C(C)=O)c(N)c1Br,hansen,0,0,0,0,0,0,Train
6971,CC(C)C(=O)Nc1nc(C(=O)O)cs1,hansen,0,0,0,0,0,0,External
6972,COc1ccc2c(=O)cc(-c3csc(NC(=O)C(C)C)n3)[nH]c2c1Br,hansen,0,0,0,0,0,0,Train
6973,COc1ccc2c(c1Br)NC(c1csc(NC(=O)C(C)C)n1)=CC2S(=O)(=O)c1ccccc1,hansen,0,0,0,0,0,0,Train
6974,O=C(Oc1ccc([N+](=O)[O-])cc1)C1CCN(c2ccc([N+](=O)[O-])cc2)CC1,hansen,0,0,0,0,0,0,Internal
6975,Cc1ccc(N(c2ccccc2)c2ccc(C=C(c3ccccc3)c3ccccc3)cc2)cc1,hansen,0,0,0,0,0,0,Train
6976,CCC(CC)(CCCCl)C(=O)Nc1[nH]cc(C(C)C)c1C(=O)OC1C(C(C)(C)C)CC(C)CC1C(C)(C)C,hansen,0,0,0,0,0,0,Train
6977,C=CCOc1ccc(C2(c3ccc(OCC=C)c(C)c3)c3ccccc3-c3ccccc32)cc1C,hansen,0,0,0,0,0,0,Internal
6978,OCCOc1ccc(C2(c3ccc(OCCO)cc3OCCO)c3ccccc3-c3ccccc32)c(OCCO)c1,hansen,0,0,0,0,0,0,Train
6979,CO[Si](CCCSCCCOc1ccc(C2(c3ccc(OCCCSCCC[Si](OC)(OC)OC)c(C)c3)c3ccccc3-c3ccccc32)cc1C)(OC)OC,hansen,0,0,0,0,0,0,Train
6980,COc1cc2c(cc1Cc1cccc(Cl)c1F)c(=O)c(C(=O)O)cn2[C@H](CO)C(C)C,hansen,0,0,0,0,0,0,Train
6981,CC(C)c1nc(CN(C)C(=O)N[C@@H](CCN2CCOCC2)C(=O)N[C@H](CC[C@H](Cc2ccccc2)NC(=O)OCc2cncs2)Cc2ccccc2)cs1,hansen,0,0,0,0,0,0,Train
6982,C=C(C)C(=O)Oc1ccc(C(=O)c2ccccc2)cc1,hansen,0,0,0,0,0,0,Train
6983,CC(CC(C)(C)C)CP(=O)(O)CC(C)CC(C)(C)C,hansen,0,0,0,0,0,0,Train
6984,O=C(OC1CCC(c2ccc(O)cc2)CC1)c1ccc(O)cc1,hansen,0,0,0,0,0,0,Internal
6985,Cc1ccc(CN(Cc2ccc(C)cc2)c2ccc(N(c3ccc(N(Cc4ccc(C)cc4)Cc4ccc(C)cc4)cc3)c3ccc(N(c4ccc(N(Cc5ccc(C)cc5)Cc5ccc(C)cc5)cc4)c4ccc(N(Cc5ccc(C)cc5)Cc5ccc(C)cc5)cc4)cc3)cc2)cc1,hansen,0,0,0,0,0,0,Train
6986,Brc1cc(Br)c2c(c1)C1C=CCC1O2,hansen,0,0,0,0,0,0,Train
6987,C1=CC2c3ccccc3OC2C1,hansen,0,0,0,0,0,0,Internal
6988,CCCCCCCCc1c(CC)nc2ncnn2c1N,hansen,0,0,0,0,0,0,Train
6989,C=CCOc1ccc(C2CCC(CCCCC)CC2)cc1,hansen,0,0,0,0,0,0,Train
6990,CC1CCC(C(C)C)C(C(=O)NCCc2ccccn2)C1,hansen,0,0,0,0,0,0,External
6991,CC(C)Cc1cccc(N)c1,hansen,0,0,0,0,0,0,Train
6992,COc1cc(C(=O)O)ccc1OCCO,hansen,0,0,0,0,0,0,Train
6993,COC(=O)c1ccc(OCCO)c(OC)c1,hansen,0,0,0,0,0,0,Train
6994,Cc1cc(OCCCCl)ccc1Cc1c(OC2OC(COC(=O)C(C)(C)C)C(OC(=O)C(C)(C)C)C(OC(=O)C(C)(C)C)C2OC(=O)C(C)(C)C)n[nH]c1C(C)C,hansen,0,0,0,0,0,0,Train
6995,Cc1cc(OCc2ccccc2)ccc1Cc1c(OC2OC(COC(=O)C(C)(C)C)C(OC(=O)C(C)(C)C)C(OC(=O)C(C)(C)C)C2OC(=O)C(C)(C)C)n[nH]c1C(C)C,hansen,0,0,0,0,0,0,Train
6996,C=Cc1ccc(CC2(C)C(=O)OC(C)(CC)OC2=O)cc1,hansen,0,0,0,0,0,0,External
6997,CC(=O)COC(=O)CCN(Cc1ccccc1)c1ccccc1,hansen,0,0,0,0,0,0,Internal
6998,N#CCCN(CCc1ccccc1)c1ccccc1,hansen,0,0,0,0,0,0,Train
6999,CO[Si](OC)(OC)c1cccc2ccccc12,hansen,0,0,0,0,0,0,Train
7000,CC(=O)CC(=O)OC1CCC(C(C)(C)C2CCC(OC(=O)CC(C)=O)CC2)CC1,hansen,0,0,0,0,0,0,Train
7001,O=C(O)CCS(=O)(=O)O,hansen,0,0,0,0,0,0,Internal
7002,O=C1c2nccnc2C(O)N1c1ccc(Cl)cn1,hansen,0,0,0,0,0,0,Train
7003,O=[N+]([O-])c1cc(Br)ccc1C(F)(F)F,hansen,0,0,0,0,0,0,Train
7004,C=C(COCCC(O)(C(F)(F)F)C(F)(F)F)C(=O)OCC,hansen,0,0,0,0,0,0,Train
7005,O=C(CC(=O)C(F)(F)F)C(F)(F)F,hansen,0,0,0,0,0,0,Train
7006,Cn1nnc(N)n1,hansen,0,0,0,0,0,0,Train
7007,COC(=O)N1CCCC(=O)c2cc(C)cc(C)c21,hansen,0,0,0,0,0,0,External
7008,C=C(C)C(=O)OCCOC(=O)NCC1(C)CC(NC(=O)OCCOC(=O)C(=C)C)CC(C)(C)C1,hansen,0,0,0,0,0,0,Train
7009,CCCCCCCCCCCC(=O)Nc1ccc(Nc2ccccc2)cc1,hansen,0,0,0,0,0,0,Train
7010,COc1ccc(N)c(C(=O)O)c1,hansen,0,0,0,0,0,0,Train
7011,CCOC(=O)c1sc2nc(Cc3ccc(Cl)c(Cl)c3)[nH]c(=O)c2c1C,hansen,0,0,0,0,0,0,External
7012,Cc1c(C(=O)O)sc2nc(Cc3ccc(Cl)c(Cl)c3)[nH]c(=O)c12,hansen,0,0,0,0,0,0,External
7013,Cc1ccc([N+]#N)cc1S(=O)(=O)O,hansen,0,0,0,0,0,0,Train
7014,O=C(O)[C@@H]1CC[C@H](O)CN1,hansen,0,0,0,0,0,0,Train
7015,Cc1cc(C)c2c(c1)[C@@H](Nc1nnn(C)n1)CCCN2,hansen,0,0,0,0,0,0,Internal
7016,N/C=N/CC(=O)O,hansen,0,0,0,0,0,0,Train
7017,O=Cc1nc[nH]c1Cl,hansen,0,0,0,0,0,0,Train
7018,N#Cc1c(-c2ccc(Cl)cc2)[nH]c(C(F)(F)F)c1Br,hansen,0,0,0,0,0,0,Train
7019,CC(C)C1(C)N=C(c2ncccc2C(=O)O)NC1=O,hansen,0,0,0,0,0,0,Train
7020,C=CC(=O)OCCOc1ccc(C(=O)c2ccccc2)cc1,hansen,0,0,0,0,0,0,Train
7021,COC(=O)c1c(C)cc(O)cc1C,hansen,0,0,0,0,0,0,Train
7022,CC#CC(=O)O,hansen,0,0,0,0,0,0,Internal
7023,CCOC(=O)c1scnc1C,hansen,0,0,0,0,0,0,External
7024,N#Cc1cc(Br)ccc1F,hansen,0,0,0,0,0,0,Train
7025,CC(C)COc1ccc(Br)cc1C#N,hansen,0,0,0,0,0,0,Train
7026,O=C(CBr)c1ccccc1F,hansen,0,0,0,0,0,0,Train
7027,CCCOc1ccc(F)cc1[N+](=O)[O-],hansen,0,0,0,0,0,0,Train
7028,CC(C)COC(=O)Oc1ccccc1,hansen,0,0,0,0,0,0,Train
7029,COc1ccc2nc(C)oc(=O)c2c1,hansen,0,0,0,0,0,0,Train
7030,O=C1CCCCC12CCCC2,hansen,0,0,0,0,0,0,Train
7031,CC(C)=CCC/C(C)=C/CC/C(C)=C/CSc1ccccc1C(=O)O,hansen,0,0,0,0,0,0,Train
7032,COc1cc2c(cc1OC)CC(=O)N(CCCN(C)C[C@H]1Cc3cc(OC)c(OC)cc31)CC2,hansen,0,0,0,0,0,0,Train
7033,CC(Br)C(=O)c1ccc(OCc2ccccc2)cc1,hansen,0,0,0,0,0,0,Train
7034,O=c1[nH]c(CCl)c(Cl)c(=O)[nH]1,hansen,0,0,0,0,0,0,Train
7035,N=C1CCCN1Cc1[nH]c(=O)[nH]c(=O)c1Cl,hansen,0,0,0,0,0,0,External
7036,O=C1SC(COCc2ccccc2)C(OCc2ccccc2)C(OCc2ccccc2)C1OCc1ccccc1,hansen,0,0,0,0,0,0,Internal
7037,COC(=O)Cc1ccc(-c2ccccc2)cc1,hansen,0,0,0,0,0,0,Train
7038,CC(C)(C)OC(=O)NCCON1C(=O)c2ccccc2C1=O,hansen,0,0,0,0,0,0,Train
7039,c1ccc(Nc2ccc(-c3ccccc3)cc2)cc1,hansen,0,0,0,0,0,0,Train
7040,Cc1ccc(Nc2ccc(-c3ccccc3)cc2)cc1,hansen,0,0,0,0,0,0,Train
7041,C=C(C)C(=O)OC1CC(C)CC(C)(C)C1,hansen,0,0,0,0,0,0,External
7042,CCCCCCCCCC(C)(C)SSc1nnc(SSC(C)(C)CCCCCCCCC)s1,hansen,0,0,0,0,0,0,Train
7043,CC(C)c1c(C(=O)Nc2ccccc2)c(-c2ccccc2)c(-c2ccc(F)cc2)n1CC[C@@H]1C[C@H](CC(=O)OC(C)(C)C)OC(C)(C)O1,hansen,0,0,0,0,0,0,Train
7044,CCCCCCCCCc1cc(C(C)(C)C)c(O)c(C(C)(C)C)c1,hansen,0,0,0,0,0,0,Train
7045,O/N=C/Cc1ccccc1,hansen,0,0,0,0,0,0,Train
7046,CC(C)c1cccc(N)c1,hansen,0,0,0,0,0,0,Internal
7047,CNc1ccccc1F,hansen,0,0,0,0,0,0,Train
7048,CN(C[C@H](O)CO)c1ccccc1F,hansen,0,0,0,0,0,0,Train
7049,CNC(=O)C(OC)c1ccccc1COc1cc(C)ccc1C,hansen,0,0,0,0,0,0,Train
7050,O=S(=O)(Cl)c1cc(Br)cc(C(F)(F)F)c1,hansen,0,0,0,0,0,0,External
7051,OB(O)c1ccc(OC(F)(F)F)cc1,hansen,0,0,0,0,0,0,Train
7052,CCOc1ccc(Cc2cc([C@@H]3S[C@H](CO)[C@@H](O)[C@H](O)[C@H]3O)c(OC)cc2C)cc1,hansen,0,0,0,0,0,0,External
7053,CC1=Cc2c(cccc2-c2ccc(C(C)(C)C)cc2)C1,hansen,0,0,0,0,0,0,Internal
7054,N#C/C(=C\c1ccc(O)cc1)C(=O)O,hansen,0,0,0,0,0,0,External
7055,OB(O)c1cccc2c1oc1ccccc12,hansen,0,0,0,0,0,0,External
7056,COC(=O)C1(C(=O)OC)CC1,hansen,0,0,0,0,0,0,Train
7057,CC(C)(C)OC(=O)NC(C)(C)C(=O)N[C@H](Cc1c[nH]c2ccccc12)C(=O)O,hansen,0,0,0,0,0,0,Internal
7058,C/C=C1\CC2CCC1C2,hansen,0,0,0,0,0,0,Train
7059,Brc1ccc(-c2ccc3c(c2)c2ccccc2n3-c2ccccc2)cc1,hansen,0,0,0,0,0,0,External
7060,CC1(C)c2ccccc2-c2ccc(Nc3ccc(-c4ccccc4)cc3)cc21,hansen,0,0,0,0,0,0,Train
7061,CC(C)c1c(C(=O)Nc2ccccc2)c(-c2ccccc2)c(-c2ccc(F)cc2)n1CC[C@@H](O)C[C@@H](O)CC(=O)OC(C)(C)C,hansen,0,0,0,0,0,0,Train
7062,COC(c1ccc(N(C(=O)c2c(C)nn(C)c2C)C(=O)C(C)C)cc1CC(C)C)(C(F)(F)F)C(F)(F)F,hansen,0,0,0,0,0,0,Train
7063,CCCCCCCCCCCCSC(=S)SC(C)(C#N)CCC(=O)O,hansen,0,0,0,0,0,0,Train
7064,Cc1nn(C)c(F)c1C(=O)Nc1ccccc1C(C)CC(C)C,hansen,0,0,0,0,0,0,Internal
7065,CC(C)N(C(=O)COc1nnc(C(F)(F)F)s1)c1ccc(F)cc1,hansen,0,0,0,0,0,0,Train
7066,C/C=C/C=C/C(=O)OCCC[Si](OC)(OC)OC,hansen,0,0,0,0,0,0,Train
7067,CC(=O)Oc1ccc(-c2nc3ccccc3c(=O)o2)cc1,hansen,0,0,0,0,0,0,Train
7068,CO[Si](OC)(OC)c1cccc(NC(C)=O)c1,hansen,0,0,0,0,0,0,External
7069,CCC1=C(C)CN(C(=O)NCCc2ccc(S(=O)(=O)NC(=O)NC3CCC(C)CC3)cc2)C1=O,hansen,0,0,0,0,0,0,Train
7070,CC(C)C1N=C(c2ccccc2)OC1=O,hansen,0,0,0,0,0,0,Train
7071,CC(C)C(NC(=O)c1ccccc1)C(=O)O,hansen,0,0,0,0,0,0,External
7072,BrC=C(c1ccccc1)c1ccccc1,hansen,0,0,0,0,0,0,Train
7073,Clc1ncnc2[nH]cc(I)c12,hansen,0,0,0,0,0,0,Internal
7074,O=C(NC(=O)c1c(F)cccc1F)Nc1cc(C(F)(F)F)cc(C(F)(F)F)c1Cl,hansen,0,0,0,0,0,0,Train
7075,CO[Si](CCC1C[C@@H]2C=C[C@H]1C2)(OC)OC,hansen,0,0,0,0,0,0,Train
7076,CC(C)(C)OC(=O)N1[C@@H]2CC[C@@H](C2)[C@H]1C(=O)O,hansen,0,0,0,0,0,0,Train
7077,CNC(=O)c1cc(C#N)cc(C)c1NC(=O)c1cc(Br)nn1-c1ncccc1Cl,hansen,0,0,0,0,0,0,Train
7078,OCCOc1ccc2ccccc2c1-c1c(OCCO)ccc2ccccc12,hansen,0,0,0,0,0,0,Train
7079,Cc1c(C(=O)c2c[nH]n(C)c2=O)ccc(S(C)(=O)=O)c1C1=NOCC1,hansen,0,0,0,0,0,0,Train
7080,CC(C)(O)C(=O)c1ccc(Oc2ccc(C(=O)C(C)(C)O)cc2)cc1,hansen,0,0,0,0,0,0,External
7081,CC(C)(C)OC(=O)N1[C@@H]2CC[C@@H](C2)[C@H]1c1nc2ccc(Br)cc2[nH]1,hansen,0,0,0,0,0,0,Train
7082,O=C(NCc1ccccc1)Nc1ccccc1,hansen,0,0,0,0,0,0,External
7083,CCc1ccc2c(c1)C(COC)NCC2,hansen,0,0,0,0,0,0,Train
7084,C=CC(=O)OCCCCOc1ccc(C(=O)Oc2ccc(C#N)cc2)cc1,hansen,0,0,0,0,0,0,Train
7085,CCCCC(CC)CN(CC(CC)CCCC)Sc1nc2ccccc2s1,hansen,0,0,0,0,0,0,Train
7086,CCCOc1ccc(OCCC)c(F)c1F,hansen,0,0,0,0,0,0,Train
7087,Cc1cc(C)c2cc(C(=O)O)oc2c1,hansen,0,0,0,0,0,0,External
7088,CCCOc1ccc(S(=O)(=O)NCCC2CCCN2C)cc1-c1nc(=O)c2c([nH]1)c(CCC)nn2C,hansen,0,0,0,0,0,0,Train
7089,O=C(O)CN1CCN(CC(=O)O)CCN(CC(=O)O)CCN(CC(=O)O)CC1,hansen,0,0,0,0,0,0,Train
7090,S=C(Sc1nc2ccccc2s1)N(Cc1ccccc1)Cc1ccccc1,hansen,0,0,0,0,0,0,Internal
7091,COCC(C)Oc1ccc(C(=O)O)c(C)c1,hansen,0,0,0,0,0,0,Train
7092,C=CCc1ccc(O)c(CC=C)c1O,hansen,0,0,0,0,0,0,External
7093,c1ccc2c(c1)oc1c(-c3ccc(Nc4ccc(-c5cccc6c5oc5ccccc56)cc4)cc3)cccc12,hansen,0,0,0,0,0,0,Train
7094,CC(C)(C)c1ccc(P(c2ccc(C(C)(C)C)cc2)c2ccc(C(C)(C)C)cc2)cc1,hansen,0,0,0,0,0,0,Train
7095,C=CC(=O)OCCCCCCOc1ccc(O)cc1,hansen,0,0,0,0,0,0,External
7096,CCSCC(=O)O,hansen,0,0,0,0,0,0,Train
7097,Fc1cc(Br)ccc1Cl,hansen,0,0,0,0,0,0,Internal
7098,OCc1cc(C2CCCCC2)cc(CO)c1O,hansen,0,0,0,0,0,0,External
7099,Cn1ccccc1=S,hansen,0,0,0,0,0,0,Train
7100,CC(C)c1cc(C(C)C)c(S(=O)(=O)Cl)c(C(C)C)c1,hansen,0,0,0,0,0,0,Internal
7101,O=C(O)CCP(=O)(O)c1ccccc1,hansen,0,0,0,0,0,0,Train
7102,C=Cc1ccc(CN(CC(=O)O)CC(=O)O)cc1,hansen,0,0,0,0,0,0,External
7103,CO[Si](OC)(OC)c1cccc(N)c1,hansen,0,0,0,0,0,0,External
7104,COC(=O)C(Br)c1ccccc1Cl,hansen,0,0,0,0,0,0,Train
7105,CC(C)c1cc(C(C)C)c(S(=O)(=O)N[C@@H](c2ccccc2)[C@@H](N)c2ccccc2)c(C(C)C)c1,hansen,0,0,0,0,0,0,External
7106,CC(C)CCCCCCCCCCCCCCCOC(=O)/C=C/C(=O)OCCCCCCCCCCCCCCCC(C)C,hansen,0,0,0,0,0,0,Train
7107,N#CCOc1ccc(Cl)cc1,hansen,0,0,0,0,0,0,Train
7108,CCc1ccc(Cc2ccc3c(c2)[C@]2(OC3)O[C@H](CO)[C@@H](O)[C@H](O)[C@H]2O)cc1,hansen,0,0,0,0,0,0,Train
7109,OCCCc1ccc(I)cc1,hansen,0,0,0,0,0,0,Train
7110,Nc1c(Cl)ccc2nsnc12,hansen,0,0,0,0,0,0,Train
7111,Nc1ccc(I)cc1F,hansen,0,0,0,0,0,0,Train
7112,CCCC(NC(C)C(=O)O)C(=O)OCC,hansen,0,0,0,0,0,0,Train
7113,O=C(O)[C@@H]1C[C@@H]2CCCC[C@@H]2N1,hansen,0,0,0,0,0,0,Train
7114,CCCc1nc2c(C)cc(-c3nc4ccccc4n3C)cc2[nH]1,hansen,0,0,0,0,0,0,External
7115,COc1cc2nc(N3CCN(C(=O)C4CCCO4)CC3)nc(N)c2cc1OC,hansen,0,0,0,0,0,0,Train
7116,COc1ccc2cc(C=O)ccc2c1,hansen,0,0,0,0,0,0,Train
7117,O=[N+]([O-])c1ccccc1Nc1ccc(Br)cc1,hansen,0,0,0,0,0,0,Train
7118,CCc1nc2ccccc2n1-c1ccc(Br)cc1,hansen,0,0,0,0,0,0,Train
7119,c1ccc(-c2ccc(-c3c4ccccc4cc4ccccc34)cc2)cc1,hansen,0,0,0,0,0,0,Train
7120,Brc1c2ccccc2c(-c2ccc(-c3ccccc3)cc2)c2ccccc12,hansen,0,0,0,0,0,0,Internal
7121,OB(O)c1c2ccccc2c(-c2ccc(-c3ccccc3)cc2)c2ccccc12,hansen,0,0,0,0,0,0,Train
7122,CCCc1nc2c(C)cc(-c3nc4ccccc4n3C)cc2n1Cc1ccc(-c2ccccc2C(=O)OC)cc1,hansen,0,0,0,0,0,0,Train
7123,O=C1CC(C(=O)O)C1,hansen,0,0,0,0,0,0,Train
7124,C=C(C)CSC,hansen,0,0,0,0,0,0,Train
7125,CS(=O)(=O)c1cccc(S(=O)(=O)Cl)c1,hansen,0,0,0,0,0,0,External
7126,O=C(Cl)COCc1ccccc1,hansen,0,0,0,0,0,0,Train
7127,C=C(C)C(=O)OC1CC2C=CC1C2,hansen,0,0,0,0,0,0,External
7128,Oc1ccc(C2(c3ccc(O)cc3)CCCCCCCCCCC2)cc1,hansen,0,0,0,0,0,0,Train
7129,CN(CC(=O)O)C(N)=O,hansen,0,0,0,0,0,0,Train
7130,COC1C(=O)NC(=O)N1C,hansen,0,0,0,0,0,0,External
7131,OCCc1ccc(-c2ccccc2)cc1,hansen,0,0,0,0,0,0,External
7132,COC(=O)c1ccc2c(c1)NC(=O)C2,hansen,0,0,0,0,0,0,Train
7133,COc1cc(O)ccc1O,hansen,0,0,0,0,0,0,Train
7134,O=C(/C=C/C1C(OC(=O)c2ccccc2)CC2OC(=O)CC21)CCc1ccccc1,hansen,0,0,0,0,0,0,Train
7135,COC(CNCc1ccccc1)OC,hansen,0,0,0,0,0,0,Train
7136,O=C1O[C@@H]2C[C@@H]3C[C@H]1C[C@@H](C3)[C@H]2O,hansen,0,0,0,0,0,0,Train
7137,c1ccc(Oc2cccc(Oc3cccc(Oc4cccc(Oc5ccccc5)c4)c3)c2)cc1,hansen,0,0,0,0,0,0,External
7138,c1ccc(Oc2ccc(Oc3cccc(Oc4cccc(Oc5ccccc5)c4)c3)cc2)cc1,hansen,0,0,0,0,0,0,Train
7139,O=C(O)CNC(=O)C(Cc1ccccn1)NC(=O)/C=C/c1ccc(Cl)cc1,hansen,0,0,0,0,0,0,External
7140,CC(C)(C)OC(=O)NC(Cc1ccccn1)C(=O)NCC(=O)OCc1ccccc1,hansen,0,0,0,0,0,0,Train
7141,O=C(/C=C/c1ccc(Cl)cc1)NC(Cc1ccccn1)C(=O)NCC(=O)OCc1ccccc1,hansen,0,0,0,0,0,0,Internal
7142,N#Cc1snc(Cl)c1Cl,hansen,0,0,0,0,0,0,External
7143,C=C(C)C(=O)OCC/N=C(\C)CC(C)C,hansen,0,0,0,0,0,0,Train
7144,N/C(O)=N/c1cc(Nc2nc(Cl)nc(NCCOCCO)n2)ccc1/N=N/c1cc2c(S(=O)(=O)O)cc(S(=O)(=O)O)cc2cc1S(=O)(=O)O,hansen,0,0,0,0,0,0,External
7145,O=C1c2ccccc2C(=O)c2cc(SCCO)ccc21,hansen,0,0,0,0,0,0,Train
7146,O=c1c2ccccc2sc2ccc(O)cc12,hansen,0,0,0,0,0,0,Train
7147,Nc1nc(=S)ss1,hansen,0,0,0,0,0,0,Train
7148,CC(C)C(C#N)NC(=O)OCC(F)(F)F,hansen,0,0,0,0,0,0,Train
7149,COc1ccc(CN2C(=O)N(C)C(=O)C23CC(C(=O)O)C3)cc1,hansen,0,0,0,0,0,0,Train
7150,Oc1ccc(-c2ccc(O)c(CN3CCOCC3)c2)cc1CN1CCOCC1,hansen,0,0,0,0,0,0,Train
7151,N#Cc1ccc(Oc2ccc(C#N)cc2)cc1,hansen,0,0,0,0,0,0,Train
7152,O=S(O)C(F)(F)CC12CC3CC(CC(C3)C1)C2,hansen,0,0,0,0,0,0,Train
7153,O=S(=O)(O)C(F)(F)CC12CC3CC(CC(C3)C1)C2,hansen,0,0,0,0,0,0,Train
7154,CCC(CC)C(=O)N(C)c1cccc(C)c1,hansen,0,0,0,0,0,0,Train
7155,Cn1cc(C(=O)Nc2ccccc2-c2cc(F)c(F)c(F)c2)c(C(F)F)n1,hansen,0,0,0,0,0,0,Train
7156,CN(CCCCCCN(C)C(=O)Oc1cccnc1)C(=O)Oc1cccnc1,hansen,0,0,0,0,0,0,Train
7157,C=C(CC(=O)O)C(=O)O,hansen,0,0,0,0,0,0,External
7158,CC(=O)OCCCc1ccc(N(c2ccc(CCCOC(C)=O)cc2)c2ccc(C)c(C)c2)cc1,hansen,0,0,0,0,0,0,Train
7159,Cc1nccn1Cc1ccc(O)cc1,hansen,0,0,0,0,0,0,Train
7160,CC(C)c1nc(N(C)S(C)(=O)=O)nc(-c2ccc(F)cc2)c1C=O,hansen,0,0,0,0,0,0,Internal
7161,C=CCCCCCC[Si](OC)(OC)OC,hansen,0,0,0,0,0,0,Train
7162,C=CC(=O)OCCOC(=O)CC(C)=O,hansen,0,0,0,0,0,0,Train
7163,C=C(C)C(=O)OCCn1ccnc1,hansen,0,0,0,0,0,0,Train
7164,CC1COc2c(F)c(F)cc3c(=O)c(C(=O)O)cn1c23,hansen,0,0,0,0,0,0,Train
7165,O=C(O)Cc1cccnc1,hansen,0,0,0,0,0,0,External
7166,Cc1ccc2oc(-c3ccc(-c4ccc(-n5c(=O)c6c(N)c7c(=O)c8ccccc8c(=O)c7c(O)c6c5=O)cc4)cc3)nc2c1,hansen,0,0,0,0,0,0,Internal
7167,Cc1ccc2oc(-c3ccc(-c4ccc(-n5c(=O)c6c(N)c7c(=O)c8ccccc8c(=O)c7c(N)c6c5=O)cc4)cc3)nc2c1,hansen,0,0,0,0,0,0,Train
7168,Cc1ccc2oc(-c3ccc(-c4ccc(N5C(=O)c6cc7c(cc6C5=O)C(=O)C(c5nc6ccccc6cc5O)C7=O)cc4)cc3)nc2c1,hansen,0,0,0,0,0,0,Train
7169,O=S(=O)(O)C(F)(F)C(F)(F)OC(F)C(F)(F)F,hansen,0,0,0,0,0,0,External
7170,O=S(=O)(F)C(F)(F)C(F)(F)OC(F)C(F)(F)F,hansen,0,0,0,0,0,0,Train
7171,Cc1cccc(C2CC2)c1Oc1nnc(Cl)cc1OC(=O)N1CCOCC1,hansen,0,0,0,0,0,0,Train
7172,CCCCCC1CCC(C2CCC(CC=O)CC2)CC1,hansen,0,0,0,0,0,0,Train
7173,CCCCCC1CCC(C2CCC(CCc3ccc(OC)cc3)CC2)CC1,hansen,0,0,0,0,0,0,External
7174,CCCCCC1CCC(C2CCC(CCc3ccc(O)cc3)CC2)CC1,hansen,0,0,0,0,0,0,Train
7175,CCCC1(CCC)c2ccccc2-c2ccccc21,hansen,0,0,0,0,0,0,External
7176,C=CP(=O)(OC)OC,hansen,0,0,0,0,0,0,Train
7177,N#Cc1cn(-c2ccc(C(=O)O)c(O)c2)c2ccccc12,hansen,0,0,0,0,0,0,External
7178,COC(=O)c1snc(Cl)c1Cl,hansen,0,0,0,0,0,0,Train
7179,OCc1snc(Cl)c1Cl,hansen,0,0,0,0,0,0,Train
7180,CC(C)(c1ccc(O)cc1)c1ccc(O)cc1O,hansen,0,0,0,0,0,0,Train
7181,CC1=C(OCC(C)C)CCC(C)(C)C1=O,hansen,0,0,0,0,0,0,Train
7182,CCOC(=O)C(C#N)CC(OCC)OCC,hansen,0,0,0,0,0,0,Train
7183,CCOC(Cc1c(N)[nH]cnc1=O)OCC,hansen,0,0,0,0,0,0,Train
7184,O=c1nc[nH]c2[nH]ccc12,hansen,0,0,0,0,0,0,External
7185,Clc1ncnc2[nH]ccc12,hansen,0,0,0,0,0,0,External
7186,CC(C)NCC(O)COc1ccc(COCCOC(C)C)cc1,hansen,0,0,0,0,0,0,External
7187,CC1CC(C)(C)C/C1=C\C#N,hansen,0,0,0,0,0,0,Train
7188,O=C(O)CC(SC(CC(=O)O)C(=O)O)C(=O)O,hansen,0,0,0,0,0,0,Internal
7189,O=C(O)C1CC=CC1,hansen,0,0,0,0,0,0,External
7190,O=C(OCC1CC(O)C(O)C1)c1ccccc1,hansen,0,0,0,0,0,0,Train
7191,O=C1OC(=O)C2C1C1CC2C2(CCC3(CC4CC3C3C(=O)OC(=O)C43)C2=O)C1,hansen,0,0,0,0,0,0,Train
7192,O=C1C2(CCC13CC1C=CC3C1)CC1C=CC2C1,hansen,0,0,0,0,0,0,Train
7193,COC(=O)C1C2CC(C1C(=O)OC)C1(CCC3(CC4CC3C(C(=O)OC)C4C(=O)OC)C1=O)C2,hansen,0,0,0,0,0,0,Train
7194,C(=C(c1ccccc1)c1ccccc1)c1ccc(N(c2ccc(C=C(c3ccccc3)c3ccccc3)cc2)c2ccc(C=C(c3ccccc3)c3ccccc3)cc2)cc1,hansen,0,0,0,0,0,0,Train
7195,CCOC(=O)Cc1ccc(OC)cc1,hansen,0,0,0,0,0,0,Internal
7196,CCOC(=O)/C(=C/O)c1ccc(OC)cc1,hansen,0,0,0,0,0,0,External
7197,CC(=O)NCC1CN(Cc2ccc(F)cc2)CCO1,hansen,0,0,0,0,0,0,Train
7198,Cc1ccc(-c2nc3ccc(C)cn3c2CC#N)cc1,hansen,0,0,0,0,0,0,Train
7199,OCCNc1nc2ccccc2[nH]1,hansen,0,0,0,0,0,0,Train
7200,c1ccc2[nH]c(NCCSSCCNc3nc4ccccc4[nH]3)nc2c1,hansen,0,0,0,0,0,0,Train
7201,C=CC1CC1(NC(=O)OC(C)(C)C)C(=O)OCC,hansen,0,0,0,0,0,0,Train
7202,CC(C)(C)OC(=O)N1CCCC[C@H]1C(=O)O,hansen,0,0,0,0,0,0,External
7203,CCCCN1CCCC[C@H]1C(=O)Nc1c(C)cccc1C,hansen,0,0,0,0,0,0,Train
7204,Cc1ccc(S(=O)(=O)O/N=C(\C#N)c2ccccc2)cc1,hansen,0,0,0,0,0,0,Train
7205,C=C(C)C(=O)OCC1COC(C)(C)O1,hansen,0,0,0,0,0,0,Train
7206,O=P(O)(O)OCC(F)(OC(F)(F)C(F)(F)C(F)(F)F)C(F)(F)F,hansen,0,0,0,0,0,0,Train
7207,Fc1ccc(-c2cccs2)cc1,hansen,0,0,0,0,0,0,Train
7208,Cc1ccc(I)cc1C(=O)c1ccc(-c2ccc(F)cc2)s1,hansen,0,0,0,0,0,0,Train
7209,F/C(=C\Cl)C(F)(F)F,hansen,0,0,0,0,0,0,External
7210,CC(C)(C)NC(=S)NC(=O)c1ccco1,hansen,0,0,0,0,0,0,Train
7211,C=CC(=O)OCCCCOc1ccccc1,hansen,0,0,0,0,0,0,Train
7212,CC1=CC(C2CC=C(C)C2(C)C)CC(C)C1O,hansen,0,0,0,0,0,0,Train
7213,CCCCC(CC)COC(=O)C(=Cc1cc(OC)c(O)c(OC)c1)C(=O)OCC(CC)CCCC,hansen,0,0,0,0,0,0,External
7214,O=[N+]([O-])c1ccc(OCCOCCOc2ccc([N+](=O)[O-])cc2)cc1,hansen,0,0,0,0,0,0,Train
7215,Nc1ccc(OCCOCCOc2ccc(N)cc2)cc1,hansen,0,0,0,0,0,0,External
7216,COC(=O)/C(=C/c1ccc(-c2ccccc2)cc1)NC(C)=O,hansen,0,0,0,0,0,0,External
7217,Fc1ccc(C2CCNCC2)cc1,hansen,0,0,0,0,0,0,Train
7218,CC1OC(Cc2ccccc2)OC2CCCCC12,hansen,0,0,0,0,0,0,Train
7219,O=S1(=O)N=C(OCc2snc(Cl)c2Cl)c2ccccc21,hansen,0,0,0,0,0,0,Train
7220,CCOC(=O)CC1CC(/C=C/c2c(C3CC3)nc3ccccc3c2-c2ccc(F)cc2)OC(C)(C)O1,hansen,0,0,0,0,0,0,Train
7221,O=C(O)CC(O)CC(O)/C=C/c1c(C2CC2)nc2ccccc2c1-c1ccc(F)cc1,hansen,0,0,0,0,0,0,Train
7222,CCCCCCCCCCCCCCCCCCNC(=O)c1ccc(C(=O)O)cc1,hansen,0,0,0,0,0,0,External
7223,Cc1cc(C)c([N+](=O)[O-])c(C)c1N,hansen,0,0,0,0,0,0,Train
7224,CCOC(=O)COc1c2cc(C(C)(C)C)cc1Cc1cc(C(C)(C)C)cc(c1OCC(=O)OCC)Cc1cc(C(C)(C)C)cc(c1OCC(=O)OCC)Cc1cc(C(C)(C)C)cc(c1OCC(=O)OCC)C2,hansen,0,0,0,0,0,0,Train
7225,NCc1cccc(Cl)c1F,hansen,0,0,0,0,0,0,Train
7226,C#CC(=O)OC(C)(C)C,hansen,0,0,0,0,0,0,Train
7227,CCOC(=O)C1CCC(C(=O)OCC)CC1,hansen,0,0,0,0,0,0,Train
7228,O=C(CCS)OCCOC(=O)CCS,hansen,0,0,0,0,0,0,Train
7229,OC1CC2C=CC1C2,hansen,0,0,0,0,0,0,Train
7230,Cc1cccc(/C=C/c2ccc(Cl)cc2)c1,hansen,0,0,0,0,0,0,Train
7231,Cc1cccc(/C=C/c2ccc(N(c3ccc(/C=C/c4cccc(C)c4)cc3)c3ccc(/C=C/c4cccc(C)c4)cc3)cc2)c1,hansen,0,0,0,0,0,0,Train
7232,Cc1ccc(N(c2ccccc2)c2ccc(-c3ccc(N(c4ccccc4)c4ccc(C)cc4)cc3)cc2)cc1,hansen,0,0,0,0,0,0,External
7233,Cc1cc(OCC(=O)OC2(C)CCCC2)c(C2CCCCC2)cc1C(c1cc(C2CCCCC2)c(OCC(=O)OC2(C)CCCC2)cc1C)c1ccccc1OCC(=O)OC1(C)CCCC1,hansen,0,0,0,0,0,0,Train
7234,COc1ncc(F)c2nc(S(=O)(=O)Nc3c(F)cccc3F)nn12,hansen,0,0,0,0,0,0,Train
7235,COc1cccc(C(=O)NN(C(=O)c2cc(C)cc(C)c2)C(C)(C)C)c1C,hansen,0,0,0,0,0,0,External
7236,COc1cnc(OC)n2nc(NS(=O)(=O)c3c(OCC(F)F)cccc3C(F)(F)F)nc12,hansen,0,0,0,0,0,0,Train
7237,COCC(C)Cc1ccccc1,hansen,0,0,0,0,0,0,Train
7238,N[C@@H](CO)Cc1ccc(-c2ccccc2)cc1,hansen,0,0,0,0,0,0,Train
7239,COc1ccc(C=O)cc1OCC1CC1,hansen,0,0,0,0,0,0,Train
7240,O=Cc1ccc(O)c(OCC2CC2)c1,hansen,0,0,0,0,0,0,Train
7241,O=Cc1ccc(OC(F)F)c(OCC2CC2)c1,hansen,0,0,0,0,0,0,Train
7242,O=C(O)c1ccc(OC(F)F)c(OCC2CC2)c1,hansen,0,0,0,0,0,0,Train
7243,CC(C)(Cc1ccc(O)cc1)[N+](=O)[O-],hansen,0,0,0,0,0,0,Train
7244,c1ccc2c(c1)-c1ccccc1C2CC1c2ccccc2-c2ccccc21,hansen,0,0,0,0,0,0,Internal
7245,CCOC(=O)CCC1(CC2(CCC(=O)OCC)c3ccccc3-c3ccccc32)c2ccccc2-c2ccccc21,hansen,0,0,0,0,0,0,External
7246,CCCCCC[C@H](C)Oc1c(F)cc(-c2ccc(C34CCC(CCCCC)(CC3)CC4)cc2)cc1F,hansen,0,0,0,0,0,0,Train
7247,Cc1ccc(-n2nccn2)c(C(=O)N2CCN(c3nc4cc(Cl)ccc4o3)CC[C@H]2C)c1,hansen,0,0,0,0,0,0,Train
7248,Clc1ccc(/C=C/C=C/c2ccccc2)cc1,hansen,0,0,0,0,0,0,External
7249,C/C(=C\C(C)C)C(C)OC(C)(C)COC(=O)C1CC1,hansen,0,0,0,0,0,0,Train
7250,CC(C)(O[Si](C)(O[Si](C)(C)C)O[Si](C)(C)C)C(=O)c1ccccc1,hansen,0,0,0,0,0,0,Train
7251,CCOC(=O)c1ccc(O)c(OC(C)C)c1,hansen,0,0,0,0,0,0,External
7252,CC(C)Oc1cc(C(=O)O)ccc1OC(F)F,hansen,0,0,0,0,0,0,External
7253,O=C(Nc1ccccc1)Nc1ccc(Cc2ccc(NC(=O)Nc3ccccc3)cc2)cc1,hansen,0,0,0,0,0,0,Train
7254,COCCc1ccc(OC)cc1,hansen,0,0,0,0,0,0,Train
7255,Brc1cccc(I)c1,hansen,0,0,0,0,0,0,Internal
7256,O=C(O)CSCC(=O)O,hansen,0,0,0,0,0,0,External
7257,O=P1(OCCOP2(=O)Oc3ccccc3-c3ccccc32)Oc2ccccc2-c2ccccc21,hansen,0,0,0,0,0,0,Train
7258,O=P1(Oc2cccc(OP3(=O)Oc4ccccc4-c4ccccc43)c2)Oc2ccccc2-c2ccccc21,hansen,0,0,0,0,0,0,Train
7259,O=P(O)(OCc1ccccc1)OCc1ccccc1,hansen,0,0,0,0,0,0,Train
7260,O=C1NC(c2ccccc2)(c2ccccc2)C(=O)N1COP(=O)(O)O,hansen,0,0,0,0,0,0,Train
7261,O=C1N(COP(=O)(O)O)C(O)=NC1(c1ccccc1)c1ccccc1,hansen,0,0,0,0,0,0,Train
7262,C=C[Si](C)(OC)c1ccccc1,hansen,0,0,0,0,0,0,Train
7263,CC(C)(C)N(Sc1nc2ccccc2s1)Sc1nc2ccccc2s1,hansen,0,0,0,0,0,0,Train
7264,CCN(CC)CCCNC(=O)c1cccc(C2=C3C(=O)NC(c4ccc(Cl)cc4)=C3C(=O)N2)c1,hansen,0,0,0,0,0,0,Train
7265,CCCCC(CC)COC(=O)c1ccc2cc(C(=O)OCC(CC)CCCC)ccc2c1,hansen,0,0,0,0,0,0,Train
7266,Brc1ccc(I)c2ccccc12,hansen,0,0,0,0,0,0,Train
7267,Brc1ccc(-c2ccccc2)c2ccccc12,hansen,0,0,0,0,0,0,Train
7268,c1ccc(-c2c3ccccc3cc3ccccc23)cc1,hansen,0,0,0,0,0,0,External
7269,Brc1c2ccccc2c(-c2ccccc2)c2ccccc12,hansen,0,0,0,0,0,0,Train
7270,c1ccc(-c2ccc(-c3c4ccccc4c(-c4ccccc4)c4ccccc34)c3ccccc23)cc1,hansen,0,0,0,0,0,0,Train
7271,CCCc1nc(C(C)(C)O)c(C(=O)OCc2oc(=O)oc2C)n1Cc1ccc(-c2ccccc2-c2nn[nH]n2)cc1,hansen,0,0,0,0,0,0,External
7272,C=C[Si],hansen,0,0,0,0,0,0,Train
7273,C=CCOC(=O)C1C(C)CCCC1(C)C,hansen,0,0,0,0,0,0,External
7274,CC(=O)c1oc2ccccc2c1C,hansen,0,0,0,0,0,0,Train
7275,CCOc1cc(C=O)ccc1OC,hansen,0,0,0,0,0,0,External
7276,CCCCCCOc1ccc(C(=O)Oc2ccc(C(=O)O[C@H](C)CCCCCC)cc2)cc1,hansen,0,0,0,0,0,0,Train
7277,CCCCCc1ccc(OC(=O)C2CCC(C3CCC(CCC)CC3)CC2)cc1,hansen,0,0,0,0,0,0,Train
7278,Cc1cc(Cc2ccc(O)c(O)c2O)c(O)c(Cc2ccc(O)c(O)c2O)c1,hansen,0,0,0,0,0,0,Train
7279,CCO/C=C/C#N,hansen,0,0,0,0,0,0,Train
7280,CCCCCCCC(=O)NCCCC[C@H](N)C(=O)O,hansen,0,0,0,0,0,0,Train
7281,c1ccc(Nc2ccc(-c3ccc(-c4ccccc4)cc3)cc2)cc1,hansen,0,0,0,0,0,0,Internal
7282,OCCCCCCOc1ccc(O)cc1,hansen,0,0,0,0,0,0,Train
7283,CC1(C)c2ccccc2-c2ccc(Br)cc21,hansen,0,0,0,0,0,0,Train
7284,CC1(C)c2ccccc2-c2cc3c(cc21)[nH]c1ccccc13,hansen,0,0,0,0,0,0,Internal
7285,CCC1(COC(=O)C2CC3C=CC2C3)COC1,hansen,0,0,0,0,0,0,External
7286,N#Cc1cc(F)c(Cl)nc1Cl,hansen,0,0,0,0,0,0,Train
7287,CC(C)=CCC/C(C)=C/CC[C@H](C)CC=O,hansen,0,0,0,0,0,0,Train
7288,C[C@@H](Oc1ccc(Cl)cc1)C(=O)O,hansen,0,0,0,0,0,0,Train
7289,CC1=CC(=C2C=C(C(C)(C)C)C(=O)C(C(C)(C)C)=C2)C=C(C)C1=O,hansen,0,0,0,0,0,0,External
7290,Nc1c(F)cc(Cl)cc1F,hansen,0,0,0,0,0,0,External
7291,CC(C)(O)c1ccccc1CC[C@H](O)c1cccc(/C=C/c2ccc3ccc(Cl)cc3n2)c1,hansen,0,0,0,0,0,0,Train
7292,O=C(O)CC1(CS)CC1,hansen,0,0,0,0,0,0,Train
7293,COC(=O)C[C@@H](CC(=O)C=P(c1ccccc1)(c1ccccc1)c1ccccc1)O[Si](C)(C)C(C)(C)C,hansen,0,0,0,0,0,0,Train
7294,Cc1c(Cl)c(C)[n+]([O-])c(Cl)c1C1=N/C(=C2/C=C(O)C(=O)C([N+](=O)[O-])=C2)ON1,hansen,0,0,0,0,0,0,Train
7295,CC(C)(C)c1ccc(C2CC(c3ccc(-c4ccccc4)cc3)=NN2c2ccccc2)cc1,hansen,0,0,0,0,0,0,Train
7296,O=C1Nc2ccc(F)cc2C1(O)c1ccccc1,hansen,0,0,0,0,0,0,Train
7297,Clc1cc(Br)cc(-c2nc(-c3ccccc3)nc(-c3ccccc3)n2)c1,hansen,0,0,0,0,0,0,Train
7298,CC(C)(c1cccc(C(C)(C)C2CCC(=O)CC2)c1)C1CCC(=O)CC1,hansen,0,0,0,0,0,0,Train
7299,Cc1cc(C2(c3ccc(O)c(C)c3)CCC(C(C)(C)c3cccc(C(C)(C)C4CCC(c5ccc(O)c(C)c5)(c5ccc(O)c(C)c5)CC4)c3)CC2)ccc1O,hansen,0,0,0,0,0,0,Train
7300,C=C(C)C(=O)OC12C[C@H]3C[C@@H](C1)CC(OC(C)C(=O)O)(C3)C2,hansen,0,0,0,0,0,0,Train
7301,CCCCCc1ccc(Br)cc1,hansen,0,0,0,0,0,0,Train
7302,N#Cc1nn(-c2c(Cl)cc(C(F)(F)F)cc2Cl)c(NCc2ccccn2)c1SC(F)F,hansen,0,0,0,0,0,0,Train
7303,CSc1nsc(N)n1,hansen,0,0,0,0,0,0,External
7304,CC[C@H]1C[C@]1(NC(=O)[C@@H]1C[C@@H]2CN1C(=O)[C@H](C(C)(C)C)NC(=O)OCC(C)(C)CCCCc1cccc3c1CN(C3)C(=O)O2)C(=O)NS(=O)(=O)C1CC1,hansen,0,0,0,0,0,0,Train
7305,Cc1cc(C(F)(F)F)nn1CC(=O)N1CCC(c2nc(C3=NOC(c4c(F)cccc4F)C3)cs2)CC1,hansen,0,0,0,0,0,0,External
7306,N#Cc1cc(F)c(F)nc1Cl,hansen,0,0,0,0,0,0,Train
7307,NC(=O)c1cc(F)c(F)nc1Cl,hansen,0,0,0,0,0,0,Train
7308,O=C1NC(O)c2c(F)c(F)nc(Cl)c21,hansen,0,0,0,0,0,0,Internal
7309,O=C1NCc2c(F)c(F)nc(Cl)c21,hansen,0,0,0,0,0,0,Train
7310,Oc1ccccc1-c1nc(Nc2ccccc2)nc(-c2ccccc2O)n1,hansen,0,0,0,0,0,0,Train
7311,Cc1ccc([Si](O)(c2ccc(C)cc2)c2ccc(C)cc2)cc1,hansen,0,0,0,0,0,0,Train
7312,CC(C)OC(=O)[C@H](C)N[P@](=O)(OCC1OC(n2ccc(=O)[nH]c2=O)C(C)(F)C1O)Oc1ccccc1,hansen,0,0,0,0,0,0,External
7313,CC(F)(F)c1ccc(Br)cc1,hansen,0,0,0,0,0,0,External
7314,O=C1CC[C@H](CS(=O)(=O)c2nc3ccccc3s2)N1,hansen,0,0,0,0,0,0,Internal
7315,O=P(O)(c1ccccc1)c1ccccc1,hansen,0,0,0,0,0,0,Train
7316,Cc1nnnn1C,hansen,0,0,0,0,0,0,Train
7317,N#Cc1ccc(Br)cn1,hansen,0,0,0,0,0,0,External
7318,O=Cc1ccc(Oc2ccc(C=O)cc2)cc1,hansen,0,0,0,0,0,0,External
7319,O=Cc1c(C(F)(F)F)ccc(Cl)c1Cl,hansen,0,0,0,0,0,0,External
7320,O/N=C\c1c(C(F)(F)F)ccc(Cl)c1Cl,hansen,0,0,0,0,0,0,Train
7321,N#Cc1c(C(F)(F)F)ccc(Cl)c1Cl,hansen,0,0,0,0,0,0,External
7322,N#Cc1c(C(F)(F)F)ccc(F)c1F,hansen,0,0,0,0,0,0,Train
7323,C=CCCCCCCCl,hansen,0,0,0,0,0,0,External
7324,CC(C)(C)c1nc(-c2cccc(NS(=O)(=O)c3c(F)cccc3F)c2F)c(-c2ccnc(N)n2)s1,hansen,0,0,0,0,0,0,Train
7325,CC1=C(C)C([Si](C)(C)NC(C)(C)C)C(C)=C1C,hansen,0,0,0,0,0,0,Train
7326,Nc1nc(N)nc(CCSCC(O)CO)n1,hansen,0,0,0,0,0,0,Internal
7327,CC1CCC(C(C)C)C(C(=O)Nc2ccc(CC#N)cc2)C1,hansen,0,0,0,0,0,0,Internal
7328,CC1(C)c2ccccc2-c2ccc(Nc3ccccc3Cl)cc21,hansen,0,0,0,0,0,0,Train
7329,O=C(O)CCCn1c(=O)n(CCCC(=O)O)c(=O)n(CCCC(=O)O)c1=O,hansen,0,0,0,0,0,0,Train
7330,NC(=O)Nc1ccc(Cl)cc1Cl,hansen,0,0,0,0,0,0,External
7331,CCC1CCC(C2CCC(c3ccc(-c4ccc(F)c(F)c4)cc3)CC2)CC1,hansen,0,0,0,0,0,0,Train
7332,CC(=O)C(C)CCC1CCC(C)C1(C)C,hansen,0,0,0,0,0,0,Train
7333,C=CC(=O)OCC(C)(COC(=O)C=C)N=C=O,hansen,0,0,0,0,0,0,Train
7334,C/C=C/C1CCC(C2CCC(CC)CC2)CC1,hansen,0,0,0,0,0,0,Train
7335,CCCc1ccc(-c2ccc3c(F)c(F)c(F)cc3c2)c(F)c1,hansen,0,0,0,0,0,0,Train
7336,C=CC1CCC(C2CCC(COc3ccc(OCC)c(F)c3F)CC2)CC1,hansen,0,0,0,0,0,0,Internal
7337,COCC1CC2(C1)CN(C)C(=O)c1c(OCc3ccccc3)c(=O)c(C(=O)O)cn12,hansen,0,0,0,0,0,0,Train
7338,COCC1CC2(C1)CN(C)C(=O)c1c(OCc3ccccc3)c(=O)c(C(=O)NCc3cccc(Cl)c3F)cn12,hansen,0,0,0,0,0,0,Train
7339,COCC1CC2(C1)CN(C)C(=O)c1c(O)c(=O)c(C(=O)NCc3cccc(Cl)c3F)cn12,hansen,0,0,0,0,0,0,Internal
7340,CC1c2cc(c(O)cc2O)C(C)c2cc(c(O)cc2O)C(C)c2cc(c(O)cc2O)C(C)c2cc1c(O)cc2O,hansen,0,0,0,0,0,0,External
7341,C=C(C)C(=O)OC1(C)CC(=O)OC1C,hansen,0,0,0,0,0,0,Train
7342,C=CCOC1CC(C)(C)NC(C)(C)C1,hansen,0,0,0,0,0,0,Train
7343,C=C(C)C(=O)OC(C)C(C)=O,hansen,0,0,0,0,0,0,Train
7344,CC(C)OC(=O)[C@H](C)N[P@](=O)(Oc1ccccc1)Oc1c(F)c(F)c(F)c(F)c1F,hansen,0,0,0,0,0,0,External
7345,C#CCCCCCCCCCCCCCCCC,hansen,0,0,0,0,0,0,Train
7346,O=S1OCC(C2COS(=O)O2)O1,hansen,0,0,0,0,0,0,Train
7347,C=CCc1cc(S(=O)(=O)c2ccc(O[Si](C)(C)C)c(CC=C)c2)ccc1O[Si](C)(C)C,hansen,0,0,0,0,0,0,External
7348,Nc1nnn[nH]1,hansen,0,0,0,0,0,0,External
7349,CC(C)(C)C(=O)Nc1ccc(Cl)cc1,hansen,0,0,0,0,0,0,Train
7350,COc1cccc(C(=O)N2CCOCC2)c1OC,hansen,0,0,0,0,0,0,Train
7351,COc1cccc(C(=O)c2cc(Cl)ccc2NC(=O)C(C)(C)C)c1OC,hansen,0,0,0,0,0,0,Train
7352,CCc1nc(C(N)=O)c(Nc2ccc(N3CCC(N4CCN(C)CC4)CC3)c(OC)c2)nc1Cl,hansen,0,0,0,0,0,0,Train
7353,CCc1nc(C(N)=O)c(Nc2ccc(N3CCC(N4CCN(C)CC4)CC3)c(OC)c2)nc1NC1CCOCC1,hansen,0,0,0,0,0,0,Train
7354,CC1(C)N=C(c2cnc3ccccc3c2)c2ccccc2C1(F)F,hansen,0,0,0,0,0,0,Train
7355,O=C(Cc1ccc(-c2ccccc2)cc1)OCC1CCCCC1,hansen,0,0,0,0,0,0,Train
7356,CCCCCCCCCCCCCCCC(=O)OCCOc1cccc(OCCOC(=O)CCCCCCCCCCCCCCC)c1,hansen,0,0,0,0,0,0,Train
7357,CC(C)CCC(C)Nc1ccc(Nc2nc(Nc3ccc(Nc4nc(Nc5ccc(NC(C)CCC(C)C)cc5)nc(Nc5ccc(NC(C)CCC(C)C)cc5)n4)cc3)nc(Nc3ccc(NC(C)CCC(C)C)cc3)n2)cc1,hansen,0,0,0,0,0,0,Train
7358,CC1(C)OB(c2ccc(CN3CCOCC3)cc2)OC1(C)C,hansen,0,0,0,0,0,0,Train
7359,O=C1OCC(CC(F)(F)C(F)(F)F)O1,hansen,0,0,0,0,0,0,Train
7360,COC(=O)c1cc2cccc(Cl)c2s1,hansen,0,0,0,0,0,0,Internal
7361,O=C(O)c1cc2cccc(Cl)c2s1,hansen,0,0,0,0,0,0,External
7362,O=C(N[C@H]1CN2CCC1CC2)c1cc2cccc(Cl)c2s1,hansen,0,0,0,0,0,0,Train
7363,OCCOc1ccc2cc(C3(c4ccc5cc(OCCO)ccc5c4)c4ccccc4-c4ccccc43)ccc2c1,hansen,0,0,0,0,0,0,Internal
7364,OC1(c2ccccc2)CCCCC1,hansen,0,0,0,0,0,0,Train
7365,O=Cc1ccc(C2CCCCC2)cc1,hansen,0,0,0,0,0,0,Train
7366,Cc1ccc(Br)cc1Br,hansen,0,0,0,0,0,0,Train
7367,FC(F)=C(F)c1ccccc1,hansen,0,0,0,0,0,0,External
7368,C=C(C)C(=O)OC(CC)C(F)(F)C(=O)OC,hansen,0,0,0,0,0,0,Train
7369,C=C[C@@H]1C[C@]1(NC(=O)OC(C)(C)C)C(=O)NS(=O)(=O)C1CC1,hansen,0,0,0,0,0,0,Train
7370,CCOc1cc(CO)ccc1O,hansen,0,0,0,0,0,0,External
7371,CC(=O)Oc1cc2c(s1)CCN(C(C(=O)C1CC1)c1ccccc1F)C2,hansen,0,0,0,0,0,0,Train
7372,CC(C)CCC(C)Nc1ccc(Nc2nc(Nc3ccc(NC(C)CCC(C)C)cc3)nc(Nc3ccc(N(c4nc(Nc5ccc(NC(C)CCC(C)C)cc5)nc(Nc5ccc(NC(C)CCC(C)C)cc5)n4)C(C)CCC(C)C)cc3)n2)cc1,hansen,0,0,0,0,0,0,External
7373,COC(C)(C)OCc1ccc(Br)cc1Br,hansen,0,0,0,0,0,0,Internal
7374,CCc1ccc(C(O)c2ccc(COC(C)(C)OC)c(C3(O[Si](C)(C)C)OC(CO[Si](C)(C)C)C(O[Si](C)(C)C)C(O[Si](C)(C)C)C3O[Si](C)(C)C)c2)cc1,hansen,0,0,0,0,0,0,Train
7375,CCc1ccc(C(O)c2ccc3c(c2)C2(OC3)OC(CO)C(O)C(O)C2O)cc1,hansen,0,0,0,0,0,0,Train
7376,CCCCC(O)c1ccc(CC)cc1,hansen,0,0,0,0,0,0,Internal
7377,C=CC(=O)OCCc1ccc(-c2ccc(N(c3ccc(C)cc3)c3ccc(C)cc3)cc2)cc1,hansen,0,0,0,0,0,0,Train
7378,CCS(=O)(=O)Oc1ccc(O)c(C(C)(C)CO)c1,hansen,0,0,0,0,0,0,External
7379,CCOc1cc(C)ccc1O,hansen,0,0,0,0,0,0,Internal
7380,COC(=O)N[C@H](C(=O)N1CC2(CC2)C[C@H]1c1ncc(-c2ccc3c(c2)C(F)(F)c2cc(-c4ccc5nc([C@@H]6[C@H]7CC[C@H](C7)N6C(=O)[C@@H](NC(=O)OC)C(C)C)[nH]c5c4)ccc2-3)[nH]1)C(C)C,hansen,0,0,0,0,0,0,Train
7381,CCCCCCCCCCCCCCCC(=O)Oc1cc(O)c2c(=O)cc(C)oc2c1,hansen,0,0,0,0,0,0,Train
7382,O=C1OC2C(OC(=O)C(F)(F)S(=O)(=O)O)C3CC1C2O3,hansen,0,0,0,0,0,0,Train
7383,Clc1ccc2c(c1)[nH]c1ccccc12,hansen,0,0,0,0,0,0,External
7384,O=C(Cl)C1CCC(C(=O)Cl)CC1,hansen,0,0,0,0,0,0,Train
7385,C=CC(=O)OCC1(CC)COCOC1,hansen,0,0,0,0,0,0,Train
7386,C=C(OC(C)=O)c1ccccc1,hansen,0,0,0,0,0,0,External
7387,CCc1ccc(Cc2ccc3c(c2)C2(OC3)OC(COC(=O)OC)C(OC(=O)OC)C(OC(=O)OC)C2OC(=O)OC)cc1,hansen,0,0,0,0,0,0,Train
7388,Cn1nccc1/N=N/c1ccc(O)c(Cl)c1,hansen,0,0,0,0,0,0,External
7389,NS(=O)(=O)c1ccc2nsc(/N=N/c3ccc(O)c(Cl)c3)c2c1,hansen,0,0,0,0,0,0,Train
7390,CSc1nsc(/N=N/c2ccc(O)c(Cl)c2)n1,hansen,0,0,0,0,0,0,Train
7391,CC(=O)c1ccc(F)cc1C,hansen,0,0,0,0,0,0,Train
7392,CC(=O)c1ccc(C)cc1F,hansen,0,0,0,0,0,0,Train
7393,Cc1ccc(C(=O)O)c(F)c1,hansen,0,0,0,0,0,0,External
7394,CC(C)(c1ccc(O)cc1)c1ccc(O)c(O)c1O,hansen,0,0,0,0,0,0,Train
7395,O=C(CBr)Nc1ccc(Cl)cc1C(=O)c1ccccc1F,hansen,0,0,0,0,0,0,Train
7396,C=Cc1ccc(COc2ccc(C(=O)O)c(O)c2)cc1,hansen,0,0,0,0,0,0,External
7397,CCCCCCCCCCCCCCCCCC/N=C(\O)CCCCCCCCC(=O)O,hansen,0,0,0,0,0,0,Train
7398,O=[N+]([O-])c1ccc(N2CCN(c3ccc([N+](=O)[O-])cc3)CC2)cc1,hansen,0,0,0,0,0,0,Train
7399,Nc1ccc(N2CCN(c3ccc(N)cc3)CC2)cc1,hansen,0,0,0,0,0,0,Train
7400,O=C(c1ccncc1)N1CCOCC1,hansen,0,0,0,0,0,0,External
7401,Nc1ccc(Cl)cc1C(=O)c1ccncc1,hansen,0,0,0,0,0,0,External
7402,CC(C)Oc1ccc(S(=O)(=O)Nc2ccc(Cl)cc2C(=O)c2ccncc2)cc1,hansen,0,0,0,0,0,0,Train
7403,C/C(=C\C(C)c1ccccc1)CO,hansen,0,0,0,0,0,0,Train
7404,CC(C)=CCCC(C)CCCC(C)C=O,hansen,0,0,0,0,0,0,Internal
7405,CC(C)(C)OC(=O)CC1CC(/C=C/c2c(C3CC3)nc3ccccc3c2-c2ccc(F)cc2)OC(C)(C)O1,hansen,0,0,0,0,0,0,Train
7406,CC(C)c1nc(N(C)S(C)(=O)=O)nc(-c2ccc(F)cc2)c1/C=C/C(=O)CC(=O)CC(=O)OC(C)(C)C,hansen,0,0,0,0,0,0,Train
7407,CCCOC(=O)C[C@H](O)C[C@H](O)/C=C/c1c(-c2ccc(F)cc2)nc(N(C)S(C)(=O)=O)nc1C(C)C,hansen,0,0,0,0,0,0,Train
7408,CC(C)c1nc(N(C)S(C)(=O)=O)nc(-c2ccc(F)cc2)c1/C=C/C(O)CC(O)CC(=O)O,hansen,0,0,0,0,0,0,Internal
7409,CCCc1nc(C(C)(C)O)c(C(=O)O)n1Cc1ccc(-c2ccccc2-c2nnn(C(c3ccccc3)(c3ccccc3)c3ccccc3)n2)cc1,hansen,0,0,0,0,0,0,External
7410,CCNc1nc(CC)c(C(=O)NC(C#N)c2cccs2)s1,hansen,0,0,0,0,0,0,Train
7411,O=Cc1cccc(C=O)c1,hansen,0,0,0,0,0,0,External
7412,CC1(C)CC2(CC(C)(C)c3ccc(O)cc32)c2cc(O)ccc21,hansen,0,0,0,0,0,0,Train
7413,OC[C@H]1O[C@@H](c2ccc(Cl)c(Cc3ccc(O[C@H]4CCOC4)cc3)c2)[C@H](O)[C@@H](O)[C@@H]1O,hansen,0,0,0,0,0,0,Train
7414,CN1CCC23c4c5ccc(O)c4OC2C(=O)CCC3C1C5,hansen,0,0,0,0,0,0,Train
7415,CN1CC[C@]23c4c5ccc(O)c4O[C@H]2[C@@H](O)CC[C@H]3[C@H]1C5,hansen,0,0,0,0,0,0,Train
7416,Cn1nnnc1N,hansen,0,0,0,0,0,0,Train
7417,Clc1cncc(Cl)n1,hansen,0,0,0,0,0,0,Train
7418,NCCS(=O)O,hansen,0,0,0,0,0,0,Train
7419,NCCS(=O)(O)=S,hansen,0,0,0,0,0,0,External
7420,Clc1ccc2c3ccccc3n(-c3ccc(-c4ccccc4)cc3)c2c1,hansen,0,0,0,0,0,0,External
7421,CN1CCN(C2CCN(c3ccc([N+](=O)[O-])cc3)CC2)CC1,hansen,0,0,0,0,0,0,Train
7422,COC(=O)c1ccc(C(=O)OC)c(N)c1,hansen,0,0,0,0,0,0,External
7423,CC(=O)Nc1ccc(NC(=O)c2cc3ccccc3cc2O)cc1,hansen,0,0,0,0,0,0,External
7424,C=CC(F)(F)C(F)(F)C(F)(F)C(F)(F)I,hansen,0,0,0,0,0,0,Train
7425,Oc1ccc(/N=N/c2ccccc2)cc1-c1ccccc1,hansen,0,0,0,0,0,0,Train
7426,CCO[Si](/C=C/[Si](OCC)(OCC)OCC)(OCC)OCC,hansen,0,0,0,0,0,0,Train
7427,C=C(C)C(=O)OC(C)(C)C(OC(=O)C(C)C)(C(F)(F)F)C(F)(F)F,hansen,0,0,0,0,0,0,Train
7428,CCOc1cnc(N)nc1,hansen,0,0,0,0,0,0,Train
7429,O=C(/C=C/c1ccccc1Cl)C1CC1,hansen,0,0,0,0,0,0,External
7430,Clc1ccccc1C1CC(C2CC2)=NN1,hansen,0,0,0,0,0,0,Internal
7431,Clc1ccccc1C1CC1C1CC1,hansen,0,0,0,0,0,0,External
7432,Nc1ccccc1C1CC1C1CC1,hansen,0,0,0,0,0,0,Train
7433,CC/C=C\C/C=C\CCC/C=C/CCOCOC,hansen,0,0,0,0,0,0,Train
7434,COCOCC/C=C/CO,hansen,0,0,0,0,0,0,External
7435,CCOC(/C=C\CCOCOC)OCC,hansen,0,0,0,0,0,0,Train
7436,C=CCCCCl,hansen,0,0,0,0,0,0,Train
7437,CC1(C)OB(c2cccnc2)OC1(C)C,hansen,0,0,0,0,0,0,Internal
7438,Nc1cc(C(F)(F)F)ccc1Br,hansen,0,0,0,0,0,0,Train
7439,CO/C=C(/C(=O)OC)c1ccccc1COc1cccc(C(F)(F)F)n1,hansen,0,0,0,0,0,0,Train
7440,CC1(C)OB(c2ccc(O)cc2)OC1(C)C,hansen,0,0,0,0,0,0,Train
7441,C1=C(N2CCCC2)CCCC1,hansen,0,0,0,0,0,0,External
7442,O=C1N[C@@H]2CCCC[C@H]2CC1(Cl)Cl,hansen,0,0,0,0,0,0,Train
7443,O=C(c1cccnc1-c1ccncc1)N1CCC(O)(Cc2ccccc2)CC1,hansen,0,0,0,0,0,0,Train
7444,Cc1c(F)c(F)c(C)c(F)c1F,hansen,0,0,0,0,0,0,Train
7445,C=C(C)C(=O)OC1(C(C)C)CCCCC1,hansen,0,0,0,0,0,0,Train
7446,C=C(C)C(=O)OC1(C(C)C)CC2CC1C1C3CCC(C3)C21,hansen,0,0,0,0,0,0,External
7447,C=C(C)C(=O)OCCOC(=O)CCC(=O)OCCC[Si](O[Si](C)(C)C)(O[Si](C)(C)C)O[Si](C)(C)C,hansen,0,0,0,0,0,0,Train
7448,CCc1nc(C(N)=O)c(Cl)nc1Cl,hansen,0,0,0,0,0,0,External
7449,COC(=O)Oc1ccc(C)cc1OC,hansen,0,0,0,0,0,0,Train
7450,C=CC(=O)OCCCCCCOc1ccc(OC(=O)C2CCC(C(=O)Oc3ccc(OCCCCCCOC(=O)C=C)cc3)CC2)cc1,hansen,0,0,0,0,0,0,Train
7451,Cc1ccc(C(=O)O)c(N)n1,hansen,0,0,0,0,0,0,Internal
7452,Cc1ccc(C(=O)OCc2ccc(Oc3ccccc3)cc2)c(N)n1,hansen,0,0,0,0,0,0,Train
7453,OCc1ccc(Oc2ccccc2)cc1,hansen,0,0,0,0,0,0,Train
7454,CC(C)c1nn(C(=O)NC(C)(C)C)c(=O)n1N,hansen,0,0,0,0,0,0,Train
7455,Cc1ccc(C(=O)NCC(NC(=O)OCC(F)(F)F)C(C)C)cc1,hansen,0,0,0,0,0,0,Internal
7456,CC(C)Oc1ccccc1O,hansen,0,0,0,0,0,0,External
7457,CC(C)Oc1cc(C=O)ccc1O,hansen,0,0,0,0,0,0,Train
7458,CC1(C)O[C@H]2O[C@H]([C@H]3COC(C)(C)O3)[C@@H](OCc3ccccc3)[C@H]2O1,hansen,0,0,0,0,0,0,Train
7459,CC1(C)OC(=O)C2C3C=CC(C3)C21,hansen,0,0,0,0,0,0,Train
7460,c1ccc(-c2ccc(Nc3ccc(-c4ccc5c(c4)c4ccccc4n5-c4ccccc4)cc3)cc2)cc1,hansen,0,0,0,0,0,0,Train
7461,Nc1cc(Br)ccc1F,hansen,0,0,0,0,0,0,Train
7462,c1ccc(-c2c3ccccc3c(-c3ccc4oc5cc6ccccc6cc5c4c3)c3ccccc23)cc1,hansen,0,0,0,0,0,0,Train
7463,O=C(C1COc2ccccc2O1)N1CCNCC1,hansen,0,0,0,0,0,0,Train
7464,CC1(C)OC2OC(CO)(CO)C(OCc3ccccc3)C2O1,hansen,0,0,0,0,0,0,Train
7465,CCC#CC(OCC)OCC,hansen,0,0,0,0,0,0,Train
7466,C=Cc1ccc(C(O)(C(F)(F)F)C(F)(F)F)cc1,hansen,0,0,0,0,0,0,Train
7467,C=CC1CCC(C2CCC(c3ccc(OC)c(F)c3F)CC2)CC1,hansen,0,0,0,0,0,0,External
7468,C=CC1CCC(C2CCC(c3ccc(OCCCC)c(F)c3F)CC2)CC1,hansen,0,0,0,0,0,0,Train
7469,CCOc1ccccc1C(=O)O,hansen,0,0,0,0,0,0,Train
7470,Nc1ncc(F)cc1Br,hansen,0,0,0,0,0,0,Train
7471,CCCCCC/C=C\CCC(=O)CCCCCCCCC,hansen,0,0,0,0,0,0,Train
7472,COCC1(COC)c2ccccc2-c2ccccc21,hansen,0,0,0,0,0,0,Train
7473,COC(=O)C1=C(C)NC(C)=C(C(=O)O)C1c1cccc([N+](=O)[O-])c1,hansen,0,0,0,0,0,0,Train
7474,C[Si](C)(C)O[C@H](c1ccccc1)[C@H]1CC[C@@H](Cc2ccc(N)cc2)N1,hansen,0,0,0,0,0,0,Train
7475,O=C(Nc1ccc(C[C@@H]2CC[C@H]([C@H](O)c3ccccc3)N2)cc1)[C@@H]1CCc2nccc(=O)n21,hansen,0,0,0,0,0,0,Train
7476,COc1ccc(C(=O)Nc2ccccc2)cc1/N=N/c1c(O)c(C(=O)Nc2cc(C(F)(F)F)ccc2Cl)cc2ccccc12,hansen,0,0,0,0,0,0,Train
7477,CCCCCCCCCCCCCC[PH](CCCCCC)(CCCCCC)CCCCCC,hansen,0,0,0,0,0,0,External
7478,CCCCCCCCOc1ccc(C(=O)OC)cc1,hansen,0,0,0,0,0,0,Train
7479,O=Cc1ccc(Br)nc1,hansen,0,0,0,0,0,0,Train
7480,CS(=O)(=O)n1cc2c(n1)CN(C1COC(c3cc(F)ccc3F)C(N)C1)C2,hansen,0,0,0,0,0,0,Train
7481,CC(COC(=O)c1ccccc1)OC(=O)c1ccccc1,hansen,0,0,0,0,0,0,Train
7482,CC(C)c1nc(CO)c(CO)[nH]1,hansen,0,0,0,0,0,0,Train
7483,CC1=Nc2ccc(C(=O)O)cc2C1(C)C,hansen,0,0,0,0,0,0,Train
7484,CC1(C)O[C@H]2O[C@](CO)(COCc3ccccc3)[C@@H](OCc3ccccc3)[C@H]2O1,hansen,0,0,0,0,0,0,Internal
7485,O=C(CCc1ccc(O)cc1)Nc1ccccc1C(=O)O,hansen,0,0,0,0,0,0,Train
7486,CN(c1ccccc1)c1ccc(C(=O)c2ccc(N(C)c3ccccc3)cc2)cc1,hansen,0,0,0,0,0,0,Train
7487,O=C1OCCC1C1(O)CCCCC1,hansen,0,0,0,0,0,0,Train
7488,Fc1cc(Br)ccc1OC(F)(F)F,hansen,0,0,0,0,0,0,Train
7489,Nc1cc(Br)cnc1N,hansen,0,0,0,0,0,0,Train
7490,CCOC(OCC)(OCC)c1ccccc1,hansen,0,0,0,0,0,0,Train
7491,Nc1cc(C(F)(F)F)ccc1-c1cccnc1,hansen,0,0,0,0,0,0,Train
7492,CC(C)(C)c1ccc(Sc2ccc(C(C)(C)C)cc2)cc1,hansen,0,0,0,0,0,0,Train
7493,O=C1NC(=O)[C@@H](c2cn3c4c(cccc24)CCC3)[C@@H]1c1c[nH]c2ccccc12,hansen,0,0,0,0,0,0,External
7494,COCC(=O)c1ccc(OC(F)(F)F)c(F)c1,hansen,0,0,0,0,0,0,Train
7495,COC(=O)c1ccc(F)cc1C,hansen,0,0,0,0,0,0,Train
7496,COC(=O)c1ccc(C)cc1F,hansen,0,0,0,0,0,0,External
7497,O=C(O)c1cc(F)ccc1F,hansen,0,0,0,0,0,0,Train
7498,O=C1c2ccccc2C(c2ccc(O)cc2)(c2ccc(O)cc2)N1c1ccccc1,hansen,0,0,0,0,0,0,Train
7499,Oc1c2ccccc2c(O)c2ccccc12,hansen,0,0,0,0,0,0,Train
7500,c1ccc(P(c2ccccc2)c2ccccc2Oc2ccccc2P(c2ccccc2)c2ccccc2)cc1,hansen,0,0,0,0,0,0,Train
7501,C=CC(=O)N1CC[C@@H](Oc2nc(Nc3ccc(N4CCC(N5CCN(C)CC5)CC4)cc3)c(C(N)=O)nc2CC)C1,hansen,0,0,0,0,0,0,External
7502,Cc1cc(=O)c2c(O)cc(O)cc2o1,hansen,0,0,0,0,0,0,Train
7503,CCCCC(CC)COc1ccc(Br)cc1,hansen,0,0,0,0,0,0,Internal
7504,O=C1C=C(N(Cc2ccc(Cl)nc2)CC(F)F)CO1,hansen,0,0,0,0,0,0,Train
7505,CC(C)C1CCC(C(C)O)CC1,hansen,0,0,0,0,0,0,Train
7506,OCCSc1cccc(Sc2cccc(SCCO)c2)c1,hansen,0,0,0,0,0,0,Train
7507,C=CSc1ccc(Sc2ccc(SC=C)cc2)cc1,hansen,0,0,0,0,0,0,External
7508,N[C@@H](CC(=O)OCc1ccccc1)C(=O)OCc1ccccc1,hansen,0,0,0,0,0,0,External
7509,O=c1cnc2ncc(Br)cc2[nH]1,hansen,0,0,0,0,0,0,Train
7510,COC(=O)c1cc(Br)cc(NC2CCOCC2)c1C,hansen,0,0,0,0,0,0,Train
7511,Cc1cc(C)c(CN)c(=O)[nH]1,hansen,0,0,0,0,0,0,Train
7512,C=C[C@]1(COCc2ccccc2)O[C@]2(O)[C@H](OC2(C)C)[C@@H]1OCc1ccccc1,hansen,0,0,0,0,0,0,Internal
7513,C=Cc1ccc(CSc2nnc(SC3=C(/C=C/C4=[N+](C)c5ccccc5C4(C)C)CCC/C3=C\C=C3\N(C)c4ccccc4C3(C)C)s2)cc1,hansen,0,0,0,0,0,0,Train
7514,C=C(C)C(=O)OCC(CCCCCCCCCCCC)CCCCCCCCCCCCCC,hansen,0,0,0,0,0,0,External
7515,C=C(C)C(=O)OCC(CCCCCCCCCCCCCC)CCCCCCCCCCCCCCCC,hansen,0,0,0,0,0,0,Train
7516,NC(=O)Cc1c[nH]c2ccccc12,hansen,0,0,0,0,0,0,External
7517,c1cc2c3c(c1)ccn3CCC2,hansen,0,0,0,0,0,0,External
7518,O=C1NC(=O)C(c2cn3c4c(cccc24)CCC3)=C1c1c[nH]c2ccccc12,hansen,0,0,0,0,0,0,Train
7519,COC(=O)c1cnc(Cl)cn1,hansen,0,0,0,0,0,0,Train
7520,CCN(c1cc(Br)cc(C(=O)OC)c1C)C1CCOCC1,hansen,0,0,0,0,0,0,Train
7521,CCN(c1cc(-c2ccc(CN3CCOCC3)cc2)cc(C(=O)OC)c1C)C1CCOCC1,hansen,0,0,0,0,0,0,Train
7522,CCC(COC(=O)Nc1ccccc1)(COC(=O)Nc1ccccc1)COC(=O)Nc1ccccc1,hansen,0,0,0,0,0,0,Internal
7523,O=C(O)[C@@H](Cc1ccccc1)N1C(=O)c2ccccc2C1=O,hansen,0,0,0,0,0,0,External
7524,COC(=O)c1cc(Br)cc(N)c1C,hansen,0,0,0,0,0,0,Internal
7525,CCCCOC(=O)c1ccc2cc(C(=O)OCCCC)ccc2c1,hansen,0,0,0,0,0,0,External
7526,CCCCOC(=O)CCn1c(=O)n(CCC(=O)OCCCC)c(=O)n(CCC(=O)OCCCC)c1=O,hansen,0,0,0,0,0,0,Train
7527,CC1(C)O[C@@H]2[C@H](OCc3ccccc3)[C@](CCO)(COCc3ccccc3)O[C@]21O,hansen,0,0,0,0,0,0,Train
7528,CC(C)N(C)c1cnc2c(n1)OCCNC2,hansen,0,0,0,0,0,0,Train
7529,CCN(c1cc(-c2ccc(CN3CCOCC3)cc2)cc(C(=O)O)c1C)C1CCOCC1,hansen,0,0,0,0,0,0,Train
7530,CCN(c1cc(-c2ccc(CN3CCOCC3)cc2)cc(C(=O)NCc2c(C)cc(C)[nH]c2=O)c1C)C1CCOCC1,hansen,0,0,0,0,0,0,Train
7531,CCCCC(CC)COC(=O)c1ccc(Nc2nc(Nc3ccc(C(=O)OCC(CC)CCCC)cc3)nc(Nc3ccc(C(=O)OCC(CC)CCCC)cc3)n2)cc1,hansen,0,0,0,0,0,0,Train
7532,COCC(C)Oc1cccc(C)c1,hansen,0,0,0,0,0,0,Train
7533,COCC(C)Oc1ccc(C(C)=O)c(C)c1,hansen,0,0,0,0,0,0,Train
7534,COCC(C)Oc1cc(C)ccc1C(C)=O,hansen,0,0,0,0,0,0,Train
7535,COCC(C)Oc1cc(C)ccc1C(=O)O,hansen,0,0,0,0,0,0,Train
7536,CC(C)(C)OC(=O)CC(=O)CC(=O)/C=C/c1c(C2CC2)nc2ccccc2c1-c1ccc(F)cc1,hansen,0,0,0,0,0,0,Internal
7537,CCOC(=O)CC(=O)CC(=O)/C=C/c1c(C2CC2)nc2ccccc2c1-c1ccc(F)cc1,hansen,0,0,0,0,0,0,Train
7538,O=C(C[C@@H]1COc2cc(O)ccc21)N[C@@H](CC(=O)OCc1ccccc1)C(=O)OCc1ccccc1,hansen,0,0,0,0,0,0,External
7539,O=C(C[C@@H]1COc2cc(OC(=O)c3ccc([N+](=O)[O-])cc3)ccc21)N[C@@H](CC(=O)OCc1ccccc1)C(=O)OCc1ccccc1,hansen,0,0,0,0,0,0,Train
7540,Nc1ccc(C(=O)Oc2ccc3c(c2)OC[C@H]3CC(=O)N[C@@H](CC(=O)O)C(=O)O)cc1,hansen,0,0,0,0,0,0,Train
7541,N=C(N)Nc1ccc(C(=O)Oc2ccc3c(c2)OC[C@H]3CC(=O)N[C@@H](CC(=O)O)C(=O)O)cc1,hansen,0,0,0,0,0,0,Train
7542,COC(=O)CC(O)CC(=O)C=Cc1c(-c2ccc(F)cc2)nc(N(C)S(C)(=O)=O)nc1C(C)C,hansen,0,0,0,0,0,0,Internal
7543,C[C@H]1CN(C(=O)OCc2ccccc2)[C@]12CCNC2,hansen,0,0,0,0,0,0,Train
7544,O=C1OC(=O)c2cc(C#Cc3ccc4c(c3)C(=O)OC4=O)ccc21,hansen,0,0,0,0,0,0,Train
7545,CCC1OC(=O)[C@@](C)(F)C(=O)[C@@H](C)[C@@H](O[C@@H]2O[C@H](C)C[C@H](N(C)C)[C@H]2OC(=O)c2ccccc2)[C@](C)(OC)C[C@@H](C)C(=O)[C@H](C)[C@H]2N(CCCCn3cc(C4=CC(N)CC=C4)nn3)C(=O)O[C@]12C,hansen,0,0,0,0,0,0,Train
7546,CC[C@H]1OC(=O)[C@@](C)(F)C(=O)[C@H](C)[C@@H](O[C@@H]2O[C@H](C)C[C@H](N(C)C)[C@H]2O)[C@](C)(OC)C[C@@H](C)C(=O)[C@H](C)[C@H]2N(CCCCn3cc(-c4cccc(N)c4)nn3)C(=O)O[C@]12C,hansen,0,0,0,0,0,0,Train
7547,Oc1ccc2cc(Br)ccc2c1-c1c(O)ccc2cc(Br)ccc12,hansen,0,0,0,0,0,0,Train
7548,Brc1ccc2c3c(ccc2c1)OCOc1ccc2cc(Br)ccc2c1-3,hansen,0,0,0,0,0,0,Train
7549,CCCCOC(=O)/C=C/c1ccc2c3c(ccc2c1)OCOc1ccc2cc(/C=C/C(=O)OCCCC)ccc2c1-3,hansen,0,0,0,0,0,0,Train
7550,CCOC(=O)/C=C/c1ccc2c3c(ccc2c1)OCOc1ccc2cc(/C=C/C(=O)OCC)ccc2c1-3,hansen,0,0,0,0,0,0,Train
7551,Nc1cnc(Oc2ccc(-c3cc(F)cnc3N)cc2)nc1,hansen,0,0,0,0,0,0,External
7552,Nc1ncc(F)cc1-c1ccc(Oc2ncc(NC(=O)Nc3cc(C(F)(F)F)ccc3-c3cccnc3)cn2)cc1,hansen,0,0,0,0,0,0,Internal
7553,Clc1cc2c(nn1)Oc1ccccc1O2,hansen,0,0,0,0,0,0,External
7554,FC(F)(F)c1ccc(/C=C/c2cc3c(nn2)Oc2ccccc2O3)cc1,hansen,0,0,0,0,0,0,Train
7555,FC(F)(F)c1ccc(/C=C/c2cc(OCc3ccccc3)c(OCc3ccccc3)nn2)cc1,hansen,0,0,0,0,0,0,External
7556,Clc1ccc(/C=C/c2ccc(Br)cc2)cc1,hansen,0,0,0,0,0,0,Train
7557,Cc1ccc(N(c2ccc(C)cc2)c2ccc(/C=C/c3ccc(Cl)cc3)cc2)cc1,hansen,0,0,0,0,0,0,Train
7558,CCOc1ccc(N(c2ccc(/C=C/c3ccc(N(c4ccc(C)cc4)c4ccc(C)cc4)cc3)cc2)c2ccc(/C=C/c3ccc(N(c4ccc(C)cc4)c4ccc(C)cc4)cc3)cc2)cc1,hansen,0,0,0,0,0,0,Train
7559,CCCCCCCCOC(=O)CCc1cc(C(C)(C)C)c(O)c(C(C)(C)C)c1,hansen,0,0,0,0,0,0,Train
7560,c1ccc(-c2ccc(-c3nc(-c4ccc(-c5ccccc5)cc4)nc(-c4ccc(-c5ccccc5)cc4)n3)cc2)cc1,hansen,0,0,0,0,0,0,Train
7561,CC(C)(F)C(=O)O,hansen,0,0,0,0,0,0,Train
7562,C#CCCC,hansen,0,0,0,0,0,0,Train
7563,C#CCCCCCCCCCC,hansen,0,0,0,0,0,0,Train
7564,Cc1cc(Nc2ncc(Cl)c(Nc3ccccc3S(=O)(=O)C(C)C)n2)c(OC(C)C)cc1C1CCNCC1,hansen,0,0,0,0,0,0,Train
7565,COc1ccc(CC(C)(C)NC[C@H](O)c2cc(O)cc3c2OCC(=O)N3)cc1,hansen,0,0,0,0,0,0,Train
7566,CCc1ccc(C(C)(C)C(=O)O)cc1I,hansen,0,0,0,0,0,0,Train
7567,CC(=O)Nc1cc(S(=O)(=O)O)c2cccc(S(=O)(=O)O)c2c1,hansen,0,0,0,0,0,0,Internal
7568,C=COCCOC(=O)[C@]12CC3CC(C[C@H](C3)C1)C2,hansen,0,0,0,0,0,0,Train
7569,O=C1CC(O)C(=O)N1C1CCCCC1,hansen,0,0,0,0,0,0,Train
7570,c1ccc(C(c2ccccc2)C2CCCN2)cc1,hansen,0,0,0,0,0,0,Train
7571,CCOC(=O)C[C@@]1(C#N)C[C@H]2CC(CC)=C[C@H]21,hansen,0,0,0,0,0,0,Train
7572,CC(C)(C)OC(=O)NCc1cc([N+](=O)[O-])ccc1N,hansen,0,0,0,0,0,0,Train
7573,Cc1ccc(S(=O)(=O)NC2CCCC2(C)N)cc1,hansen,0,0,0,0,0,0,Train
7574,Cc1ccc(S(=O)(=O)N2C3CCCC32C)cc1,hansen,0,0,0,0,0,0,External
7575,COc1ccc(-c2cc(-c3ccc(OC)cc3)cc(-c3ccc(OC)cc3)c2)cc1,hansen,0,0,0,0,0,0,Train
7576,Oc1ccc(-c2cc(-c3ccc(O)cc3)cc(-c3ccc(O)cc3)c2)cc1,hansen,0,0,0,0,0,0,Train
7577,COc1c(C(C)(C)C)cc(P(=O)(c2cc(C(C)(C)C)c(OC)c(C(C)(C)C)c2)c2ccc3c(c2-c2c(P(=O)(c4cc(C(C)(C)C)c(OC)c(C(C)(C)C)c4)c4cc(C(C)(C)C)c(OC)c(C(C)(C)C)c4)ccc4c2OCO4)OCO3)cc1C(C)(C)C,hansen,0,0,0,0,0,0,Train
7578,Brc1ccc2c(c1)c1ccccc1n2-c1ccc2ccccc2c1,hansen,0,0,0,0,0,0,Internal
7579,c1ccc(-n2c3ccccc3c3cc(-c4ccc5c(c4)c4ccccc4n5-c4ccc5ccccc5c4)ccc32)cc1,hansen,0,0,0,0,0,0,Train
7580,O=C(OCCO)C(F)(F)S(=O)(=O)O,hansen,0,0,0,0,0,0,Train
7581,Cc1cc([S+](c2ccccc2)c2ccccc2)cc(C)c1OCC(=O)OC1(C)[C@H]2C[C@@H]3C[C@@H](C[C@H]1C3)C2,hansen,0,0,0,0,0,0,Train
7582,CC(C)COC(Cc1ccccc1)OCC(C)C,hansen,0,0,0,0,0,0,External
7583,CCCCCCCCCC(=O)OCCc1ccccc1,hansen,0,0,0,0,0,0,Train
7584,CC(C)(C)OC(=O)N[C@H](CO)Cc1ccccc1,hansen,0,0,0,0,0,0,Train
7585,CC(C)(C)OC(=O)N[C@H](C=O)Cc1ccccc1,hansen,0,0,0,0,0,0,External
7586,CC(C)(C)OC(=O)N[C@@H](Cc1ccccc1)C(O)C#N,hansen,0,0,0,0,0,0,Train
7587,CC(C)(C)OC(=O)N[C@@H](Cc1ccccc1)C(O)C(=O)NC1CC1,hansen,0,0,0,0,0,0,External
7588,C=C(c1ccc(C)cc1)c1ccc(C)cc1,hansen,0,0,0,0,0,0,External
7589,CCOP(=O)(CC=C(c1ccc(C)cc1)c1ccc(C)cc1)OCC,hansen,0,0,0,0,0,0,Train
7590,Cc1ccc(C(=C/C=C/c2ccc(Cl)cc2)c2ccc(C)cc2)cc1,hansen,0,0,0,0,0,0,External
7591,COc1ccc(N(c2ccc(/C=C/C=C(c3ccc(C)cc3)c3ccc(C)cc3)cc2)c2ccc(/C=C/C=C(c3ccc(C)cc3)c3ccc(C)cc3)cc2)cc1,hansen,0,0,0,0,0,0,External
7592,CCCCC/C=C\CCC/C=C/CCOCOC,hansen,0,0,0,0,0,0,Train
7593,CC(C)(C)OC(=O)n1cnc(C[C@H](NC(=O)OCC2c3ccccc3-c3ccccc32)C(=O)O)c1,hansen,0,0,0,0,0,0,Train
7594,CC(C)(F)C(=O)Nc1sc(Br)nc1C(N)=O,hansen,0,0,0,0,0,0,Train
7595,CCCCCC/C=C\CCCCCCCC=O,hansen,0,0,0,0,0,0,Train
7596,CCCC/C=C\CCCCCCCCCCCC(OCC)OCC,hansen,0,0,0,0,0,0,External
7597,CCCC/C=C\CCCCCCCCCCCC=O,hansen,0,0,0,0,0,0,Train
7598,O=C(O)CCC(=O)CNC(=O)c1ccccc1,hansen,0,0,0,0,0,0,Train
7599,CCOS(=O)(=O)O,hansen,0,0,0,0,0,0,Train
7600,CC(=O)c1cccc(C(C)=O)c1,hansen,0,0,0,0,0,0,Train
7601,Nc1cc(N)[nH]c(=S)n1,hansen,0,0,0,0,0,0,External
7602,Nc1cc(N)nc(S(=O)O)n1,hansen,0,0,0,0,0,0,Train
7603,Nc1cc(N)ncn1,hansen,0,0,0,0,0,0,Train
7604,CC/C=C\CCCCCCCCCC(OCC)OCC,hansen,0,0,0,0,0,0,Train
7605,O=C1c2ccccc2-c2ccccc2C12c1ccccc1-c1ccccc12,hansen,0,0,0,0,0,0,External
7606,c1ccc2c(c1)c1ccccc1c1c3ccccc3c3ccccc3c21,hansen,0,0,0,0,0,0,Train
7607,CC1(C)Cc2cc3n(c2C1)CCNC3=O,hansen,0,0,0,0,0,0,External
7608,C#CCCCCl,hansen,0,0,0,0,0,0,Train
7609,CCC#CC#CCCCCCCCCCC(OCC)OCC,hansen,0,0,0,0,0,0,External
7610,C=C(C)C(=O)Nc1cccc(B(O)O)c1,hansen,0,0,0,0,0,0,Train
7611,COC(=O)c1cncc(C(=O)OC)c1,hansen,0,0,0,0,0,0,Train
7612,COC(=O)C1CC(C(=O)OC)CN(C(=O)OC(C)(C)C)C1,hansen,0,0,0,0,0,0,External
7613,CCCCCCCC(=O)c1c[nH]c2ccccc12,hansen,0,0,0,0,0,0,Train
7614,CCC/C=C(\C#N)c1ccccc1,hansen,0,0,0,0,0,0,External
7615,Nc1ccccc1NC(=O)Nc1ccccc1,hansen,0,0,0,0,0,0,Train
7616,Nc1ncnc(N)c1I,hansen,0,0,0,0,0,0,Train
7617,CCCCCCCCCCCC(=O)OCC(C)(C)C=NCC1(C)CC(N=CC(C)(C)COC(=O)CCCCCCCCCCC)CC(C)(C)C1,hansen,0,0,0,0,0,0,Train
7618,Cc1cc(C#N)c(Nc2ccccc2[N+](=O)[O-])s1,hansen,0,0,0,0,0,0,External
7619,CCCc1nc(C(C)(C)O)c(C(=O)O)n1Cc1ccc(-c2ccccc2-c2nnnn2C(c2ccccc2)(c2ccccc2)c2ccccc2)cc1,hansen,0,0,0,0,0,0,External
7620,COc1ncnc2c(Br)cn(COCc3ccccc3)c12,hansen,0,0,0,0,0,0,Train
7621,CC1(C)OC2C=NC(CO[Si](C)(C)C(C)(C)C)C2O1,hansen,0,0,0,0,0,0,Train
7622,CCOC(=O)COc1ccc2ccccc2c1-c1c(OCC(=O)OCC)ccc2ccccc12,hansen,0,0,0,0,0,0,External
7623,CC(C(=O)O)N1CCOCC1,hansen,0,0,0,0,0,0,Train
7624,C#CC1(O)CCC2(CC1)OCCO2,hansen,0,0,0,0,0,0,Train
7625,Cc1ccc2c(c1)CC(C)(CO)C2,hansen,0,0,0,0,0,0,Internal
7626,COCN1C(=O)N(COC)C2C1N(COC)C(=O)N2COC,hansen,0,0,0,0,0,0,Train
7627,C[C@H]1C[C@@H]2[C@H]([C@@H](O)C[C@@]3(C)[C@H]2CC[C@]3(O)C(=O)COC(=O)CCC(=O)O)[C@@]2(C)C=CC(=O)C=C12,hansen,0,0,0,0,0,0,Train
7628,CC/C=C\C=C/CCCCCCCCCC=O,hansen,0,0,0,0,0,0,Train
7629,CCc1ccc(C(=O)C(C)(C)Br)cc1,hansen,0,0,0,0,0,0,Train
7630,CCc1ccc(C(C)(C)C(=O)OC)cc1,hansen,0,0,0,0,0,0,Train
7631,CCc1ccc(C(C)(C)C(=O)O)cc1,hansen,0,0,0,0,0,0,Internal
7632,Cc1cc(Br)ccc1I,hansen,0,0,0,0,0,0,External
7633,CN(C)CC[C@H](O)c1cccs1,hansen,0,0,0,0,0,0,Train
7634,Cc1ccc(C(=O)O)cc1F,hansen,0,0,0,0,0,0,Train
7635,O=C(O)c1ccc(C(=O)O)o1,hansen,0,0,0,0,0,0,Train
7636,Cn1cc(B2OC(C)(C)C(C)(C)O2)cn1,hansen,0,0,0,0,0,0,Internal
7637,CC(=O)c1ncc(Cl)cc1Cl,hansen,0,0,0,0,0,0,External
7638,O=C(CBr)c1ncc(Cl)cc1Cl,hansen,0,0,0,0,0,0,Train
7639,CC1(C)CC/C(=C\c2ccc(Cl)cc2)C1(O)Cn1cncn1,hansen,0,0,0,0,0,0,Train
7640,Cc1ccc(S(=O)(=O)n2cccc2)cc1,hansen,0,0,0,0,0,0,Train
7641,CC(=O)c1ccn(S(=O)(=O)c2ccc(C)cc2)c1,hansen,0,0,0,0,0,0,External
7642,Cc1ccc(S(=O)(=O)n2ccc(C(=O)O)c2)cc1,hansen,0,0,0,0,0,0,Train
7643,COC(=O)c1ccn(S(=O)(=O)c2ccc(C)cc2)c1,hansen,0,0,0,0,0,0,Train
7644,CCOc1ccc(S(=O)(=O)O)c2cccnc12,hansen,0,0,0,0,0,0,Train
7645,CCOc1ccc(C(C)=O)c(OCC)c1,hansen,0,0,0,0,0,0,Train
7646,CN(CC[C@H](Oc1cccc2ccccc12)c1cccs1)C(=O)Oc1ccccc1,hansen,0,0,0,0,0,0,Train
7647,Cc1ccc(-c2nc(C#N)[nH]c2Cl)cc1,hansen,0,0,0,0,0,0,Train
7648,O=S(=O)(Oc1ccc2ccccc2c1-c1c(OS(=O)(=O)C(F)(F)F)ccc2ccccc12)C(F)(F)F,hansen,0,0,0,0,0,0,Train
7649,O=Cc1cc(F)cc(F)c1,hansen,0,0,0,0,0,0,Train
7650,O=C(O)c1cc(I)cc(I)c1O,hansen,0,0,0,0,0,0,Internal
7651,CC(C)(C)OC(=O)C=P(c1ccccc1)(c1ccccc1)c1ccccc1,hansen,0,0,0,0,0,0,External
7652,CC(=O)c1cc2c(o1)C(=O)c1ccccc1C2=O,hansen,0,0,0,0,0,0,Train
7653,COc1cccc(Cl)n1,hansen,0,0,0,0,0,0,Train
7654,CCOC(=O)C(Cc1ccccc1)C(=O)OCC,hansen,0,0,0,0,0,0,External
7655,O=C(O)CCCCCN1C(=O)c2ccccc2C1=O,hansen,0,0,0,0,0,0,Train
7656,N#CC1(c2ncccc2F)CC(=O)C1,hansen,0,0,0,0,0,0,Train
7657,Fc1cc(Br)ccc1I,hansen,0,0,0,0,0,0,Train
7658,COC(=O)c1ccc(O)c(O)c1C,hansen,0,0,0,0,0,0,Internal
7659,O=C(c1ccc(O)cc1)C1CC1,hansen,0,0,0,0,0,0,Train
7660,O=C(O)C(O)(c1ccccc1)C1CCCC1,hansen,0,0,0,0,0,0,Train
7661,CC(C)(C)OC(=O)C=C1CC(C(=O)O)C1,hansen,0,0,0,0,0,0,Train
7662,CCOC(=O)C1=C(C)NC(c2ccc(O)c([N+](=O)[O-])c2)S1,hansen,0,0,0,0,0,0,Train
7663,Cc1cc(Cl)nc(Cl)n1,hansen,0,0,0,0,0,0,Train
7664,CNC(=O)C(=O)c1ccccc1,hansen,0,0,0,0,0,0,Train
7665,O=C(O)c1ccc(F)c(F)c1,hansen,0,0,0,0,0,0,Train
7666,CC(=O)OC1=C(C)OC(C)C1=O,hansen,0,0,0,0,0,0,Train
7667,Cc1ncc(O)c(C)n1,hansen,0,0,0,0,0,0,Train
7668,N#CC(F)(C(F)(F)F)C(F)(F)F,hansen,0,0,0,0,0,0,Train
7669,C#CC1CCC(NC(=O)OC(C)(C)C)CC1,hansen,0,0,0,0,0,0,Train
7670,CCCCCN(C)CCC(O)(P(=O)(O)O)P(=O)(O)O,hansen,0,0,0,0,0,0,Train
7671,COCCCCn1c(C(=O)N(CC(C)C)[C@@H]2CNC[C@H](C(=O)N3CCOCC3)C2)nc2ccccc21,hansen,0,0,0,0,0,0,Train
7672,CCCCC(CC)COC(=O)CCc1cc(C(C)(C)C)c(O)c(C(C)(C)C)c1,hansen,0,0,0,0,0,0,Train
7673,CCCC/C=C\CCCCCCCCC/C=C/C=O,hansen,0,0,0,0,0,0,Train
7674,C#CCCCCCCCCC/C=C/CCCC,hansen,0,0,0,0,0,0,External
7675,C/C(=C\c1ccc(C)cc1)CO,hansen,0,0,0,0,0,0,Train
7676,N#CC1(c2ncccc2F)CC(F)C1,hansen,0,0,0,0,0,0,Train
7677,NC(=O)c1ccn(-c2cnc(NCC3(c4ncccc4F)CC(F)C3)nc2)c1,hansen,0,0,0,0,0,0,Train
7678,CC(Cl)OC(=O)Oc1ccc([N+](=O)[O-])cc1,hansen,0,0,0,0,0,0,Train
7679,C=C[C@@H]1C[C@]1(NC(=O)[C@@H]1C[C@@H]2CN1C(=O)[C@H](C(C)(C)C)NC(=O)O[C@@H]1C[C@H]1CCCCCc1nc3ccc(OC)cc3nc1O2)C(=O)NS(=O)(=O)C1CC1,hansen,0,0,0,0,0,0,Train
7680,COC(=O)N[C@H](C(=O)N1CCC[C@H]1c1ncc(-c2ccc3c(c2)O[C@@H](c2ccccc2)n2c-3cc3cc(-c4cnc([C@@H]5CCCN5C(=O)[C@@H](NC(=O)OC)C(C)C)[nH]4)ccc32)[nH]1)C(C)C,hansen,0,0,0,0,0,0,External
7681,Clc1ccc2c(c1)CCc1cccnc1C2=C1CCNCC1,hansen,0,0,0,0,0,0,Train
7682,N#CCc1cccc(F)c1,hansen,0,0,0,0,0,0,Train
7683,Cc1cccc(NC(=O)OC(C)(C)C)n1,hansen,0,0,0,0,0,0,Train
7684,Brc1ccc(-c2ccc(-c3ccccc3)s2)cc1,hansen,0,0,0,0,0,0,Train
7685,CC(C)(C)c1cccc2c1oc1ccccc12,hansen,0,0,0,0,0,0,Train
7686,S=C(SCc1ccccc1)n1cccc1,hansen,0,0,0,0,0,0,Train
7687,COc1ccccc1Oc1c(NS(=O)(=O)c2ccc(C(C)(C)C)cc2)nc(-c2ncccn2)nc1OCCO,hansen,0,0,0,0,0,0,Train
7688,COc1ccccc1Oc1c(Cl)nc(-c2ncccn2)nc1NS(=O)(=O)c1ccc(C(C)(C)C)cc1,hansen,0,0,0,0,0,0,Train
7689,O=C(Cl)Oc1ccc(Cl)cc1,hansen,0,0,0,0,0,0,Train
7690,CCC(=O)c1ccccc1C(F)(F)F,hansen,0,0,0,0,0,0,Train
7691,CC(OC(=O)Oc1ccc([N+](=O)[O-])cc1)OC(=O)C(C)C,hansen,0,0,0,0,0,0,Internal
7692,CCOC(=O)/C(=N\OC(C)(C)C(=O)OC(C)(C)C)c1csc(N)n1,hansen,0,0,0,0,0,0,Train
7693,O=C(CC[C@H]1C(=O)N(c2ccc(F)cc2)[C@@H]1c1ccc(OCc2ccccc2)cc1)c1ccc(F)cc1,hansen,0,0,0,0,0,0,Train
7694,O=C1[C@H](CC[C@H](O)c2ccc(F)cc2)[C@@H](c2ccc(OCc3ccccc3)cc2)N1c1ccc(F)cc1,hansen,0,0,0,0,0,0,External
7695,CC/C=C\CCOC(=O)C(C)=O,hansen,0,0,0,0,0,0,External
7696,Oc1cc(F)cnc1I,hansen,0,0,0,0,0,0,Train
7697,CC/C=C\CCCCCCCCCC=O,hansen,0,0,0,0,0,0,Train
7698,CC(C)ON1C(=O)c2ccccc2C1=O,hansen,0,0,0,0,0,0,Train
7699,CC(C)(c1ccc(OC#N)cc1)c1cccc(C(C)(C)c2ccc(OC#N)cc2)c1,hansen,0,0,0,0,0,0,Train
7700,Cc1ccc(-n2nccn2)c(C(=O)O)c1,hansen,0,0,0,0,0,0,Train
7701,C=CC1(C)CCC(C(=C)C)O1,hansen,0,0,0,0,0,0,External
7702,C=CC1(C)CCC(C(C)(C)OC(C)=O)O1,hansen,0,0,0,0,0,0,Train
7703,COc1cc(Br)c(Br)cc1OC,hansen,0,0,0,0,0,0,External
7704,CC(Br)C(=O)c1ccccc1C(F)(F)F,hansen,0,0,0,0,0,0,Train
7705,CCOC(=O)C1C2CCC(=O)C21,hansen,0,0,0,0,0,0,Train
7706,CC(=O)N1CCN(C(C)=O)CC1,hansen,0,0,0,0,0,0,External
7707,CCCCN(CCCC)CC(O)c1cc(Cl)cc2c1-c1ccc(Cl)cc1/C2=C\c1ccc(Cl)cc1,hansen,0,0,0,0,0,0,Train
7708,Cc1ccc(S(=O)(=O)CI)cc1,hansen,0,0,0,0,0,0,Train
7709,NC(=O)c1ccccc1C(F)(F)F,hansen,0,0,0,0,0,0,Train
7710,C=C[Si](O/N=C(/C)CC(C)C)(O/N=C(\C)CC(C)C)O/N=C(\C)CC(C)C,hansen,0,0,0,0,0,0,External
7711,C=CC(=O)OCCCCCCOc1ccc(C(=O)Oc2ccc(-c3ccc(C#N)cc3)cc2)cc1,hansen,0,0,0,0,0,0,Train
7712,COC(=O)/C(C#N)=C/N(C)C,hansen,0,0,0,0,0,0,Internal
7713,CCOC(=O)C(=O)c1ccc(SC2CC2)cc1,hansen,0,0,0,0,0,0,Train
7714,C/C(=C\c1ccc(C)cc1)CCC=O,hansen,0,0,0,0,0,0,Train
7715,CC(=O)Nc1c(C)cc(C)c(N)c1C,hansen,0,0,0,0,0,0,Train
7716,O=C1c2ccccc2C(=O)N1C[C@H]1CN(Cc2ccccc2)CCO1,hansen,0,0,0,0,0,0,Train
7717,CC(C)(C)OC(=O)N1CCO[C@@H](CN2C(=O)c3ccccc3C2=O)C1,hansen,0,0,0,0,0,0,Train
7718,O=C(O)c1ccc(Br)c(Cl)c1,hansen,0,0,0,0,0,0,External
7719,Fc1ccc(Cl)nc1,hansen,0,0,0,0,0,0,Train
7720,COC(=O)c1cc(C(=O)OC)cc(S(=O)(=O)Cl)c1,hansen,0,0,0,0,0,0,Train
7721,C=CCC(CN)(CC=C)CC=C,hansen,0,0,0,0,0,0,Train
7722,O=C(CCl)N1CCOCC1,hansen,0,0,0,0,0,0,Train
7723,C(=C/c1ccncc1)\c1ccncc1,hansen,0,0,0,0,0,0,Train
7724,c1cc(CCc2ccncc2)ccn1,hansen,0,0,0,0,0,0,Train
7725,O=C(Nc1ccccn1)C(F)(F)F,hansen,0,0,0,0,0,0,Train
7726,O=C(NCCCO)NCCCO,hansen,0,0,0,0,0,0,Train
7727,CCOC(=O)/C=C/c1cc(Br)cs1,hansen,0,0,0,0,0,0,Train
7728,CC12CC3CC(C)(C1)CC(NC=O)(C3)C2,hansen,0,0,0,0,0,0,Train
7729,CC1(C)C2CCC1(CS(=O)(=O)O)C(=O)/C2=C\c1ccc(/C=C2/C(=O)C3(CS(=O)(=O)O)CCC2C3(C)C)cc1,hansen,0,0,0,0,0,0,External
7730,CC(C)(CC(=O)O)c1ccc(Br)cc1F,hansen,0,0,0,0,0,0,Train
7731,CC1(C)CC(=O)c2cc(Br)cc(F)c21,hansen,0,0,0,0,0,0,Train
7732,C=C[C@@H](C)OC/C(=N/O)c1ccccc1F,hansen,0,0,0,0,0,0,Train
7733,C[C@H]1OC[C@]2(c3ccccc3F)NOC[C@H]12,hansen,0,0,0,0,0,0,Train
7734,CCOC(=O)Cc1cnc2ccccn12,hansen,0,0,0,0,0,0,Train
7735,CC(C)(C(=O)O)n1cccn1,hansen,0,0,0,0,0,0,External
7736,CC(C)(C(=O)O)n1cc(Br)cn1,hansen,0,0,0,0,0,0,External
7737,CCOC(=O)C(C)(C)n1cc(Br)cn1,hansen,0,0,0,0,0,0,Train
7738,COc1ccc(/C=C/C2=NN(c3ccccc3)C(c3ccc(OC)cc3)C2)cc1,hansen,0,0,0,0,0,0,External
7739,COC(=O)c1cc[nH]c1,hansen,0,0,0,0,0,0,Train
7740,CCCCCCCCCCCCCCCCCC(=O)OC[C@H](COP(=O)(O)OCCN)OC(=O)CCCCCCCCCCCCCCCCC,hansen,0,0,0,0,0,0,Train
7741,C=CC(=O)OCCOC(=O)NCCCC,hansen,0,0,0,0,0,0,Train
7742,O=Cc1ccc(C(F)(F)F)cc1F,hansen,0,0,0,0,0,0,Internal
7743,C=COCCC(F)(F)C(F)(F)C(F)(F)C(F)(F)C(F)(F)C(F)(F)F,hansen,0,0,0,0,0,0,Train
7744,Cc1ncc(CO)c(CNC(CO)C(=O)O)c1O,hansen,0,0,0,0,0,0,Internal
7745,C=C1CC(C)(C)NC1=O,hansen,0,0,0,0,0,0,Train
7746,Brc1cccc(Br)c1,hansen,0,0,0,0,0,0,Train
7747,Nc1c(Br)cc(Br)cc1C=O,hansen,0,0,0,0,0,0,External
7748,CN(Cc1ccccc1)[C@@H](CO)C(=O)O,hansen,0,0,0,0,0,0,Train
7749,CCOC(=O)c1cncc(Br)c1,hansen,0,0,0,0,0,0,External
7750,CCC(=O)c1cc(Br)ccc1F,hansen,0,0,0,0,0,0,External
7751,C=CC(=O)OCCCCCCCCCCCOc1ccc(C(=O)O)cc1,hansen,0,0,0,0,0,0,Train
7752,O=C1OC[C@@H]2C[C@]12c1cccc(F)c1,hansen,0,0,0,0,0,0,Train
7753,O=C(O)c1ccc(C(=O)OCCO)cc1,hansen,0,0,0,0,0,0,Train
7754,Nc1ccn([C@@H]2O[C@H](CO)[C@@H](O)C2(F)F)c(=O)n1,hansen,0,0,0,0,0,0,Train
7755,C=CC(=O)OCCc1ccccc1,hansen,0,0,0,0,0,0,Train
7756,COC(=O)c1c(O)cccc1O,hansen,0,0,0,0,0,0,Train
7757,Nc1ncnc2n[nH]nc12,hansen,0,0,0,0,0,0,External
7758,COc1cc(F)ccc1O,hansen,0,0,0,0,0,0,Train
7759,CC1(C)S[C@@H]2[C@H](NC(=O)[C@H](N)c3ccc(O)cc3)C(=O)N2[C@H]1C(=O)O,hansen,0,0,0,0,0,0,External
7760,CC1(C)O[C@@H]2[C@@H](CO[C@@]3(COS(N)(=O)=O)OC(C)(C)O[C@@H]23)O1,hansen,0,0,0,0,0,0,Internal
7761,Oc1ccccc1F,hansen,0,0,0,0,0,0,Train
7762,COc1cc(N)c(Cl)cc1C(=O)NC[C@H]1CN(CC2CCN(C(=O)COC(C)=O)CC2)CCO1,hansen,0,0,0,0,0,0,Train
7763,COc1cc(N)c(Cl)cc1C(=O)NC[C@H]1CN(CC2CCN(C(=O)CO)CC2)CCO1,hansen,0,0,0,0,0,0,External
7764,Nc1ccc(F)cn1,hansen,0,0,0,0,0,0,Train
7765,CC(C)(C)c1ccc(C(=O)CCCCl)cc1,hansen,0,0,0,0,0,0,External
7766,N#Cc1ccc2c(c1)COC2=O,hansen,0,0,0,0,0,0,Train
7767,CN(C)CCCC(O)(c1ccc(F)cc1)c1ccc(C#N)cc1CO,hansen,0,0,0,0,0,0,Train
7768,O=C1CCCc2c1cc(C(=O)O)c(=O)n2-c1ccccc1,hansen,0,0,0,0,0,0,Train
7769,c1c[n+](C23CC4CC(CC(C4)C2)C3)cn1C12CC3CC(CC(C3)C1)C2,hansen,0,0,0,0,0,0,Internal
7770,Nc1ccccc1Oc1ccccc1,hansen,0,0,0,0,0,0,Train
7771,COc1cc(C(=O)O)ccc1C,hansen,0,0,0,0,0,0,External
7772,COc1cc(C(N)=O)ccc1C,hansen,0,0,0,0,0,0,External
7773,COc1cc(C#N)ccc1C,hansen,0,0,0,0,0,0,Train
7774,COC(=O)[C@@H]1Cc2ccccc2CN1,hansen,0,0,0,0,0,0,Train
7775,NC(=O)c1cc2ccccc2cn1,hansen,0,0,0,0,0,0,Train
7776,CC(c1ccc(C(F)(F)F)nc1)S(C)(=O)=NC#N,hansen,0,0,0,0,0,0,External
7777,C=CC1(O)CCCC1,hansen,0,0,0,0,0,0,Train
7778,CNCc1cccc2ccccc12,hansen,0,0,0,0,0,0,Train
7779,COP(=O)(NC(C)=O)SC,eurl,0,0,0,0,0,0,Train
7780,CC(N)=O,eurl,0,0,0,0,0,0,Train
7781,CC(=O)O,eurl,0,0,0,0,0,0,Train
7782,CC(C)=NO,eurl,0,0,0,0,0,0,Train
7783,ClC1=C(Cl)[C@]2(Cl)[C@H]3[C@H]([C@@H]4C=C[C@H]3C4)[C@@]1(Cl)C2(Cl)Cl,eurl,0,0,0,0,0,0,External
7784,COc1cc(S(=O)(=O)[O-])c(C)cc1N=Nc1c(O)ccc2cc(S(=O)(=O)[O-])ccc12.[Na+].[Na+],eurl,0,0,0,0,0,0,Train
7785,Cc1[nH]cnc1CN1CCc2c(c3ccccc3n2C)C1=O,eurl,0,0,0,0,0,0,Train
7786,Nn1ccnn1,eurl,0,0,0,0,0,0,Train
7787,CC1(C)SC2C(NC(=O)C(N)c3ccccc3)C(=O)N2C1C(=O)O.O.O.O,eurl,0,0,0,0,0,0,Train
7788,Clc1nc(Cl)nc(Nc2ccccc2Cl)n1,eurl,0,0,0,0,0,0,Train
7789,CCC(=O)CCCCC[C@@H]1NC(=O)[C@H]2CCCCN2C(=O)[C@H]([C@@H](C)CC)NC(=O)[C@H](c2cn(OC)c3ccccc23)NC1=O,eurl,0,0,0,0,0,0,Train
7790,Clc1ccc(-c2ccc(Cl)c(Cl)c2Cl)cc1Cl,eurl,0,0,0,0,0,0,Internal
7791,CC(=O)Oc1ccccc1C(=O)O.CCOc1ccc(NC(C)=O)cc1.Cn1c(=O)c2c(ncn2C)n(C)c1=O,eurl,0,0,0,0,0,0,Train
7792,O=C([O-])c1ccccc1.[Na+],eurl,0,0,0,0,0,0,External
7793,O=C(c1ccccc1)C(O)c1ccccc1,eurl,0,0,0,0,0,0,Train
7794,Cc1ccc(N=Nc2c(O)c(C(=O)[O-])cc3ccccc23)c(S(=O)(=O)[O-])c1.[Na+].[Na+],eurl,0,0,0,0,0,0,Train
7795,ClC1=C(Cl)[C@]2(Cl)C3CC(Cl)C(Cl)C3[C@@]1(Cl)C2(Cl)Cl,eurl,0,0,0,0,0,0,Train
7796,CCOC(=O)C(O)(c1ccc(Cl)cc1)c1ccc(Cl)cc1,eurl,0,0,0,0,0,0,Train
7797,CN(C)CCC(c1ccc(Cl)cc1)c1ccccn1.O=C(O)/C=C\C(=O)O,eurl,0,0,0,0,0,0,Train
7798,CC(=O)C(N=Nc1ccc(-c2ccc(N=NC(C(C)=O)C(=O)Nc3ccccc3)c(Cl)c2)cc1Cl)C(=O)Nc1ccccc1,eurl,0,0,0,0,0,0,External
7799,CC1=C2C(=CO[C@@H](C)[C@@H]2C)C(O)=C(C(=O)O)C1=O,eurl,0,0,0,0,0,0,Train
7800,CCOC(=O)C(C)(C)Oc1ccc(Cl)cc1,eurl,0,0,0,0,0,0,Train
7801,COc1cc2c(c(OC)c1OC)-c1ccc(OC)c(=O)cc1C(NC(C)=O)CC2,eurl,0,0,0,0,0,0,Train
7802,CC1(C)[C@H](C=C(Cl)Cl)[C@H]1C(=O)O[C@@H](C#N)c1cccc(Oc2ccccc2)c1,eurl,0,0,0,0,0,0,Train
7803,Clc1ccc(C(c2ccc(Cl)cc2)C(Cl)Cl)cc1,eurl,0,0,0,0,0,0,Train
7804,N#Cc1c(N)nc(NC2CC2)nc1N,eurl,0,0,0,0,0,0,Train
7805,ClC1=C(Cl)[C@]2(Cl)[C@@H]3[C@@H]4C[C@@H]([C@H]5O[C@@H]45)[C@@H]3[C@@]1(Cl)C2(Cl)Cl,eurl,0,0,0,0,0,0,Train
7806,ClC1=C(Cl)[C@]2(Cl)[C@H]3[C@@H]4C[C@H]([C@H]5O[C@@H]45)[C@@H]3[C@]1(Cl)C2(Cl)Cl,eurl,0,0,0,0,0,0,Train
7807,C[C@@]12CC[C@H]3c4ccc(O)cc4CC[C@@H]3[C@H]1CC[C@H]2O,eurl,0,0,0,0,0,0,Train
7808,O.O.O=C([O-])CN(CCN(CC(=O)[O-])CC(=O)O)CC(=O)[O-].[Na+].[Na+].[Na+],eurl,0,0,0,0,0,0,Train
7809,CN[C@H](C)[C@@H](O)c1ccccc1.CN[C@H](C)[C@@H](O)c1ccccc1.O=S(=O)(O)O,eurl,0,0,0,0,0,0,External
7810,CC[C@@H]1OC(=O)[C@@H](C)[C@H](O[C@@H]2C[C@](C)(OC)[C@H](O)[C@@H](C)O2)[C@@H](C)[C@H](O[C@H]2O[C@@H](C)C[C@@H](N(C)C)[C@@H]2O)[C@@](C)(O)C[C@H](C)C(=O)[C@@H](C)[C@H](O)[C@@]1(C)O,eurl,0,0,0,0,0,0,Train
7811,C#C[C@@]1(O)CC[C@@H]2[C@H]3CCc4cc(O)ccc4[C@@H]3CC[C@]21C,eurl,0,0,0,0,0,0,Train
7812,O=C1OC2(c3ccccc31)c1cc(I)c([O-])c(I)c1Oc1c2cc(I)c([O-])c1I.[Na+].[Na+],eurl,0,0,0,0,0,0,Train
7813,C[C@@]1(O)CC[C@@H]2[C@H]3CCC4=CC(=O)CC[C@@]4(C)[C@]3(F)[C@H](O)C[C@]21C,eurl,0,0,0,0,0,0,Internal
7814,CC(C)n1c(/C=C/[C@@H](O)C[C@@H](O)CC(=O)O)c(-c2ccc(F)cc2)c2ccccc21,eurl,0,0,0,0,0,0,Train
7815,Cl.Cl.OCCN1CCN(CCCN2c3ccccc3Sc3ccc(C(F)(F)F)cc32)CC1,eurl,0,0,0,0,0,0,Train
7816,CCO[PH](=O)[O][Al]([O][PH](=O)OCC)[O][PH](=O)OCC,eurl,0,0,0,0,0,0,Train
7817,CCCC(C)CC(OC(=O)CC(CC(=O)O)C(=O)O)C(CC(C)CC(O)CCCCC(O)CC(O)C(C)N)OC(=O)CC(CC(=O)O)C(=O)O,eurl,0,0,0,0,0,0,Train
7818,CCOP(=O)(Sc1ccccc1)Sc1ccccc1,eurl,0,0,0,0,0,0,Train
7819,O=C1[C@]2(Cl)[C@@]3(Cl)[C@]4(Cl)C(Cl)(Cl)[C@@]5(Cl)[C@](Cl)([C@]1(Cl)[C@@]53Cl)[C@@]24Cl,eurl,0,0,0,0,0,0,Train
7820,CC(=O)[O][Pb][O]C(C)=O,eurl,0,0,0,0,0,0,Train
7821,C[C@@H](CCC(=O)O)[C@@H]1CC[C@@H]2[C@H]3CC[C@H]4C[C@@H](O)CC[C@@]4(C)[C@@H]3CC[C@]21C,eurl,0,0,0,0,0,0,Train
7822,OC[C@H](O)[C@H](O)[C@@H](O)[C@@H](O)CO,eurl,0,0,0,0,0,0,Train
7823,Sc1nc2ccccc2s1,eurl,0,0,0,0,0,0,Train
7824,COc1nn(CSP(=S)(OC)OC)c(=O)s1,eurl,0,0,0,0,0,0,Train
7825,COc1ccc(C(c2ccc(OC)cc2)C(Cl)(Cl)Cl)cc1,eurl,0,0,0,0,0,0,Train
7826,COC(=O)C(c1ccccc1)C1CCCCN1.Cl,eurl,0,0,0,0,0,0,Train
7827,ClC1(Cl)[C@]2(Cl)[C@@]3(Cl)[C@]4(Cl)C(Cl)(Cl)[C@@]5(Cl)[C@](Cl)([C@]1(Cl)[C@@]53Cl)[C@@]24Cl,eurl,0,0,0,0,0,0,External
7828,O.O.O.O.O.O.O=S(=O)([O-])[O-].[Ni+2],eurl,0,0,0,0,0,0,Internal
7829,O.O=C([O-])CN(CC(=O)[O-])CC(=O)[O-].[Na+].[Na+].[Na+],eurl,0,0,0,0,0,0,Internal
7830,C[C@@H]1Cc2c(Cl)cc(C(=O)N[C@@H](Cc3ccccc3)C(=O)O)c(O)c2C(=O)O1,eurl,0,0,0,0,0,0,Train
7831,COc1cc(/C=C/C(=O)O[C@@H]2CC[C@@]34CC35CC[C@@]3(C)[C@H](C(C)CCC=C(C)C)CC[C@]3(C)C5CCC4C2(C)C)ccc1O,eurl,0,0,0,0,0,0,External
7832,C[C@@]12C/C(=C\O)C(=O)C[C@H]1CC[C@H]1[C@H]2CC[C@]2(C)[C@@H]1CC[C@@]2(C)O,eurl,0,0,0,0,0,0,External
7833,O=C1C=C2C(=CCOC2O)O1,eurl,0,0,0,0,0,0,Internal
7834,Cl.N=C(N)NC(=N)NCCc1ccccc1,eurl,0,0,0,0,0,0,Train
7835,CC(=O)[C@@H]1CC[C@@H]2[C@H]3CCC4=CC(=O)CC[C@@]4(C)[C@@H]3CC[C@]21C,eurl,0,0,0,0,0,0,Internal
7836,CCc1nc(N)nc(N)c1-c1ccc(Cl)cc1,eurl,0,0,0,0,0,0,External
7837,COC(=O)[C@H]1[C@H]2C[C@@H]3c4[nH]c5cc(OC)ccc5c4CCN3C[C@H]2C[C@@H](OC(=O)c2cc(OC)c(OC)c(OC)c2)[C@@H]1OC,eurl,0,0,0,0,0,0,Train
7838,CCCN(CCC)CCc1cccc2c1CC(=O)N2,eurl,0,0,0,0,0,0,Train
7839,[2H]C([2H])([2H])N(c1nc(-c2ccc(F)cc2)c(/C=C/[C@@H](O)C[C@@H](O)CC(=O)[O-])c(C(C)C)n1)S(C)(=O)=O.[Na+],eurl,0,0,0,0,0,0,Train
7840,C=C(C)[C@@H]1Cc2c(ccc3c2O[C@H]2COc4cc(OC)c(OC)cc4[C@H]2C3=O)O1,eurl,0,0,0,0,0,0,Internal
7841,O=S1(=O)N=C([O-])c2ccccc21.[Na+],eurl,0,0,0,0,0,0,Internal
7842,O=C(O)c1cc(N=Nc2ccc(S(=O)(=O)Nc3ccccn3)cc2)ccc1O,eurl,0,0,0,0,0,0,Train
7843,CC(=O)c1c([O-])cc(C)oc1=O.[Na+],eurl,0,0,0,0,0,0,Internal
7844,O=C([O-])Cc1ccccc1Nc1c(Cl)cccc1Cl.[Na+],eurl,0,0,0,0,0,0,Train
7845,O=[As][O-].[Na+],eurl,0,0,0,0,0,0,Train
7846,[F-].[Na+],eurl,0,0,0,0,0,0,Train
7847,CCOP(=S)(OCC)SCSP(=S)(OCC)OCC,eurl,0,0,0,0,0,0,External
7848,CC(N)=S,eurl,0,0,0,0,0,0,Internal
7849,Cc1ccc(O)c([C@@H](CCN(C(C)C)C(C)C)c2ccccc2)c1,eurl,0,0,0,0,0,0,Train
7850,Cc1cccc(N)c1.Cl,eurl,0,0,0,0,0,0,Train
7851,CN(C)CCOc1ccc(/C(=C(/CCCl)c2ccccc2)c2ccccc2)cc1,eurl,0,0,0,0,0,0,Internal
7852,Cc1ccc(OP(=O)(Oc2ccc(C)cc2)Oc2ccc(C)cc2)cc1.Cc1cccc(OP(=O)(Oc2cccc(C)c2)Oc2cccc(C)c2)c1.Cc1ccccc1OP(=O)(Oc1ccccc1C)Oc1ccccc1C,eurl,0,0,0,0,0,0,Train
7853,CC1(C)O[C@H]2[C@H](CO[C@]3(COS(N)(=O)=O)OC(C)(C)O[C@H]23)O1,eurl,0,0,0,0,0,0,Train
7854,CC[C@]1(O)C[C@H]2CN(CCc3c([nH]c4ccccc34)[C@@](C(=O)OC)(c3cc4c(cc3OC)N(C)[C@H]3[C@@](O)(C(=O)OC)[C@H](OC(C)=O)[C@]5(CC)C=CCN6CC[C@]43[C@@H]65)C2)C1.O=S(=O)(O)O,eurl,0,0,0,0,0,0,Train
7855,COc1cc(C(=O)NS(=O)(=O)c2ccccc2C)ccc1Cc1cn(C)c2ccc(NC(=O)OC3CCCC3)cc12,eurl,0,0,0,0,0,0,External
7856,O=S(=O)([O-])[O-].[Zn+2],eurl,0,0,0,0,0,0,Train
7857,NS(=O)(=O)Cc1noc2ccccc12,eurl,0,0,0,0,0,0,Train
7858,Cc1cccc(Nc2cc(Cl)nc(SCC(=O)O)n2)c1C,eurl,0,0,0,0,0,0,Train
